id,neighborhood,room_type,price,rating,review_text
1,Parramatta,Entire home/apt,302.19,3.7,"Basic room, clean but tiny. The host was very friendly."
2,Manly,Entire home/apt,779.21,4.6,"A lovely, quiet neighborhood perfect for families. Close to the beach."
3,Newtown,Entire home/apt,640.33,4.4,"Terrible experience, the place was dirty and loud."
4,Newtown,Private room,783.66,4.1,"A lovely, quiet neighborhood perfect for families. Close to the beach."
5,Darlinghurst,Shared room,549.62,3.7,"Quiet and peaceful, the perfect romantic getaway."
6,Bondi,Entire home/apt,717.48,3.9,"Basic room, clean but tiny. The host was very friendly."
7,Darlinghurst,Shared room,327.39,3.7,"Quiet and peaceful, the perfect romantic getaway."
8,Bondi,Shared room,312.89,4.0,"Terrible experience, the place was dirty and loud."
9,Manly,Shared room,152.1,4.9,Luxury villa with a pool and ocean views. Incredible experience.
10,Bondi,Entire home/apt,783.36,3.4,"A lovely, quiet neighborhood perfect for families. Close to the beach."
11,Surry Hills,Private room,745.36,2.6,"Basic room, clean but tiny. The host was very friendly."
12,Newtown,Entire home/apt,619.86,3.8,"Basic room, clean but tiny. The host was very friendly."
13,Darlinghurst,Entire home/apt,286.53,3.0,"A lovely, quiet neighborhood perfect for families. Close to the beach."
14,Darlinghurst,Entire home/apt,111.13,2.5,"Very noisy and bustling, great for nightlife but hard to sleep."
15,Manly,Private room,722.6,2.6,"A lovely, quiet neighborhood perfect for families. Close to the beach."
16,Surry Hills,Private room,782.14,4.0,"Terrible experience, the place was dirty and loud."
17,Parramatta,Entire home/apt,94.05,4.4,"A lovely, quiet neighborhood perfect for families. Close to the beach."
18,Newtown,Private room,581.47,3.5,"A lovely, quiet neighborhood perfect for families. Close to the beach."
19,Bondi,Private room,455.95,4.8,Extremely clean and modern apartment with high-speed wifi.
20,Parramatta,Private room,716.06,2.5,A bit outdated but very affordable and cozy.
21,Surry Hills,Private room,519.9,2.7,Extremely clean and modern apartment with high-speed wifi.
22,Bondi,Entire home/apt,391.82,3.6,Luxury villa with a pool and ocean views. Incredible experience.
23,Manly,Shared room,322.82,4.6,"A lovely, quiet neighborhood perfect for families. Close to the beach."
24,Parramatta,Private room,458.85,4.8,"A lovely, quiet neighborhood perfect for families. Close to the beach."
25,Newtown,Private room,331.03,4.9,"Very noisy and bustling, great for nightlife but hard to sleep."
26,Darlinghurst,Shared room,54.17,2.8,"A lovely, quiet neighborhood perfect for families. Close to the beach."
27,Darlinghurst,Private room,163.91,4.8,"Very noisy and bustling, great for nightlife but hard to sleep."
28,Bondi,Shared room,367.64,5.0,"Very noisy and bustling, great for nightlife but hard to sleep."
29,Darlinghurst,Entire home/apt,525.55,2.7,"Quiet and peaceful, the perfect romantic getaway."
30,Newtown,Entire home/apt,396.8,3.8,A bit outdated but very affordable and cozy.
31,Newtown,Shared room,506.92,3.9,Extremely clean and modern apartment with high-speed wifi.
32,Darlinghurst,Entire home/apt,239.27,3.2,"Terrible experience, the place was dirty and loud."
33,Parramatta,Shared room,726.13,4.7,"Very noisy and bustling, great for nightlife but hard to sleep."
34,Bondi,Entire home/apt,676.97,3.1,Extremely clean and modern apartment with high-speed wifi.
35,Manly,Private room,726.77,4.6,Luxury villa with a pool and ocean views. Incredible experience.
36,Newtown,Shared room,167.1,3.5,"Very noisy and bustling, great for nightlife but hard to sleep."
37,Manly,Private room,324.5,2.6,"A lovely, quiet neighborhood perfect for families. Close to the beach."
38,Parramatta,Entire home/apt,351.93,4.9,A bit outdated but very affordable and cozy.
39,Surry Hills,Shared room,632.78,3.8,"A lovely, quiet neighborhood perfect for families. Close to the beach."
40,Newtown,Shared room,296.21,3.4,"Terrible experience, the place was dirty and loud."
41,Bondi,Shared room,785.29,3.5,"Very noisy and bustling, great for nightlife but hard to sleep."
42,Manly,Private room,674.61,4.7,Luxury villa with a pool and ocean views. Incredible experience.
43,Manly,Private room,612.5,2.7,Luxury villa with a pool and ocean views. Incredible experience.
44,Surry Hills,Private room,777.31,4.8,"A lovely, quiet neighborhood perfect for families. Close to the beach."
45,Parramatta,Private room,244.77,3.9,"Terrible experience, the place was dirty and loud."
46,Newtown,Shared room,375.78,3.1,"Terrible experience, the place was dirty and loud."
47,Bondi,Entire home/apt,514.29,2.9,"Very noisy and bustling, great for nightlife but hard to sleep."
48,Bondi,Entire home/apt,455.47,3.0,"A lovely, quiet neighborhood perfect for families. Close to the beach."
49,Parramatta,Shared room,290.79,3.6,A bit outdated but very affordable and cozy.
50,Surry Hills,Shared room,519.94,4.1,"Quiet and peaceful, the perfect romantic getaway."
51,Darlinghurst,Private room,699.57,2.7,"A lovely, quiet neighborhood perfect for families. Close to the beach."
52,Parramatta,Shared room,531.81,4.9,"Very noisy and bustling, great for nightlife but hard to sleep."
53,Newtown,Private room,290.42,4.4,"A lovely, quiet neighborhood perfect for families. Close to the beach."
54,Surry Hills,Entire home/apt,246.3,3.0,Extremely clean and modern apartment with high-speed wifi.
55,Surry Hills,Shared room,269.61,3.2,Extremely clean and modern apartment with high-speed wifi.
56,Newtown,Private room,350.88,4.9,"Quiet and peaceful, the perfect romantic getaway."
57,Surry Hills,Private room,701.0,4.9,"Terrible experience, the place was dirty and loud."
58,Manly,Shared room,378.73,4.2,"Basic room, clean but tiny. The host was very friendly."
59,Darlinghurst,Shared room,517.79,2.6,"Terrible experience, the place was dirty and loud."
60,Manly,Entire home/apt,436.3,4.6,A bit outdated but very affordable and cozy.
61,Darlinghurst,Private room,732.42,3.0,A bit outdated but very affordable and cozy.
62,Surry Hills,Shared room,229.58,2.6,"Basic room, clean but tiny. The host was very friendly."
63,Newtown,Shared room,396.68,2.7,"Very noisy and bustling, great for nightlife but hard to sleep."
64,Bondi,Private room,755.63,4.2,Luxury villa with a pool and ocean views. Incredible experience.
65,Manly,Private room,549.62,3.7,"Basic room, clean but tiny. The host was very friendly."
66,Parramatta,Entire home/apt,533.58,4.3,Extremely clean and modern apartment with high-speed wifi.
67,Newtown,Entire home/apt,600.51,4.0,Luxury villa with a pool and ocean views. Incredible experience.
68,Darlinghurst,Private room,514.82,3.1,"Quiet and peaceful, the perfect romantic getaway."
69,Bondi,Entire home/apt,569.89,3.7,"Very noisy and bustling, great for nightlife but hard to sleep."
70,Darlinghurst,Shared room,151.15,4.6,"Basic room, clean but tiny. The host was very friendly."
71,Darlinghurst,Shared room,515.85,2.8,"A lovely, quiet neighborhood perfect for families. Close to the beach."
72,Darlinghurst,Private room,192.97,4.6,Extremely clean and modern apartment with high-speed wifi.
73,Surry Hills,Shared room,516.1,4.5,"Terrible experience, the place was dirty and loud."
74,Parramatta,Entire home/apt,790.69,3.3,Luxury villa with a pool and ocean views. Incredible experience.
75,Manly,Entire home/apt,343.71,4.8,"Quiet and peaceful, the perfect romantic getaway."
76,Manly,Shared room,651.48,3.0,"Quiet and peaceful, the perfect romantic getaway."
77,Surry Hills,Entire home/apt,653.0,3.3,"Very noisy and bustling, great for nightlife but hard to sleep."
78,Bondi,Entire home/apt,640.95,2.9,"A lovely, quiet neighborhood perfect for families. Close to the beach."
79,Darlinghurst,Entire home/apt,419.0,2.7,"Terrible experience, the place was dirty and loud."
80,Parramatta,Shared room,170.73,3.6,"A lovely, quiet neighborhood perfect for families. Close to the beach."
81,Bondi,Private room,426.76,3.6,"Basic room, clean but tiny. The host was very friendly."
82,Parramatta,Entire home/apt,668.74,3.0,"A lovely, quiet neighborhood perfect for families. Close to the beach."
83,Parramatta,Shared room,727.37,3.0,Luxury villa with a pool and ocean views. Incredible experience.
84,Bondi,Shared room,228.46,3.8,A bit outdated but very affordable and cozy.
85,Manly,Private room,110.64,2.7,"Basic room, clean but tiny. The host was very friendly."
86,Newtown,Shared room,562.27,4.4,"Very noisy and bustling, great for nightlife but hard to sleep."
87,Parramatta,Entire home/apt,687.06,3.5,Extremely clean and modern apartment with high-speed wifi.
88,Bondi,Entire home/apt,141.35,5.0,"Very noisy and bustling, great for nightlife but hard to sleep."
89,Newtown,Shared room,237.1,4.9,"A lovely, quiet neighborhood perfect for families. Close to the beach."
90,Manly,Entire home/apt,328.37,4.3,A bit outdated but very affordable and cozy.
91,Manly,Private room,220.24,4.6,"A lovely, quiet neighborhood perfect for families. Close to the beach."
92,Newtown,Private room,464.48,3.2,"Quiet and peaceful, the perfect romantic getaway."
93,Darlinghurst,Entire home/apt,770.11,4.4,"A lovely, quiet neighborhood perfect for families. Close to the beach."
94,Surry Hills,Private room,716.79,2.9,"Basic room, clean but tiny. The host was very friendly."
95,Newtown,Shared room,767.12,3.6,Luxury villa with a pool and ocean views. Incredible experience.
96,Newtown,Private room,553.72,2.6,"Quiet and peaceful, the perfect romantic getaway."
97,Newtown,Private room,63.05,3.5,A bit outdated but very affordable and cozy.
98,Bondi,Private room,435.24,3.5,"A lovely, quiet neighborhood perfect for families. Close to the beach."
99,Darlinghurst,Private room,782.82,4.4,"Terrible experience, the place was dirty and loud."
100,Surry Hills,Entire home/apt,56.52,4.7,"Terrible experience, the place was dirty and loud."
101,Parramatta,Private room,141.65,4.0,"A lovely, quiet neighborhood perfect for families. Close to the beach."
102,Bondi,Entire home/apt,345.68,2.6,"Quiet and peaceful, the perfect romantic getaway."
103,Newtown,Shared room,630.01,4.2,Extremely clean and modern apartment with high-speed wifi.
104,Parramatta,Private room,483.26,4.0,"Very noisy and bustling, great for nightlife but hard to sleep."
105,Manly,Shared room,780.08,4.3,"A lovely, quiet neighborhood perfect for families. Close to the beach."
106,Surry Hills,Shared room,547.37,3.7,"Terrible experience, the place was dirty and loud."
107,Parramatta,Private room,598.64,4.7,"Very noisy and bustling, great for nightlife but hard to sleep."
108,Darlinghurst,Shared room,709.21,3.1,"Very noisy and bustling, great for nightlife but hard to sleep."
109,Parramatta,Private room,131.84,3.2,"Quiet and peaceful, the perfect romantic getaway."
110,Parramatta,Shared room,719.61,2.8,"Basic room, clean but tiny. The host was very friendly."
111,Bondi,Private room,452.28,2.7,Extremely clean and modern apartment with high-speed wifi.
112,Manly,Shared room,494.29,2.9,"Quiet and peaceful, the perfect romantic getaway."
113,Newtown,Entire home/apt,334.86,4.5,A bit outdated but very affordable and cozy.
114,Darlinghurst,Shared room,540.52,3.8,Luxury villa with a pool and ocean views. Incredible experience.
115,Parramatta,Entire home/apt,303.04,3.7,"A lovely, quiet neighborhood perfect for families. Close to the beach."
116,Manly,Entire home/apt,163.01,3.1,"Quiet and peaceful, the perfect romantic getaway."
117,Darlinghurst,Shared room,413.21,4.6,"Very noisy and bustling, great for nightlife but hard to sleep."
118,Newtown,Shared room,614.03,4.1,Luxury villa with a pool and ocean views. Incredible experience.
119,Parramatta,Entire home/apt,285.82,3.8,"A lovely, quiet neighborhood perfect for families. Close to the beach."
120,Newtown,Shared room,119.16,4.0,Extremely clean and modern apartment with high-speed wifi.
121,Surry Hills,Private room,431.34,2.7,Extremely clean and modern apartment with high-speed wifi.
122,Newtown,Private room,274.4,4.3,Luxury villa with a pool and ocean views. Incredible experience.
123,Manly,Shared room,93.59,3.4,A bit outdated but very affordable and cozy.
124,Manly,Entire home/apt,605.28,4.9,"Very noisy and bustling, great for nightlife but hard to sleep."
125,Parramatta,Private room,389.16,3.7,Luxury villa with a pool and ocean views. Incredible experience.
126,Darlinghurst,Private room,689.59,3.8,"Terrible experience, the place was dirty and loud."
127,Surry Hills,Private room,152.62,3.8,"Terrible experience, the place was dirty and loud."
128,Bondi,Shared room,107.36,3.9,Extremely clean and modern apartment with high-speed wifi.
129,Bondi,Shared room,584.06,3.2,"A lovely, quiet neighborhood perfect for families. Close to the beach."
130,Darlinghurst,Shared room,181.6,4.8,"Quiet and peaceful, the perfect romantic getaway."
131,Manly,Entire home/apt,767.28,4.4,"A lovely, quiet neighborhood perfect for families. Close to the beach."
132,Parramatta,Shared room,365.79,3.5,"Basic room, clean but tiny. The host was very friendly."
133,Surry Hills,Shared room,616.78,4.5,Luxury villa with a pool and ocean views. Incredible experience.
134,Darlinghurst,Private room,461.92,3.3,Luxury villa with a pool and ocean views. Incredible experience.
135,Parramatta,Private room,393.23,3.7,"Quiet and peaceful, the perfect romantic getaway."
136,Surry Hills,Private room,333.76,4.8,"A lovely, quiet neighborhood perfect for families. Close to the beach."
137,Newtown,Entire home/apt,414.81,4.8,Extremely clean and modern apartment with high-speed wifi.
138,Manly,Private room,106.06,5.0,"Very noisy and bustling, great for nightlife but hard to sleep."
139,Surry Hills,Entire home/apt,610.11,2.6,Extremely clean and modern apartment with high-speed wifi.
140,Manly,Shared room,605.98,3.6,"Very noisy and bustling, great for nightlife but hard to sleep."
141,Surry Hills,Shared room,388.24,2.8,"Very noisy and bustling, great for nightlife but hard to sleep."
142,Manly,Entire home/apt,764.92,3.3,Extremely clean and modern apartment with high-speed wifi.
143,Darlinghurst,Entire home/apt,583.92,4.7,"Very noisy and bustling, great for nightlife but hard to sleep."
144,Manly,Entire home/apt,228.53,4.2,A bit outdated but very affordable and cozy.
145,Newtown,Private room,497.0,3.5,Luxury villa with a pool and ocean views. Incredible experience.
146,Bondi,Private room,139.8,4.5,"A lovely, quiet neighborhood perfect for families. Close to the beach."
147,Surry Hills,Private room,278.77,2.7,A bit outdated but very affordable and cozy.
148,Bondi,Entire home/apt,343.82,3.3,"Basic room, clean but tiny. The host was very friendly."
149,Surry Hills,Shared room,514.88,3.4,"A lovely, quiet neighborhood perfect for families. Close to the beach."
150,Bondi,Entire home/apt,301.77,2.5,"Terrible experience, the place was dirty and loud."
151,Parramatta,Entire home/apt,168.71,4.1,Luxury villa with a pool and ocean views. Incredible experience.
152,Parramatta,Private room,56.37,2.7,"Terrible experience, the place was dirty and loud."
153,Darlinghurst,Entire home/apt,140.54,2.6,"Quiet and peaceful, the perfect romantic getaway."
154,Bondi,Entire home/apt,588.54,4.7,Luxury villa with a pool and ocean views. Incredible experience.
155,Surry Hills,Shared room,189.86,3.4,A bit outdated but very affordable and cozy.
156,Darlinghurst,Entire home/apt,360.96,3.2,Extremely clean and modern apartment with high-speed wifi.
157,Manly,Entire home/apt,369.78,4.8,"Basic room, clean but tiny. The host was very friendly."
158,Darlinghurst,Entire home/apt,151.75,4.8,A bit outdated but very affordable and cozy.
159,Parramatta,Private room,595.09,3.3,"A lovely, quiet neighborhood perfect for families. Close to the beach."
160,Manly,Shared room,334.81,5.0,Luxury villa with a pool and ocean views. Incredible experience.
161,Darlinghurst,Entire home/apt,267.13,4.4,"Terrible experience, the place was dirty and loud."
162,Surry Hills,Entire home/apt,191.12,3.7,Luxury villa with a pool and ocean views. Incredible experience.
163,Parramatta,Entire home/apt,65.33,4.7,"Quiet and peaceful, the perfect romantic getaway."
164,Newtown,Shared room,747.18,2.5,"Terrible experience, the place was dirty and loud."
165,Newtown,Entire home/apt,366.68,3.3,"Terrible experience, the place was dirty and loud."
166,Darlinghurst,Private room,255.48,3.8,"A lovely, quiet neighborhood perfect for families. Close to the beach."
167,Manly,Entire home/apt,441.89,3.3,Extremely clean and modern apartment with high-speed wifi.
168,Newtown,Private room,228.89,2.6,"A lovely, quiet neighborhood perfect for families. Close to the beach."
169,Surry Hills,Private room,524.48,2.9,"A lovely, quiet neighborhood perfect for families. Close to the beach."
170,Manly,Shared room,694.58,3.5,"A lovely, quiet neighborhood perfect for families. Close to the beach."
171,Newtown,Private room,521.93,2.8,"Terrible experience, the place was dirty and loud."
172,Manly,Private room,208.35,4.6,"Very noisy and bustling, great for nightlife but hard to sleep."
173,Surry Hills,Entire home/apt,649.98,2.5,"Basic room, clean but tiny. The host was very friendly."
174,Bondi,Private room,144.47,3.4,"Basic room, clean but tiny. The host was very friendly."
175,Darlinghurst,Entire home/apt,696.85,3.5,"A lovely, quiet neighborhood perfect for families. Close to the beach."
176,Surry Hills,Shared room,75.12,3.3,A bit outdated but very affordable and cozy.
177,Surry Hills,Entire home/apt,534.61,3.9,"Very noisy and bustling, great for nightlife but hard to sleep."
178,Surry Hills,Entire home/apt,218.47,4.9,Extremely clean and modern apartment with high-speed wifi.
179,Darlinghurst,Shared room,403.88,4.7,"Terrible experience, the place was dirty and loud."
180,Darlinghurst,Private room,647.02,2.8,"Basic room, clean but tiny. The host was very friendly."
181,Newtown,Private room,782.01,3.1,"Basic room, clean but tiny. The host was very friendly."
182,Bondi,Entire home/apt,101.02,4.1,"Very noisy and bustling, great for nightlife but hard to sleep."
183,Newtown,Private room,435.72,3.6,"Quiet and peaceful, the perfect romantic getaway."
184,Manly,Private room,456.53,3.0,"Terrible experience, the place was dirty and loud."
185,Parramatta,Private room,335.24,3.6,Luxury villa with a pool and ocean views. Incredible experience.
186,Surry Hills,Private room,517.88,3.3,"Basic room, clean but tiny. The host was very friendly."
187,Surry Hills,Private room,763.45,3.2,"Very noisy and bustling, great for nightlife but hard to sleep."
188,Surry Hills,Entire home/apt,556.52,5.0,A bit outdated but very affordable and cozy.
189,Parramatta,Entire home/apt,91.38,2.8,Extremely clean and modern apartment with high-speed wifi.
190,Surry Hills,Shared room,678.58,3.2,"Very noisy and bustling, great for nightlife but hard to sleep."
191,Parramatta,Entire home/apt,92.16,2.9,Extremely clean and modern apartment with high-speed wifi.
192,Manly,Shared room,692.59,3.2,"Quiet and peaceful, the perfect romantic getaway."
193,Darlinghurst,Private room,604.97,4.5,Extremely clean and modern apartment with high-speed wifi.
194,Manly,Private room,492.54,3.4,"A lovely, quiet neighborhood perfect for families. Close to the beach."
195,Surry Hills,Private room,409.9,3.0,A bit outdated but very affordable and cozy.
196,Bondi,Private room,375.53,3.2,"Terrible experience, the place was dirty and loud."
197,Bondi,Private room,206.57,2.5,"Terrible experience, the place was dirty and loud."
198,Darlinghurst,Shared room,347.03,2.6,Extremely clean and modern apartment with high-speed wifi.
199,Darlinghurst,Shared room,188.55,4.8,"A lovely, quiet neighborhood perfect for families. Close to the beach."
200,Bondi,Private room,401.86,2.6,"Very noisy and bustling, great for nightlife but hard to sleep."
201,Surry Hills,Shared room,134.99,3.7,"Basic room, clean but tiny. The host was very friendly."
202,Manly,Entire home/apt,81.86,3.1,"Basic room, clean but tiny. The host was very friendly."
203,Parramatta,Entire home/apt,358.17,3.3,Extremely clean and modern apartment with high-speed wifi.
204,Bondi,Shared room,629.95,2.7,A bit outdated but very affordable and cozy.
205,Surry Hills,Shared room,619.08,4.0,Extremely clean and modern apartment with high-speed wifi.
206,Surry Hills,Entire home/apt,221.32,2.7,"Very noisy and bustling, great for nightlife but hard to sleep."
207,Bondi,Entire home/apt,102.0,4.2,"Quiet and peaceful, the perfect romantic getaway."
208,Bondi,Shared room,76.91,4.1,Extremely clean and modern apartment with high-speed wifi.
209,Manly,Private room,762.11,3.6,A bit outdated but very affordable and cozy.
210,Parramatta,Private room,195.96,3.7,"Quiet and peaceful, the perfect romantic getaway."
211,Parramatta,Private room,208.97,2.9,A bit outdated but very affordable and cozy.
212,Newtown,Shared room,335.79,3.3,"Terrible experience, the place was dirty and loud."
213,Manly,Entire home/apt,561.97,3.6,A bit outdated but very affordable and cozy.
214,Surry Hills,Private room,114.87,4.6,"Quiet and peaceful, the perfect romantic getaway."
215,Surry Hills,Private room,440.21,4.6,Extremely clean and modern apartment with high-speed wifi.
216,Manly,Shared room,377.11,4.9,A bit outdated but very affordable and cozy.
217,Newtown,Private room,211.03,4.3,"Terrible experience, the place was dirty and loud."
218,Parramatta,Private room,519.18,4.8,Luxury villa with a pool and ocean views. Incredible experience.
219,Newtown,Shared room,519.56,4.5,"A lovely, quiet neighborhood perfect for families. Close to the beach."
220,Manly,Private room,162.62,5.0,"Basic room, clean but tiny. The host was very friendly."
221,Bondi,Shared room,679.43,3.0,"Basic room, clean but tiny. The host was very friendly."
222,Parramatta,Shared room,715.43,2.9,"Terrible experience, the place was dirty and loud."
223,Newtown,Private room,719.26,4.0,Luxury villa with a pool and ocean views. Incredible experience.
224,Parramatta,Entire home/apt,106.98,2.7,"Very noisy and bustling, great for nightlife but hard to sleep."
225,Surry Hills,Shared room,487.22,3.8,A bit outdated but very affordable and cozy.
226,Newtown,Entire home/apt,678.19,3.2,"Terrible experience, the place was dirty and loud."
227,Darlinghurst,Private room,405.97,4.5,"Quiet and peaceful, the perfect romantic getaway."
228,Surry Hills,Shared room,475.02,5.0,"Terrible experience, the place was dirty and loud."
229,Parramatta,Private room,393.41,2.6,"Quiet and peaceful, the perfect romantic getaway."
230,Surry Hills,Entire home/apt,356.88,3.9,"Terrible experience, the place was dirty and loud."
231,Bondi,Private room,541.54,4.3,"Very noisy and bustling, great for nightlife but hard to sleep."
232,Parramatta,Private room,597.6,4.8,Luxury villa with a pool and ocean views. Incredible experience.
233,Bondi,Shared room,519.28,4.3,"Terrible experience, the place was dirty and loud."
234,Surry Hills,Private room,640.85,3.6,"A lovely, quiet neighborhood perfect for families. Close to the beach."
235,Surry Hills,Entire home/apt,681.79,4.2,"A lovely, quiet neighborhood perfect for families. Close to the beach."
236,Parramatta,Entire home/apt,567.1,3.0,"Basic room, clean but tiny. The host was very friendly."
237,Bondi,Entire home/apt,458.72,4.4,"Quiet and peaceful, the perfect romantic getaway."
238,Surry Hills,Private room,512.74,3.8,Luxury villa with a pool and ocean views. Incredible experience.
239,Darlinghurst,Shared room,767.11,4.0,"Basic room, clean but tiny. The host was very friendly."
240,Manly,Private room,380.03,2.5,Luxury villa with a pool and ocean views. Incredible experience.
241,Newtown,Private room,425.21,2.9,"Very noisy and bustling, great for nightlife but hard to sleep."
242,Bondi,Entire home/apt,186.08,3.9,"Terrible experience, the place was dirty and loud."
243,Parramatta,Private room,325.83,2.7,A bit outdated but very affordable and cozy.
244,Newtown,Private room,600.87,3.3,"Basic room, clean but tiny. The host was very friendly."
245,Newtown,Entire home/apt,519.18,2.5,Extremely clean and modern apartment with high-speed wifi.
246,Darlinghurst,Entire home/apt,441.07,4.2,"Basic room, clean but tiny. The host was very friendly."
247,Manly,Private room,213.64,4.9,Luxury villa with a pool and ocean views. Incredible experience.
248,Manly,Shared room,546.17,3.6,"Terrible experience, the place was dirty and loud."
249,Bondi,Shared room,519.59,4.0,"Very noisy and bustling, great for nightlife but hard to sleep."
250,Surry Hills,Shared room,680.89,3.9,"Basic room, clean but tiny. The host was very friendly."
251,Newtown,Entire home/apt,237.98,2.6,"Very noisy and bustling, great for nightlife but hard to sleep."
252,Darlinghurst,Entire home/apt,326.15,3.0,"Terrible experience, the place was dirty and loud."
253,Darlinghurst,Shared room,389.1,4.6,"Quiet and peaceful, the perfect romantic getaway."
254,Manly,Private room,518.15,4.8,"Very noisy and bustling, great for nightlife but hard to sleep."
255,Manly,Shared room,440.2,2.8,A bit outdated but very affordable and cozy.
256,Darlinghurst,Shared room,72.94,4.8,"Terrible experience, the place was dirty and loud."
257,Surry Hills,Private room,145.12,3.5,A bit outdated but very affordable and cozy.
258,Newtown,Shared room,703.81,4.7,"Basic room, clean but tiny. The host was very friendly."
259,Surry Hills,Entire home/apt,214.93,3.8,"Very noisy and bustling, great for nightlife but hard to sleep."
260,Surry Hills,Private room,510.89,2.5,A bit outdated but very affordable and cozy.
261,Newtown,Private room,151.24,4.7,A bit outdated but very affordable and cozy.
262,Manly,Entire home/apt,305.83,2.7,"Basic room, clean but tiny. The host was very friendly."
263,Newtown,Shared room,520.46,3.0,"Very noisy and bustling, great for nightlife but hard to sleep."
264,Parramatta,Private room,789.33,3.3,"Very noisy and bustling, great for nightlife but hard to sleep."
265,Manly,Entire home/apt,121.04,2.8,Extremely clean and modern apartment with high-speed wifi.
266,Darlinghurst,Shared room,654.22,3.8,Extremely clean and modern apartment with high-speed wifi.
267,Parramatta,Shared room,377.27,3.9,Luxury villa with a pool and ocean views. Incredible experience.
268,Surry Hills,Private room,112.77,4.9,"Basic room, clean but tiny. The host was very friendly."
269,Newtown,Private room,665.84,4.6,"Very noisy and bustling, great for nightlife but hard to sleep."
270,Manly,Private room,575.82,4.1,"Quiet and peaceful, the perfect romantic getaway."
271,Bondi,Shared room,294.47,2.7,A bit outdated but very affordable and cozy.
272,Darlinghurst,Shared room,410.86,4.0,A bit outdated but very affordable and cozy.
273,Surry Hills,Shared room,162.71,2.5,Luxury villa with a pool and ocean views. Incredible experience.
274,Surry Hills,Entire home/apt,384.2,2.6,"Very noisy and bustling, great for nightlife but hard to sleep."
275,Bondi,Entire home/apt,137.18,4.7,A bit outdated but very affordable and cozy.
276,Parramatta,Shared room,479.99,5.0,Extremely clean and modern apartment with high-speed wifi.
277,Surry Hills,Shared room,587.44,4.5,Extremely clean and modern apartment with high-speed wifi.
278,Surry Hills,Entire home/apt,754.48,5.0,A bit outdated but very affordable and cozy.
279,Manly,Private room,248.43,3.0,Luxury villa with a pool and ocean views. Incredible experience.
280,Darlinghurst,Shared room,546.41,4.9,"Terrible experience, the place was dirty and loud."
281,Surry Hills,Entire home/apt,249.13,3.3,Luxury villa with a pool and ocean views. Incredible experience.
282,Darlinghurst,Private room,464.55,3.5,"Terrible experience, the place was dirty and loud."
283,Surry Hills,Entire home/apt,265.12,2.8,Extremely clean and modern apartment with high-speed wifi.
284,Darlinghurst,Private room,674.37,4.9,"A lovely, quiet neighborhood perfect for families. Close to the beach."
285,Manly,Shared room,204.25,4.3,A bit outdated but very affordable and cozy.
286,Manly,Shared room,381.05,3.9,"Terrible experience, the place was dirty and loud."
287,Surry Hills,Private room,553.05,3.5,"A lovely, quiet neighborhood perfect for families. Close to the beach."
288,Newtown,Entire home/apt,702.95,4.6,"Terrible experience, the place was dirty and loud."
289,Manly,Entire home/apt,792.57,4.6,A bit outdated but very affordable and cozy.
290,Bondi,Entire home/apt,312.13,3.0,"Very noisy and bustling, great for nightlife but hard to sleep."
291,Darlinghurst,Private room,255.23,3.1,A bit outdated but very affordable and cozy.
292,Newtown,Shared room,229.38,3.7,Luxury villa with a pool and ocean views. Incredible experience.
293,Darlinghurst,Private room,651.21,2.9,"Very noisy and bustling, great for nightlife but hard to sleep."
294,Surry Hills,Private room,386.89,4.8,A bit outdated but very affordable and cozy.
295,Surry Hills,Shared room,277.89,3.5,"Basic room, clean but tiny. The host was very friendly."
296,Darlinghurst,Entire home/apt,420.1,4.0,"Basic room, clean but tiny. The host was very friendly."
297,Darlinghurst,Shared room,458.87,3.6,"A lovely, quiet neighborhood perfect for families. Close to the beach."
298,Surry Hills,Shared room,109.45,2.7,A bit outdated but very affordable and cozy.
299,Manly,Shared room,222.89,4.8,A bit outdated but very affordable and cozy.
300,Darlinghurst,Shared room,662.25,2.8,"Terrible experience, the place was dirty and loud."
301,Surry Hills,Shared room,579.8,3.7,"Very noisy and bustling, great for nightlife but hard to sleep."
302,Manly,Private room,130.16,3.4,Luxury villa with a pool and ocean views. Incredible experience.
303,Manly,Entire home/apt,300.36,3.0,A bit outdated but very affordable and cozy.
304,Parramatta,Private room,54.63,4.1,A bit outdated but very affordable and cozy.
305,Parramatta,Shared room,579.82,3.2,Luxury villa with a pool and ocean views. Incredible experience.
306,Bondi,Shared room,95.61,2.6,"Basic room, clean but tiny. The host was very friendly."
307,Surry Hills,Shared room,285.06,5.0,"A lovely, quiet neighborhood perfect for families. Close to the beach."
308,Newtown,Private room,494.56,4.7,Luxury villa with a pool and ocean views. Incredible experience.
309,Parramatta,Entire home/apt,91.93,3.7,Extremely clean and modern apartment with high-speed wifi.
310,Parramatta,Entire home/apt,120.01,4.6,"A lovely, quiet neighborhood perfect for families. Close to the beach."
311,Bondi,Entire home/apt,407.33,3.3,Extremely clean and modern apartment with high-speed wifi.
312,Surry Hills,Entire home/apt,796.11,3.4,Extremely clean and modern apartment with high-speed wifi.
313,Surry Hills,Entire home/apt,142.42,3.6,"Very noisy and bustling, great for nightlife but hard to sleep."
314,Newtown,Private room,635.2,4.2,"Quiet and peaceful, the perfect romantic getaway."
315,Surry Hills,Private room,730.01,5.0,Extremely clean and modern apartment with high-speed wifi.
316,Darlinghurst,Private room,733.72,3.1,"Terrible experience, the place was dirty and loud."
317,Parramatta,Private room,747.01,4.8,Luxury villa with a pool and ocean views. Incredible experience.
318,Parramatta,Private room,789.69,3.9,Extremely clean and modern apartment with high-speed wifi.
319,Newtown,Entire home/apt,619.28,2.6,Luxury villa with a pool and ocean views. Incredible experience.
320,Bondi,Private room,380.62,2.5,"Quiet and peaceful, the perfect romantic getaway."
321,Surry Hills,Private room,774.23,5.0,Luxury villa with a pool and ocean views. Incredible experience.
322,Parramatta,Shared room,51.42,4.2,"Quiet and peaceful, the perfect romantic getaway."
323,Newtown,Entire home/apt,221.27,3.4,"Terrible experience, the place was dirty and loud."
324,Newtown,Private room,427.71,3.6,"Terrible experience, the place was dirty and loud."
325,Bondi,Entire home/apt,164.65,3.7,Extremely clean and modern apartment with high-speed wifi.
326,Bondi,Entire home/apt,662.0,4.8,"Terrible experience, the place was dirty and loud."
327,Newtown,Private room,428.03,3.5,"A lovely, quiet neighborhood perfect for families. Close to the beach."
328,Darlinghurst,Shared room,234.76,3.4,A bit outdated but very affordable and cozy.
329,Manly,Shared room,713.44,4.3,"Quiet and peaceful, the perfect romantic getaway."
330,Parramatta,Entire home/apt,631.16,4.1,Extremely clean and modern apartment with high-speed wifi.
331,Surry Hills,Private room,767.88,2.5,"Quiet and peaceful, the perfect romantic getaway."
332,Manly,Entire home/apt,759.05,3.9,"Terrible experience, the place was dirty and loud."
333,Bondi,Entire home/apt,506.03,4.8,"Basic room, clean but tiny. The host was very friendly."
334,Bondi,Private room,223.02,4.9,"A lovely, quiet neighborhood perfect for families. Close to the beach."
335,Manly,Shared room,789.68,2.9,"A lovely, quiet neighborhood perfect for families. Close to the beach."
336,Darlinghurst,Shared room,109.53,2.5,"Quiet and peaceful, the perfect romantic getaway."
337,Surry Hills,Shared room,500.52,4.8,"Basic room, clean but tiny. The host was very friendly."
338,Bondi,Entire home/apt,207.24,2.9,Extremely clean and modern apartment with high-speed wifi.
339,Parramatta,Private room,100.07,3.0,"Quiet and peaceful, the perfect romantic getaway."
340,Bondi,Shared room,127.68,4.6,"Basic room, clean but tiny. The host was very friendly."
341,Newtown,Entire home/apt,609.16,3.3,"A lovely, quiet neighborhood perfect for families. Close to the beach."
342,Bondi,Entire home/apt,696.41,3.5,"Terrible experience, the place was dirty and loud."
343,Newtown,Private room,669.45,2.8,"A lovely, quiet neighborhood perfect for families. Close to the beach."
344,Surry Hills,Shared room,713.06,3.7,"Basic room, clean but tiny. The host was very friendly."
345,Surry Hills,Entire home/apt,93.96,2.9,Luxury villa with a pool and ocean views. Incredible experience.
346,Manly,Entire home/apt,123.34,2.7,"Terrible experience, the place was dirty and loud."
347,Darlinghurst,Entire home/apt,264.76,4.9,Extremely clean and modern apartment with high-speed wifi.
348,Manly,Private room,328.16,3.8,"Terrible experience, the place was dirty and loud."
349,Surry Hills,Shared room,442.4,4.2,"Terrible experience, the place was dirty and loud."
350,Bondi,Entire home/apt,358.03,4.8,"Very noisy and bustling, great for nightlife but hard to sleep."
351,Newtown,Entire home/apt,252.48,4.6,Luxury villa with a pool and ocean views. Incredible experience.
352,Bondi,Entire home/apt,55.69,4.9,"A lovely, quiet neighborhood perfect for families. Close to the beach."
353,Darlinghurst,Entire home/apt,106.77,3.9,A bit outdated but very affordable and cozy.
354,Newtown,Entire home/apt,353.01,4.4,A bit outdated but very affordable and cozy.
355,Surry Hills,Entire home/apt,501.81,3.5,"Quiet and peaceful, the perfect romantic getaway."
356,Darlinghurst,Entire home/apt,722.86,3.5,"Very noisy and bustling, great for nightlife but hard to sleep."
357,Newtown,Entire home/apt,552.54,4.5,A bit outdated but very affordable and cozy.
358,Manly,Shared room,456.68,3.8,"Basic room, clean but tiny. The host was very friendly."
359,Manly,Entire home/apt,556.92,4.7,Extremely clean and modern apartment with high-speed wifi.
360,Parramatta,Private room,95.74,4.6,"Very noisy and bustling, great for nightlife but hard to sleep."
361,Parramatta,Shared room,619.67,4.7,"Basic room, clean but tiny. The host was very friendly."
362,Manly,Shared room,791.03,3.1,"Quiet and peaceful, the perfect romantic getaway."
363,Surry Hills,Private room,301.11,4.6,"Quiet and peaceful, the perfect romantic getaway."
364,Darlinghurst,Entire home/apt,461.53,2.8,"Very noisy and bustling, great for nightlife but hard to sleep."
365,Manly,Entire home/apt,254.1,4.9,"Terrible experience, the place was dirty and loud."
366,Bondi,Shared room,387.38,4.7,Luxury villa with a pool and ocean views. Incredible experience.
367,Newtown,Private room,680.44,3.8,Extremely clean and modern apartment with high-speed wifi.
368,Newtown,Shared room,457.9,4.6,"Quiet and peaceful, the perfect romantic getaway."
369,Manly,Private room,481.88,3.2,"A lovely, quiet neighborhood perfect for families. Close to the beach."
370,Surry Hills,Entire home/apt,748.81,4.2,Extremely clean and modern apartment with high-speed wifi.
371,Newtown,Entire home/apt,103.56,4.7,"Terrible experience, the place was dirty and loud."
372,Darlinghurst,Shared room,345.17,3.1,A bit outdated but very affordable and cozy.
373,Newtown,Entire home/apt,54.68,2.9,Luxury villa with a pool and ocean views. Incredible experience.
374,Bondi,Entire home/apt,594.68,2.8,"Terrible experience, the place was dirty and loud."
375,Parramatta,Shared room,645.05,2.5,"Very noisy and bustling, great for nightlife but hard to sleep."
376,Surry Hills,Private room,598.94,3.6,"Basic room, clean but tiny. The host was very friendly."
377,Darlinghurst,Entire home/apt,657.31,3.8,"Terrible experience, the place was dirty and loud."
378,Darlinghurst,Shared room,250.88,2.7,Luxury villa with a pool and ocean views. Incredible experience.
379,Darlinghurst,Entire home/apt,230.98,4.6,"Terrible experience, the place was dirty and loud."
380,Darlinghurst,Shared room,369.36,4.1,Luxury villa with a pool and ocean views. Incredible experience.
381,Darlinghurst,Shared room,651.46,3.6,"Terrible experience, the place was dirty and loud."
382,Surry Hills,Shared room,348.33,3.8,"A lovely, quiet neighborhood perfect for families. Close to the beach."
383,Bondi,Shared room,125.99,3.4,Luxury villa with a pool and ocean views. Incredible experience.
384,Parramatta,Shared room,128.37,3.5,Luxury villa with a pool and ocean views. Incredible experience.
385,Parramatta,Shared room,603.97,2.7,"Basic room, clean but tiny. The host was very friendly."
386,Parramatta,Entire home/apt,124.08,3.9,Luxury villa with a pool and ocean views. Incredible experience.
387,Darlinghurst,Entire home/apt,380.64,2.9,"Quiet and peaceful, the perfect romantic getaway."
388,Newtown,Shared room,612.24,3.8,Luxury villa with a pool and ocean views. Incredible experience.
389,Darlinghurst,Private room,147.56,4.3,Luxury villa with a pool and ocean views. Incredible experience.
390,Surry Hills,Private room,576.76,3.6,"Very noisy and bustling, great for nightlife but hard to sleep."
391,Manly,Entire home/apt,705.41,4.0,Luxury villa with a pool and ocean views. Incredible experience.
392,Parramatta,Entire home/apt,221.03,4.6,Luxury villa with a pool and ocean views. Incredible experience.
393,Darlinghurst,Private room,472.25,2.6,Extremely clean and modern apartment with high-speed wifi.
394,Darlinghurst,Shared room,566.02,3.9,"Quiet and peaceful, the perfect romantic getaway."
395,Manly,Private room,183.15,2.6,"Basic room, clean but tiny. The host was very friendly."
396,Parramatta,Entire home/apt,437.08,4.8,Luxury villa with a pool and ocean views. Incredible experience.
397,Newtown,Shared room,84.3,4.3,Luxury villa with a pool and ocean views. Incredible experience.
398,Darlinghurst,Shared room,775.2,3.7,"Very noisy and bustling, great for nightlife but hard to sleep."
399,Parramatta,Shared room,707.63,3.3,Extremely clean and modern apartment with high-speed wifi.
400,Newtown,Entire home/apt,734.53,4.3,Extremely clean and modern apartment with high-speed wifi.
401,Surry Hills,Shared room,496.49,2.9,"Basic room, clean but tiny. The host was very friendly."
402,Surry Hills,Entire home/apt,358.53,4.0,"Very noisy and bustling, great for nightlife but hard to sleep."
403,Manly,Entire home/apt,772.43,3.5,"A lovely, quiet neighborhood perfect for families. Close to the beach."
404,Bondi,Entire home/apt,141.97,2.5,A bit outdated but very affordable and cozy.
405,Surry Hills,Private room,374.95,4.5,"Very noisy and bustling, great for nightlife but hard to sleep."
406,Parramatta,Shared room,670.12,4.1,Luxury villa with a pool and ocean views. Incredible experience.
407,Parramatta,Shared room,753.78,3.6,"A lovely, quiet neighborhood perfect for families. Close to the beach."
408,Newtown,Private room,395.59,3.5,"Basic room, clean but tiny. The host was very friendly."
409,Surry Hills,Entire home/apt,790.91,2.7,"Very noisy and bustling, great for nightlife but hard to sleep."
410,Bondi,Entire home/apt,762.68,3.3,"Basic room, clean but tiny. The host was very friendly."
411,Newtown,Entire home/apt,678.74,2.5,Luxury villa with a pool and ocean views. Incredible experience.
412,Parramatta,Entire home/apt,712.59,4.3,"Very noisy and bustling, great for nightlife but hard to sleep."
413,Parramatta,Shared room,524.55,4.9,"Terrible experience, the place was dirty and loud."
414,Darlinghurst,Shared room,451.37,2.8,"Terrible experience, the place was dirty and loud."
415,Darlinghurst,Entire home/apt,205.72,4.5,"Quiet and peaceful, the perfect romantic getaway."
416,Parramatta,Entire home/apt,64.39,3.8,"Very noisy and bustling, great for nightlife but hard to sleep."
417,Bondi,Shared room,221.46,4.2,Luxury villa with a pool and ocean views. Incredible experience.
418,Parramatta,Private room,605.15,3.5,Luxury villa with a pool and ocean views. Incredible experience.
419,Newtown,Private room,372.51,3.2,"Quiet and peaceful, the perfect romantic getaway."
420,Bondi,Private room,183.99,3.1,"Quiet and peaceful, the perfect romantic getaway."
421,Surry Hills,Shared room,252.26,4.5,"Very noisy and bustling, great for nightlife but hard to sleep."
422,Darlinghurst,Private room,234.62,4.6,A bit outdated but very affordable and cozy.
423,Parramatta,Private room,663.49,3.7,"A lovely, quiet neighborhood perfect for families. Close to the beach."
424,Parramatta,Entire home/apt,291.59,4.1,"Very noisy and bustling, great for nightlife but hard to sleep."
425,Surry Hills,Entire home/apt,143.22,4.9,Luxury villa with a pool and ocean views. Incredible experience.
426,Darlinghurst,Shared room,278.84,4.6,Luxury villa with a pool and ocean views. Incredible experience.
427,Darlinghurst,Private room,93.54,4.5,"Quiet and peaceful, the perfect romantic getaway."
428,Bondi,Private room,564.54,4.6,"Basic room, clean but tiny. The host was very friendly."
429,Bondi,Entire home/apt,201.39,3.4,"Basic room, clean but tiny. The host was very friendly."
430,Manly,Private room,291.35,4.1,Luxury villa with a pool and ocean views. Incredible experience.
431,Newtown,Shared room,742.65,3.5,A bit outdated but very affordable and cozy.
432,Parramatta,Entire home/apt,765.63,2.7,"Very noisy and bustling, great for nightlife but hard to sleep."
433,Manly,Shared room,75.15,4.5,"Very noisy and bustling, great for nightlife but hard to sleep."
434,Parramatta,Private room,431.49,4.2,A bit outdated but very affordable and cozy.
435,Bondi,Entire home/apt,68.14,3.4,Luxury villa with a pool and ocean views. Incredible experience.
436,Parramatta,Private room,328.76,4.3,"Basic room, clean but tiny. The host was very friendly."
437,Surry Hills,Entire home/apt,55.26,4.3,"Very noisy and bustling, great for nightlife but hard to sleep."
438,Manly,Shared room,331.4,4.6,"Quiet and peaceful, the perfect romantic getaway."
439,Newtown,Entire home/apt,784.93,4.8,Luxury villa with a pool and ocean views. Incredible experience.
440,Newtown,Private room,122.49,4.8,Luxury villa with a pool and ocean views. Incredible experience.
441,Surry Hills,Entire home/apt,250.18,4.2,"A lovely, quiet neighborhood perfect for families. Close to the beach."
442,Manly,Shared room,469.24,3.2,"Very noisy and bustling, great for nightlife but hard to sleep."
443,Darlinghurst,Entire home/apt,232.5,2.5,"Basic room, clean but tiny. The host was very friendly."
444,Manly,Shared room,252.73,4.9,"Terrible experience, the place was dirty and loud."
445,Manly,Entire home/apt,231.01,4.3,A bit outdated but very affordable and cozy.
446,Manly,Shared room,240.17,4.9,Luxury villa with a pool and ocean views. Incredible experience.
447,Parramatta,Entire home/apt,241.77,4.1,A bit outdated but very affordable and cozy.
448,Manly,Entire home/apt,201.89,3.5,"A lovely, quiet neighborhood perfect for families. Close to the beach."
449,Bondi,Private room,96.76,3.1,Extremely clean and modern apartment with high-speed wifi.
450,Darlinghurst,Entire home/apt,318.52,3.6,"Terrible experience, the place was dirty and loud."
451,Newtown,Shared room,285.02,3.4,"Terrible experience, the place was dirty and loud."
452,Bondi,Entire home/apt,134.5,4.3,"A lovely, quiet neighborhood perfect for families. Close to the beach."
453,Manly,Private room,682.45,3.8,Luxury villa with a pool and ocean views. Incredible experience.
454,Darlinghurst,Shared room,721.02,3.7,"Very noisy and bustling, great for nightlife but hard to sleep."
455,Newtown,Entire home/apt,664.42,3.5,A bit outdated but very affordable and cozy.
456,Parramatta,Entire home/apt,605.5,4.3,A bit outdated but very affordable and cozy.
457,Surry Hills,Entire home/apt,533.72,3.4,"Terrible experience, the place was dirty and loud."
458,Newtown,Private room,337.34,3.0,"Terrible experience, the place was dirty and loud."
459,Newtown,Entire home/apt,334.97,4.1,Luxury villa with a pool and ocean views. Incredible experience.
460,Darlinghurst,Shared room,298.5,4.9,"Very noisy and bustling, great for nightlife but hard to sleep."
461,Bondi,Entire home/apt,90.39,3.1,"Basic room, clean but tiny. The host was very friendly."
462,Surry Hills,Private room,451.63,3.4,Luxury villa with a pool and ocean views. Incredible experience.
463,Manly,Shared room,126.72,3.0,"Terrible experience, the place was dirty and loud."
464,Bondi,Shared room,108.7,4.0,"A lovely, quiet neighborhood perfect for families. Close to the beach."
465,Bondi,Entire home/apt,498.5,3.6,"A lovely, quiet neighborhood perfect for families. Close to the beach."
466,Darlinghurst,Private room,139.15,2.6,Luxury villa with a pool and ocean views. Incredible experience.
467,Darlinghurst,Private room,427.27,3.6,"Basic room, clean but tiny. The host was very friendly."
468,Parramatta,Private room,115.72,4.4,"Terrible experience, the place was dirty and loud."
469,Parramatta,Private room,125.79,4.7,"Basic room, clean but tiny. The host was very friendly."
470,Manly,Shared room,353.78,2.9,"Quiet and peaceful, the perfect romantic getaway."
471,Parramatta,Entire home/apt,447.44,4.1,"Basic room, clean but tiny. The host was very friendly."
472,Bondi,Private room,567.13,4.5,Extremely clean and modern apartment with high-speed wifi.
473,Surry Hills,Entire home/apt,759.29,4.1,"Quiet and peaceful, the perfect romantic getaway."
474,Darlinghurst,Shared room,196.06,2.9,"Very noisy and bustling, great for nightlife but hard to sleep."
475,Manly,Shared room,89.86,5.0,Luxury villa with a pool and ocean views. Incredible experience.
476,Bondi,Entire home/apt,619.61,2.5,"Quiet and peaceful, the perfect romantic getaway."
477,Manly,Private room,134.88,3.6,Luxury villa with a pool and ocean views. Incredible experience.
478,Manly,Entire home/apt,313.05,4.2,Luxury villa with a pool and ocean views. Incredible experience.
479,Parramatta,Private room,524.71,4.4,Luxury villa with a pool and ocean views. Incredible experience.
480,Darlinghurst,Private room,555.07,3.5,"Very noisy and bustling, great for nightlife but hard to sleep."
481,Bondi,Shared room,338.4,2.7,Luxury villa with a pool and ocean views. Incredible experience.
482,Parramatta,Shared room,80.91,4.8,"A lovely, quiet neighborhood perfect for families. Close to the beach."
483,Parramatta,Shared room,259.29,3.1,Extremely clean and modern apartment with high-speed wifi.
484,Darlinghurst,Entire home/apt,567.87,3.3,Luxury villa with a pool and ocean views. Incredible experience.
485,Newtown,Entire home/apt,750.82,4.0,"Very noisy and bustling, great for nightlife but hard to sleep."
486,Bondi,Entire home/apt,203.44,3.7,Luxury villa with a pool and ocean views. Incredible experience.
487,Parramatta,Entire home/apt,95.49,4.9,A bit outdated but very affordable and cozy.
488,Manly,Private room,344.65,5.0,"Terrible experience, the place was dirty and loud."
489,Bondi,Shared room,421.69,2.6,"Basic room, clean but tiny. The host was very friendly."
490,Bondi,Entire home/apt,795.62,3.1,Luxury villa with a pool and ocean views. Incredible experience.
491,Parramatta,Private room,600.62,2.9,"A lovely, quiet neighborhood perfect for families. Close to the beach."
492,Surry Hills,Entire home/apt,80.31,3.3,A bit outdated but very affordable and cozy.
493,Darlinghurst,Private room,185.3,4.5,Extremely clean and modern apartment with high-speed wifi.
494,Parramatta,Private room,419.22,4.8,Extremely clean and modern apartment with high-speed wifi.
495,Newtown,Shared room,188.48,4.2,"Quiet and peaceful, the perfect romantic getaway."
496,Darlinghurst,Entire home/apt,176.52,2.6,"Terrible experience, the place was dirty and loud."
497,Manly,Entire home/apt,365.31,4.0,"A lovely, quiet neighborhood perfect for families. Close to the beach."
498,Bondi,Shared room,143.89,4.3,"Basic room, clean but tiny. The host was very friendly."
499,Darlinghurst,Private room,776.27,4.5,"A lovely, quiet neighborhood perfect for families. Close to the beach."
500,Bondi,Shared room,613.62,3.9,"A lovely, quiet neighborhood perfect for families. Close to the beach."
501,Bondi,Private room,511.15,3.1,"Quiet and peaceful, the perfect romantic getaway."
502,Bondi,Private room,453.0,2.7,Luxury villa with a pool and ocean views. Incredible experience.
503,Bondi,Entire home/apt,160.7,4.5,"Very noisy and bustling, great for nightlife but hard to sleep."
504,Surry Hills,Shared room,273.71,3.1,"A lovely, quiet neighborhood perfect for families. Close to the beach."
505,Surry Hills,Private room,472.4,2.7,Luxury villa with a pool and ocean views. Incredible experience.
506,Surry Hills,Private room,725.17,4.7,Luxury villa with a pool and ocean views. Incredible experience.
507,Darlinghurst,Shared room,773.21,3.4,Extremely clean and modern apartment with high-speed wifi.
508,Manly,Private room,595.64,4.0,"Basic room, clean but tiny. The host was very friendly."
509,Parramatta,Shared room,379.98,4.4,"Terrible experience, the place was dirty and loud."
510,Newtown,Shared room,315.51,4.0,"A lovely, quiet neighborhood perfect for families. Close to the beach."
511,Parramatta,Shared room,707.47,3.0,"Quiet and peaceful, the perfect romantic getaway."
512,Manly,Private room,765.68,2.5,"A lovely, quiet neighborhood perfect for families. Close to the beach."
513,Newtown,Entire home/apt,544.65,3.5,"Basic room, clean but tiny. The host was very friendly."
514,Newtown,Shared room,660.1,3.7,"Quiet and peaceful, the perfect romantic getaway."
515,Darlinghurst,Entire home/apt,149.12,3.2,A bit outdated but very affordable and cozy.
516,Manly,Shared room,200.42,4.5,"Quiet and peaceful, the perfect romantic getaway."
517,Parramatta,Entire home/apt,378.51,3.2,"Quiet and peaceful, the perfect romantic getaway."
518,Surry Hills,Private room,515.49,4.2,"Terrible experience, the place was dirty and loud."
519,Darlinghurst,Entire home/apt,160.57,3.7,"Terrible experience, the place was dirty and loud."
520,Darlinghurst,Entire home/apt,485.94,2.6,"Terrible experience, the place was dirty and loud."
521,Parramatta,Shared room,505.15,3.8,"A lovely, quiet neighborhood perfect for families. Close to the beach."
522,Surry Hills,Private room,755.69,4.7,"Basic room, clean but tiny. The host was very friendly."
523,Manly,Entire home/apt,107.92,3.7,"Quiet and peaceful, the perfect romantic getaway."
524,Newtown,Private room,332.87,4.9,"A lovely, quiet neighborhood perfect for families. Close to the beach."
525,Darlinghurst,Private room,529.7,3.6,"Quiet and peaceful, the perfect romantic getaway."
526,Bondi,Private room,739.34,3.4,"Quiet and peaceful, the perfect romantic getaway."
527,Parramatta,Entire home/apt,478.58,2.7,Extremely clean and modern apartment with high-speed wifi.
528,Newtown,Entire home/apt,761.18,3.0,"Quiet and peaceful, the perfect romantic getaway."
529,Bondi,Shared room,646.16,3.1,Luxury villa with a pool and ocean views. Incredible experience.
530,Newtown,Entire home/apt,360.73,3.1,A bit outdated but very affordable and cozy.
531,Darlinghurst,Private room,421.52,2.6,Luxury villa with a pool and ocean views. Incredible experience.
532,Manly,Entire home/apt,646.33,4.0,A bit outdated but very affordable and cozy.
533,Bondi,Entire home/apt,91.65,4.4,"Basic room, clean but tiny. The host was very friendly."
534,Parramatta,Shared room,681.28,4.9,"Quiet and peaceful, the perfect romantic getaway."
535,Bondi,Shared room,364.67,4.2,"Basic room, clean but tiny. The host was very friendly."
536,Darlinghurst,Private room,583.51,3.3,Luxury villa with a pool and ocean views. Incredible experience.
537,Bondi,Entire home/apt,111.43,3.4,Extremely clean and modern apartment with high-speed wifi.
538,Parramatta,Private room,269.21,4.2,A bit outdated but very affordable and cozy.
539,Surry Hills,Entire home/apt,783.68,2.9,"A lovely, quiet neighborhood perfect for families. Close to the beach."
540,Surry Hills,Private room,196.75,5.0,"Very noisy and bustling, great for nightlife but hard to sleep."
541,Parramatta,Entire home/apt,552.44,4.4,"Very noisy and bustling, great for nightlife but hard to sleep."
542,Parramatta,Entire home/apt,649.39,2.8,"Very noisy and bustling, great for nightlife but hard to sleep."
543,Surry Hills,Private room,366.83,3.2,A bit outdated but very affordable and cozy.
544,Bondi,Private room,117.88,4.9,"Basic room, clean but tiny. The host was very friendly."
545,Manly,Entire home/apt,501.02,3.2,"Basic room, clean but tiny. The host was very friendly."
546,Surry Hills,Entire home/apt,557.97,3.7,Luxury villa with a pool and ocean views. Incredible experience.
547,Parramatta,Private room,682.42,2.8,"A lovely, quiet neighborhood perfect for families. Close to the beach."
548,Manly,Private room,126.08,4.1,"Quiet and peaceful, the perfect romantic getaway."
549,Surry Hills,Shared room,748.32,3.9,"Very noisy and bustling, great for nightlife but hard to sleep."
550,Parramatta,Shared room,83.87,2.8,"Basic room, clean but tiny. The host was very friendly."
551,Manly,Shared room,591.42,4.2,Luxury villa with a pool and ocean views. Incredible experience.
552,Surry Hills,Private room,315.18,3.8,Luxury villa with a pool and ocean views. Incredible experience.
553,Parramatta,Shared room,183.98,3.8,"A lovely, quiet neighborhood perfect for families. Close to the beach."
554,Bondi,Entire home/apt,593.88,3.2,A bit outdated but very affordable and cozy.
555,Parramatta,Shared room,469.04,3.1,"Basic room, clean but tiny. The host was very friendly."
556,Darlinghurst,Shared room,103.38,4.5,A bit outdated but very affordable and cozy.
557,Bondi,Shared room,609.29,4.7,"Quiet and peaceful, the perfect romantic getaway."
558,Surry Hills,Entire home/apt,108.6,4.0,A bit outdated but very affordable and cozy.
559,Bondi,Entire home/apt,798.02,4.5,"Very noisy and bustling, great for nightlife but hard to sleep."
560,Newtown,Shared room,164.3,3.5,Extremely clean and modern apartment with high-speed wifi.
561,Parramatta,Shared room,121.91,3.4,"A lovely, quiet neighborhood perfect for families. Close to the beach."
562,Darlinghurst,Entire home/apt,182.79,4.8,A bit outdated but very affordable and cozy.
563,Manly,Shared room,322.1,4.4,"A lovely, quiet neighborhood perfect for families. Close to the beach."
564,Manly,Private room,99.23,4.0,Extremely clean and modern apartment with high-speed wifi.
565,Manly,Shared room,269.07,3.1,"Quiet and peaceful, the perfect romantic getaway."
566,Parramatta,Entire home/apt,409.88,3.8,"Quiet and peaceful, the perfect romantic getaway."
567,Newtown,Shared room,97.11,4.0,"A lovely, quiet neighborhood perfect for families. Close to the beach."
568,Manly,Private room,626.01,3.1,Luxury villa with a pool and ocean views. Incredible experience.
569,Manly,Shared room,703.02,3.4,Luxury villa with a pool and ocean views. Incredible experience.
570,Darlinghurst,Entire home/apt,124.53,4.6,"A lovely, quiet neighborhood perfect for families. Close to the beach."
571,Bondi,Entire home/apt,320.24,2.5,"Quiet and peaceful, the perfect romantic getaway."
572,Manly,Private room,412.98,4.1,A bit outdated but very affordable and cozy.
573,Manly,Entire home/apt,131.0,2.9,Extremely clean and modern apartment with high-speed wifi.
574,Parramatta,Entire home/apt,295.34,4.0,"Very noisy and bustling, great for nightlife but hard to sleep."
575,Darlinghurst,Shared room,217.76,4.3,"Terrible experience, the place was dirty and loud."
576,Newtown,Entire home/apt,100.93,3.3,"Terrible experience, the place was dirty and loud."
577,Darlinghurst,Private room,344.77,3.5,"A lovely, quiet neighborhood perfect for families. Close to the beach."
578,Manly,Shared room,131.87,4.0,"Very noisy and bustling, great for nightlife but hard to sleep."
579,Parramatta,Private room,543.55,3.3,"Basic room, clean but tiny. The host was very friendly."
580,Parramatta,Private room,180.65,2.9,"Basic room, clean but tiny. The host was very friendly."
581,Manly,Private room,758.98,4.7,"Very noisy and bustling, great for nightlife but hard to sleep."
582,Darlinghurst,Entire home/apt,740.19,4.2,"Basic room, clean but tiny. The host was very friendly."
583,Newtown,Shared room,190.07,3.1,"Basic room, clean but tiny. The host was very friendly."
584,Darlinghurst,Private room,238.19,3.7,"A lovely, quiet neighborhood perfect for families. Close to the beach."
585,Bondi,Entire home/apt,195.9,3.1,Luxury villa with a pool and ocean views. Incredible experience.
586,Newtown,Entire home/apt,400.5,2.6,"A lovely, quiet neighborhood perfect for families. Close to the beach."
587,Newtown,Shared room,790.49,4.1,A bit outdated but very affordable and cozy.
588,Darlinghurst,Shared room,580.53,2.9,"A lovely, quiet neighborhood perfect for families. Close to the beach."
589,Surry Hills,Shared room,445.56,3.9,Luxury villa with a pool and ocean views. Incredible experience.
590,Surry Hills,Shared room,327.65,5.0,A bit outdated but very affordable and cozy.
591,Surry Hills,Entire home/apt,711.73,4.5,A bit outdated but very affordable and cozy.
592,Parramatta,Private room,625.66,3.3,"Terrible experience, the place was dirty and loud."
593,Darlinghurst,Shared room,575.16,2.7,"Terrible experience, the place was dirty and loud."
594,Surry Hills,Private room,669.57,3.0,"Quiet and peaceful, the perfect romantic getaway."
595,Newtown,Entire home/apt,399.43,3.1,"Quiet and peaceful, the perfect romantic getaway."
596,Surry Hills,Private room,277.08,4.3,"Quiet and peaceful, the perfect romantic getaway."
597,Parramatta,Private room,443.37,4.5,Luxury villa with a pool and ocean views. Incredible experience.
598,Darlinghurst,Shared room,617.88,2.5,"Quiet and peaceful, the perfect romantic getaway."
599,Newtown,Entire home/apt,50.61,4.5,"Very noisy and bustling, great for nightlife but hard to sleep."
600,Surry Hills,Private room,348.91,2.8,"Quiet and peaceful, the perfect romantic getaway."
601,Parramatta,Entire home/apt,733.41,4.0,"Quiet and peaceful, the perfect romantic getaway."
602,Newtown,Entire home/apt,50.37,4.8,"Basic room, clean but tiny. The host was very friendly."
603,Surry Hills,Private room,681.96,4.1,"A lovely, quiet neighborhood perfect for families. Close to the beach."
604,Bondi,Shared room,387.72,4.4,"Quiet and peaceful, the perfect romantic getaway."
605,Surry Hills,Private room,788.78,4.7,"A lovely, quiet neighborhood perfect for families. Close to the beach."
606,Bondi,Entire home/apt,586.71,3.9,A bit outdated but very affordable and cozy.
607,Newtown,Private room,247.26,3.7,Luxury villa with a pool and ocean views. Incredible experience.
608,Parramatta,Entire home/apt,490.06,4.4,"Quiet and peaceful, the perfect romantic getaway."
609,Bondi,Shared room,175.67,3.5,Extremely clean and modern apartment with high-speed wifi.
610,Surry Hills,Shared room,531.73,3.7,"Very noisy and bustling, great for nightlife but hard to sleep."
611,Manly,Private room,701.9,3.8,"A lovely, quiet neighborhood perfect for families. Close to the beach."
612,Bondi,Shared room,287.41,2.9,"Basic room, clean but tiny. The host was very friendly."
613,Bondi,Shared room,157.1,2.8,Luxury villa with a pool and ocean views. Incredible experience.
614,Darlinghurst,Entire home/apt,649.46,4.4,"Very noisy and bustling, great for nightlife but hard to sleep."
615,Manly,Shared room,363.53,3.5,Extremely clean and modern apartment with high-speed wifi.
616,Surry Hills,Shared room,710.27,4.8,"Terrible experience, the place was dirty and loud."
617,Manly,Entire home/apt,88.7,4.0,"A lovely, quiet neighborhood perfect for families. Close to the beach."
618,Darlinghurst,Entire home/apt,429.36,2.9,Luxury villa with a pool and ocean views. Incredible experience.
619,Manly,Entire home/apt,534.36,4.6,"Very noisy and bustling, great for nightlife but hard to sleep."
620,Manly,Entire home/apt,412.8,4.2,"Basic room, clean but tiny. The host was very friendly."
621,Surry Hills,Shared room,129.59,3.3,"A lovely, quiet neighborhood perfect for families. Close to the beach."
622,Newtown,Private room,709.58,4.3,"Terrible experience, the place was dirty and loud."
623,Parramatta,Private room,594.59,4.1,A bit outdated but very affordable and cozy.
624,Newtown,Entire home/apt,246.75,2.7,Luxury villa with a pool and ocean views. Incredible experience.
625,Parramatta,Shared room,232.32,4.5,"Basic room, clean but tiny. The host was very friendly."
626,Newtown,Entire home/apt,624.68,4.2,Extremely clean and modern apartment with high-speed wifi.
627,Manly,Private room,753.83,4.1,Extremely clean and modern apartment with high-speed wifi.
628,Parramatta,Entire home/apt,526.14,4.8,Luxury villa with a pool and ocean views. Incredible experience.
629,Manly,Entire home/apt,555.1,4.4,"Very noisy and bustling, great for nightlife but hard to sleep."
630,Newtown,Shared room,99.18,5.0,"Terrible experience, the place was dirty and loud."
631,Manly,Entire home/apt,223.36,3.4,Extremely clean and modern apartment with high-speed wifi.
632,Surry Hills,Private room,791.7,3.5,"Basic room, clean but tiny. The host was very friendly."
633,Parramatta,Shared room,636.06,2.7,"Basic room, clean but tiny. The host was very friendly."
634,Surry Hills,Entire home/apt,722.41,4.1,A bit outdated but very affordable and cozy.
635,Manly,Private room,222.61,3.7,"Very noisy and bustling, great for nightlife but hard to sleep."
636,Newtown,Private room,111.13,4.6,"Terrible experience, the place was dirty and loud."
637,Newtown,Shared room,123.38,3.3,A bit outdated but very affordable and cozy.
638,Manly,Entire home/apt,680.99,3.9,"Basic room, clean but tiny. The host was very friendly."
639,Surry Hills,Private room,63.13,4.3,"Terrible experience, the place was dirty and loud."
640,Manly,Entire home/apt,715.73,4.1,Extremely clean and modern apartment with high-speed wifi.
641,Newtown,Shared room,502.57,3.1,"A lovely, quiet neighborhood perfect for families. Close to the beach."
642,Surry Hills,Shared room,660.82,3.7,"Terrible experience, the place was dirty and loud."
643,Newtown,Private room,465.04,3.3,"Basic room, clean but tiny. The host was very friendly."
644,Darlinghurst,Private room,700.15,4.3,"Terrible experience, the place was dirty and loud."
645,Bondi,Entire home/apt,393.49,4.7,"Basic room, clean but tiny. The host was very friendly."
646,Darlinghurst,Shared room,312.77,2.9,Luxury villa with a pool and ocean views. Incredible experience.
647,Bondi,Entire home/apt,689.18,3.8,Luxury villa with a pool and ocean views. Incredible experience.
648,Surry Hills,Entire home/apt,309.79,4.3,"Basic room, clean but tiny. The host was very friendly."
649,Manly,Entire home/apt,719.16,4.2,Luxury villa with a pool and ocean views. Incredible experience.
650,Manly,Shared room,763.21,4.4,"Terrible experience, the place was dirty and loud."
651,Bondi,Private room,243.61,4.4,"Basic room, clean but tiny. The host was very friendly."
652,Newtown,Private room,758.27,4.1,"Basic room, clean but tiny. The host was very friendly."
653,Bondi,Shared room,760.75,4.3,Extremely clean and modern apartment with high-speed wifi.
654,Manly,Entire home/apt,738.99,3.1,Extremely clean and modern apartment with high-speed wifi.
655,Newtown,Entire home/apt,709.84,4.0,"Quiet and peaceful, the perfect romantic getaway."
656,Bondi,Private room,422.1,3.5,Extremely clean and modern apartment with high-speed wifi.
657,Newtown,Private room,252.43,2.9,Luxury villa with a pool and ocean views. Incredible experience.
658,Bondi,Private room,416.62,2.8,A bit outdated but very affordable and cozy.
659,Newtown,Private room,255.05,4.0,"Basic room, clean but tiny. The host was very friendly."
660,Bondi,Entire home/apt,575.84,4.4,"A lovely, quiet neighborhood perfect for families. Close to the beach."
661,Newtown,Private room,423.19,3.5,"Very noisy and bustling, great for nightlife but hard to sleep."
662,Newtown,Shared room,520.55,3.8,A bit outdated but very affordable and cozy.
663,Darlinghurst,Private room,219.42,3.4,"Terrible experience, the place was dirty and loud."
664,Parramatta,Entire home/apt,745.03,4.0,"A lovely, quiet neighborhood perfect for families. Close to the beach."
665,Surry Hills,Private room,663.64,4.9,A bit outdated but very affordable and cozy.
666,Darlinghurst,Shared room,593.53,2.8,A bit outdated but very affordable and cozy.
667,Manly,Private room,697.96,3.1,"Terrible experience, the place was dirty and loud."
668,Surry Hills,Entire home/apt,409.18,3.8,"Very noisy and bustling, great for nightlife but hard to sleep."
669,Parramatta,Entire home/apt,67.38,4.5,A bit outdated but very affordable and cozy.
670,Newtown,Private room,578.21,3.8,"Quiet and peaceful, the perfect romantic getaway."
671,Bondi,Entire home/apt,204.32,5.0,"Terrible experience, the place was dirty and loud."
672,Parramatta,Shared room,269.8,2.6,Extremely clean and modern apartment with high-speed wifi.
673,Bondi,Shared room,229.73,3.3,A bit outdated but very affordable and cozy.
674,Parramatta,Shared room,189.77,4.0,A bit outdated but very affordable and cozy.
675,Bondi,Private room,201.07,2.9,"Basic room, clean but tiny. The host was very friendly."
676,Manly,Shared room,507.27,3.5,A bit outdated but very affordable and cozy.
677,Darlinghurst,Entire home/apt,189.92,3.5,Luxury villa with a pool and ocean views. Incredible experience.
678,Bondi,Shared room,576.18,2.7,"A lovely, quiet neighborhood perfect for families. Close to the beach."
679,Darlinghurst,Private room,173.38,2.6,A bit outdated but very affordable and cozy.
680,Parramatta,Entire home/apt,57.3,3.2,"Very noisy and bustling, great for nightlife but hard to sleep."
681,Parramatta,Private room,202.6,4.7,"Very noisy and bustling, great for nightlife but hard to sleep."
682,Newtown,Entire home/apt,400.75,4.9,A bit outdated but very affordable and cozy.
683,Bondi,Shared room,376.41,4.7,A bit outdated but very affordable and cozy.
684,Manly,Entire home/apt,441.48,2.9,Luxury villa with a pool and ocean views. Incredible experience.
685,Bondi,Shared room,151.43,4.3,"Terrible experience, the place was dirty and loud."
686,Bondi,Private room,329.3,3.9,Luxury villa with a pool and ocean views. Incredible experience.
687,Bondi,Shared room,114.39,3.3,"Very noisy and bustling, great for nightlife but hard to sleep."
688,Darlinghurst,Shared room,523.07,4.7,A bit outdated but very affordable and cozy.
689,Bondi,Private room,343.9,4.7,A bit outdated but very affordable and cozy.
690,Newtown,Shared room,246.53,3.4,"Basic room, clean but tiny. The host was very friendly."
691,Bondi,Shared room,82.1,3.9,"Terrible experience, the place was dirty and loud."
692,Manly,Private room,435.33,2.9,"A lovely, quiet neighborhood perfect for families. Close to the beach."
693,Parramatta,Entire home/apt,470.09,3.8,"Basic room, clean but tiny. The host was very friendly."
694,Manly,Entire home/apt,758.72,2.6,Extremely clean and modern apartment with high-speed wifi.
695,Bondi,Entire home/apt,152.88,3.6,Luxury villa with a pool and ocean views. Incredible experience.
696,Bondi,Shared room,388.89,2.5,"Very noisy and bustling, great for nightlife but hard to sleep."
697,Darlinghurst,Entire home/apt,419.98,3.2,Extremely clean and modern apartment with high-speed wifi.
698,Darlinghurst,Entire home/apt,112.31,3.2,"A lovely, quiet neighborhood perfect for families. Close to the beach."
699,Parramatta,Private room,304.33,3.6,"Terrible experience, the place was dirty and loud."
700,Darlinghurst,Shared room,72.0,3.5,"Terrible experience, the place was dirty and loud."
701,Parramatta,Private room,284.27,3.3,"A lovely, quiet neighborhood perfect for families. Close to the beach."
702,Bondi,Private room,418.9,4.9,"Quiet and peaceful, the perfect romantic getaway."
703,Newtown,Entire home/apt,561.33,3.1,"A lovely, quiet neighborhood perfect for families. Close to the beach."
704,Surry Hills,Entire home/apt,747.78,4.6,"Terrible experience, the place was dirty and loud."
705,Surry Hills,Shared room,473.12,2.7,Extremely clean and modern apartment with high-speed wifi.
706,Darlinghurst,Shared room,161.96,4.6,"Basic room, clean but tiny. The host was very friendly."
707,Newtown,Entire home/apt,223.34,3.8,"A lovely, quiet neighborhood perfect for families. Close to the beach."
708,Parramatta,Entire home/apt,409.66,3.3,"Terrible experience, the place was dirty and loud."
709,Darlinghurst,Private room,184.37,4.5,"Very noisy and bustling, great for nightlife but hard to sleep."
710,Surry Hills,Private room,787.05,3.7,Extremely clean and modern apartment with high-speed wifi.
711,Parramatta,Private room,574.73,2.8,A bit outdated but very affordable and cozy.
712,Newtown,Private room,445.65,4.3,"A lovely, quiet neighborhood perfect for families. Close to the beach."
713,Newtown,Entire home/apt,394.87,2.9,"Quiet and peaceful, the perfect romantic getaway."
714,Surry Hills,Entire home/apt,600.0,2.8,A bit outdated but very affordable and cozy.
715,Parramatta,Entire home/apt,559.1,4.0,Luxury villa with a pool and ocean views. Incredible experience.
716,Surry Hills,Shared room,683.09,2.8,Luxury villa with a pool and ocean views. Incredible experience.
717,Surry Hills,Private room,133.91,3.9,"Quiet and peaceful, the perfect romantic getaway."
718,Newtown,Private room,569.79,3.2,A bit outdated but very affordable and cozy.
719,Bondi,Private room,617.35,4.7,"A lovely, quiet neighborhood perfect for families. Close to the beach."
720,Surry Hills,Shared room,482.66,4.9,"A lovely, quiet neighborhood perfect for families. Close to the beach."
721,Newtown,Private room,397.82,4.9,A bit outdated but very affordable and cozy.
722,Parramatta,Private room,455.43,4.3,Extremely clean and modern apartment with high-speed wifi.
723,Newtown,Shared room,670.13,3.2,"A lovely, quiet neighborhood perfect for families. Close to the beach."
724,Parramatta,Shared room,192.99,2.9,"Very noisy and bustling, great for nightlife but hard to sleep."
725,Darlinghurst,Shared room,656.25,4.9,"A lovely, quiet neighborhood perfect for families. Close to the beach."
726,Manly,Private room,777.84,2.7,"A lovely, quiet neighborhood perfect for families. Close to the beach."
727,Manly,Entire home/apt,88.17,3.1,"Very noisy and bustling, great for nightlife but hard to sleep."
728,Surry Hills,Entire home/apt,605.33,5.0,Luxury villa with a pool and ocean views. Incredible experience.
729,Newtown,Shared room,768.67,3.5,"A lovely, quiet neighborhood perfect for families. Close to the beach."
730,Parramatta,Entire home/apt,255.82,4.0,Luxury villa with a pool and ocean views. Incredible experience.
731,Manly,Entire home/apt,705.56,4.9,"Terrible experience, the place was dirty and loud."
732,Newtown,Entire home/apt,445.74,4.2,Extremely clean and modern apartment with high-speed wifi.
733,Surry Hills,Entire home/apt,411.14,4.7,A bit outdated but very affordable and cozy.
734,Surry Hills,Entire home/apt,747.24,4.4,"Basic room, clean but tiny. The host was very friendly."
735,Parramatta,Private room,711.55,4.0,Luxury villa with a pool and ocean views. Incredible experience.
736,Bondi,Shared room,86.82,4.2,"A lovely, quiet neighborhood perfect for families. Close to the beach."
737,Bondi,Shared room,665.63,4.1,"Terrible experience, the place was dirty and loud."
738,Newtown,Entire home/apt,619.52,4.9,Extremely clean and modern apartment with high-speed wifi.
739,Manly,Shared room,301.66,4.8,"A lovely, quiet neighborhood perfect for families. Close to the beach."
740,Surry Hills,Private room,333.39,3.2,A bit outdated but very affordable and cozy.
741,Manly,Private room,666.7,5.0,Extremely clean and modern apartment with high-speed wifi.
742,Darlinghurst,Shared room,279.47,3.5,"Basic room, clean but tiny. The host was very friendly."
743,Darlinghurst,Entire home/apt,629.75,3.8,"Very noisy and bustling, great for nightlife but hard to sleep."
744,Darlinghurst,Entire home/apt,240.5,3.7,"Terrible experience, the place was dirty and loud."
745,Darlinghurst,Private room,673.63,2.9,Luxury villa with a pool and ocean views. Incredible experience.
746,Parramatta,Shared room,242.3,3.4,"A lovely, quiet neighborhood perfect for families. Close to the beach."
747,Surry Hills,Shared room,362.86,3.9,A bit outdated but very affordable and cozy.
748,Parramatta,Entire home/apt,397.08,4.9,"A lovely, quiet neighborhood perfect for families. Close to the beach."
749,Newtown,Entire home/apt,728.38,3.9,"Basic room, clean but tiny. The host was very friendly."
750,Bondi,Private room,58.74,4.8,A bit outdated but very affordable and cozy.
751,Surry Hills,Shared room,751.99,4.5,Extremely clean and modern apartment with high-speed wifi.
752,Parramatta,Shared room,631.54,3.1,A bit outdated but very affordable and cozy.
753,Bondi,Shared room,476.9,3.4,"A lovely, quiet neighborhood perfect for families. Close to the beach."
754,Surry Hills,Entire home/apt,125.17,2.8,"Terrible experience, the place was dirty and loud."
755,Newtown,Shared room,546.5,3.8,"Basic room, clean but tiny. The host was very friendly."
756,Newtown,Shared room,116.4,3.8,Extremely clean and modern apartment with high-speed wifi.
757,Manly,Private room,782.11,3.8,A bit outdated but very affordable and cozy.
758,Newtown,Shared room,724.4,4.1,"Terrible experience, the place was dirty and loud."
759,Darlinghurst,Private room,401.04,3.9,"Basic room, clean but tiny. The host was very friendly."
760,Bondi,Shared room,120.99,3.2,"Quiet and peaceful, the perfect romantic getaway."
761,Darlinghurst,Entire home/apt,283.23,3.2,Extremely clean and modern apartment with high-speed wifi.
762,Darlinghurst,Private room,724.91,5.0,Luxury villa with a pool and ocean views. Incredible experience.
763,Bondi,Shared room,667.97,2.5,Extremely clean and modern apartment with high-speed wifi.
764,Bondi,Shared room,527.29,4.7,"A lovely, quiet neighborhood perfect for families. Close to the beach."
765,Manly,Private room,99.36,4.0,"A lovely, quiet neighborhood perfect for families. Close to the beach."
766,Bondi,Shared room,657.95,4.0,"A lovely, quiet neighborhood perfect for families. Close to the beach."
767,Manly,Entire home/apt,412.55,4.1,A bit outdated but very affordable and cozy.
768,Darlinghurst,Entire home/apt,703.73,3.6,"Very noisy and bustling, great for nightlife but hard to sleep."
769,Surry Hills,Private room,160.01,4.8,"Terrible experience, the place was dirty and loud."
770,Darlinghurst,Private room,105.83,4.1,A bit outdated but very affordable and cozy.
771,Bondi,Private room,511.35,4.1,"Basic room, clean but tiny. The host was very friendly."
772,Newtown,Private room,306.46,2.9,Luxury villa with a pool and ocean views. Incredible experience.
773,Newtown,Shared room,536.61,3.7,"Very noisy and bustling, great for nightlife but hard to sleep."
774,Darlinghurst,Entire home/apt,437.35,4.6,"A lovely, quiet neighborhood perfect for families. Close to the beach."
775,Darlinghurst,Shared room,110.3,4.2,"A lovely, quiet neighborhood perfect for families. Close to the beach."
776,Manly,Private room,60.64,3.6,A bit outdated but very affordable and cozy.
777,Bondi,Entire home/apt,315.43,4.7,"Very noisy and bustling, great for nightlife but hard to sleep."
778,Darlinghurst,Shared room,101.78,4.8,"A lovely, quiet neighborhood perfect for families. Close to the beach."
779,Parramatta,Shared room,302.4,4.1,"Very noisy and bustling, great for nightlife but hard to sleep."
780,Newtown,Private room,112.92,4.2,Luxury villa with a pool and ocean views. Incredible experience.
781,Newtown,Entire home/apt,538.0,3.0,Luxury villa with a pool and ocean views. Incredible experience.
782,Darlinghurst,Entire home/apt,793.95,3.8,A bit outdated but very affordable and cozy.
783,Manly,Private room,356.13,3.6,"A lovely, quiet neighborhood perfect for families. Close to the beach."
784,Parramatta,Private room,129.24,4.1,Extremely clean and modern apartment with high-speed wifi.
785,Parramatta,Shared room,734.35,4.4,"Terrible experience, the place was dirty and loud."
786,Darlinghurst,Private room,645.69,4.4,"Quiet and peaceful, the perfect romantic getaway."
787,Manly,Private room,782.88,4.6,"Very noisy and bustling, great for nightlife but hard to sleep."
788,Bondi,Entire home/apt,285.02,2.9,"A lovely, quiet neighborhood perfect for families. Close to the beach."
789,Surry Hills,Private room,553.56,3.3,"Terrible experience, the place was dirty and loud."
790,Bondi,Shared room,603.35,4.9,"Very noisy and bustling, great for nightlife but hard to sleep."
791,Newtown,Shared room,533.4,3.8,"Basic room, clean but tiny. The host was very friendly."
792,Manly,Entire home/apt,531.71,4.4,"Terrible experience, the place was dirty and loud."
793,Manly,Private room,692.78,4.0,"Terrible experience, the place was dirty and loud."
794,Bondi,Shared room,539.84,4.9,A bit outdated but very affordable and cozy.
795,Surry Hills,Private room,267.81,4.6,"A lovely, quiet neighborhood perfect for families. Close to the beach."
796,Surry Hills,Entire home/apt,682.97,4.9,"Terrible experience, the place was dirty and loud."
797,Manly,Entire home/apt,271.18,2.8,"A lovely, quiet neighborhood perfect for families. Close to the beach."
798,Darlinghurst,Entire home/apt,221.91,4.9,Luxury villa with a pool and ocean views. Incredible experience.
799,Surry Hills,Private room,195.8,3.8,"Terrible experience, the place was dirty and loud."
800,Manly,Entire home/apt,314.31,4.1,"Very noisy and bustling, great for nightlife but hard to sleep."
801,Surry Hills,Private room,205.81,3.4,Luxury villa with a pool and ocean views. Incredible experience.
802,Bondi,Entire home/apt,167.8,4.4,A bit outdated but very affordable and cozy.
803,Parramatta,Entire home/apt,234.63,4.7,"Very noisy and bustling, great for nightlife but hard to sleep."
804,Parramatta,Private room,362.61,4.4,"Quiet and peaceful, the perfect romantic getaway."
805,Darlinghurst,Entire home/apt,438.1,4.2,Luxury villa with a pool and ocean views. Incredible experience.
806,Bondi,Private room,420.39,3.7,"A lovely, quiet neighborhood perfect for families. Close to the beach."
807,Surry Hills,Shared room,431.24,3.1,Extremely clean and modern apartment with high-speed wifi.
808,Darlinghurst,Private room,143.57,3.5,"Quiet and peaceful, the perfect romantic getaway."
809,Surry Hills,Shared room,596.93,4.8,"Basic room, clean but tiny. The host was very friendly."
810,Surry Hills,Shared room,517.5,4.8,"A lovely, quiet neighborhood perfect for families. Close to the beach."
811,Newtown,Entire home/apt,454.36,2.6,Luxury villa with a pool and ocean views. Incredible experience.
812,Manly,Shared room,748.19,2.8,Extremely clean and modern apartment with high-speed wifi.
813,Newtown,Entire home/apt,542.45,5.0,A bit outdated but very affordable and cozy.
814,Manly,Shared room,552.02,4.5,"Terrible experience, the place was dirty and loud."
815,Surry Hills,Shared room,752.7,3.7,Luxury villa with a pool and ocean views. Incredible experience.
816,Parramatta,Shared room,339.02,4.6,"Terrible experience, the place was dirty and loud."
817,Newtown,Private room,116.81,3.5,"Basic room, clean but tiny. The host was very friendly."
818,Bondi,Private room,310.0,4.1,"Very noisy and bustling, great for nightlife but hard to sleep."
819,Parramatta,Shared room,437.92,4.0,Extremely clean and modern apartment with high-speed wifi.
820,Bondi,Private room,694.0,2.6,Extremely clean and modern apartment with high-speed wifi.
821,Bondi,Entire home/apt,655.62,2.8,"Very noisy and bustling, great for nightlife but hard to sleep."
822,Darlinghurst,Entire home/apt,395.6,4.6,"Quiet and peaceful, the perfect romantic getaway."
823,Newtown,Shared room,689.42,2.7,Luxury villa with a pool and ocean views. Incredible experience.
824,Parramatta,Entire home/apt,133.77,3.4,"A lovely, quiet neighborhood perfect for families. Close to the beach."
825,Surry Hills,Private room,220.97,3.7,Extremely clean and modern apartment with high-speed wifi.
826,Manly,Shared room,314.66,3.8,"Basic room, clean but tiny. The host was very friendly."
827,Manly,Private room,778.35,2.9,"Terrible experience, the place was dirty and loud."
828,Newtown,Entire home/apt,785.18,4.9,"Basic room, clean but tiny. The host was very friendly."
829,Parramatta,Shared room,628.44,3.9,Luxury villa with a pool and ocean views. Incredible experience.
830,Darlinghurst,Shared room,710.69,4.5,"Terrible experience, the place was dirty and loud."
831,Darlinghurst,Entire home/apt,766.05,3.4,"Basic room, clean but tiny. The host was very friendly."
832,Manly,Entire home/apt,525.31,3.1,"Quiet and peaceful, the perfect romantic getaway."
833,Newtown,Entire home/apt,558.16,4.4,"Very noisy and bustling, great for nightlife but hard to sleep."
834,Bondi,Private room,617.07,4.6,"Quiet and peaceful, the perfect romantic getaway."
835,Manly,Shared room,79.4,3.9,A bit outdated but very affordable and cozy.
836,Parramatta,Shared room,398.03,4.1,A bit outdated but very affordable and cozy.
837,Darlinghurst,Shared room,480.49,3.4,"Terrible experience, the place was dirty and loud."
838,Manly,Shared room,505.6,3.1,"Very noisy and bustling, great for nightlife but hard to sleep."
839,Parramatta,Private room,300.1,3.6,"Very noisy and bustling, great for nightlife but hard to sleep."
840,Manly,Entire home/apt,193.86,2.7,"Quiet and peaceful, the perfect romantic getaway."
841,Darlinghurst,Shared room,439.28,5.0,"Basic room, clean but tiny. The host was very friendly."
842,Surry Hills,Entire home/apt,740.58,2.5,Extremely clean and modern apartment with high-speed wifi.
843,Bondi,Private room,572.97,4.1,"Basic room, clean but tiny. The host was very friendly."
844,Manly,Entire home/apt,181.71,4.0,"Quiet and peaceful, the perfect romantic getaway."
845,Newtown,Private room,205.54,3.7,"A lovely, quiet neighborhood perfect for families. Close to the beach."
846,Darlinghurst,Private room,219.15,4.6,"Very noisy and bustling, great for nightlife but hard to sleep."
847,Surry Hills,Entire home/apt,392.88,3.5,"Basic room, clean but tiny. The host was very friendly."
848,Bondi,Entire home/apt,707.75,4.1,"Terrible experience, the place was dirty and loud."
849,Manly,Shared room,332.61,3.6,Luxury villa with a pool and ocean views. Incredible experience.
850,Surry Hills,Entire home/apt,582.83,3.6,"Very noisy and bustling, great for nightlife but hard to sleep."
851,Surry Hills,Private room,719.41,2.6,Extremely clean and modern apartment with high-speed wifi.
852,Manly,Entire home/apt,617.92,3.3,"Basic room, clean but tiny. The host was very friendly."
853,Manly,Private room,360.2,4.4,A bit outdated but very affordable and cozy.
854,Parramatta,Private room,551.49,4.4,Luxury villa with a pool and ocean views. Incredible experience.
855,Surry Hills,Shared room,789.61,4.4,"A lovely, quiet neighborhood perfect for families. Close to the beach."
856,Manly,Entire home/apt,316.4,3.2,"Very noisy and bustling, great for nightlife but hard to sleep."
857,Surry Hills,Shared room,378.68,3.2,"Very noisy and bustling, great for nightlife but hard to sleep."
858,Bondi,Private room,268.85,4.2,A bit outdated but very affordable and cozy.
859,Darlinghurst,Private room,572.0,2.9,"Basic room, clean but tiny. The host was very friendly."
860,Manly,Entire home/apt,572.22,3.3,Extremely clean and modern apartment with high-speed wifi.
861,Newtown,Private room,518.68,3.4,A bit outdated but very affordable and cozy.
862,Parramatta,Shared room,661.74,3.3,A bit outdated but very affordable and cozy.
863,Surry Hills,Private room,510.97,2.6,"Terrible experience, the place was dirty and loud."
864,Bondi,Entire home/apt,111.0,5.0,"Basic room, clean but tiny. The host was very friendly."
865,Surry Hills,Entire home/apt,139.21,4.7,"A lovely, quiet neighborhood perfect for families. Close to the beach."
866,Parramatta,Entire home/apt,793.37,4.4,Luxury villa with a pool and ocean views. Incredible experience.
867,Darlinghurst,Entire home/apt,140.02,2.9,"Basic room, clean but tiny. The host was very friendly."
868,Parramatta,Shared room,760.81,3.8,"Terrible experience, the place was dirty and loud."
869,Newtown,Entire home/apt,497.4,3.7,Extremely clean and modern apartment with high-speed wifi.
870,Parramatta,Entire home/apt,359.11,2.9,"Quiet and peaceful, the perfect romantic getaway."
871,Surry Hills,Private room,364.6,4.6,"Terrible experience, the place was dirty and loud."
872,Bondi,Shared room,156.58,2.5,A bit outdated but very affordable and cozy.
873,Surry Hills,Private room,552.43,4.9,Extremely clean and modern apartment with high-speed wifi.
874,Bondi,Private room,113.47,4.3,"Quiet and peaceful, the perfect romantic getaway."
875,Bondi,Entire home/apt,398.72,2.7,Luxury villa with a pool and ocean views. Incredible experience.
876,Parramatta,Shared room,60.39,4.5,"Basic room, clean but tiny. The host was very friendly."
877,Manly,Entire home/apt,592.92,4.3,"Terrible experience, the place was dirty and loud."
878,Parramatta,Shared room,531.28,3.2,"A lovely, quiet neighborhood perfect for families. Close to the beach."
879,Darlinghurst,Shared room,601.92,3.0,Luxury villa with a pool and ocean views. Incredible experience.
880,Darlinghurst,Entire home/apt,686.73,3.8,"Terrible experience, the place was dirty and loud."
881,Bondi,Entire home/apt,395.97,3.2,A bit outdated but very affordable and cozy.
882,Surry Hills,Shared room,403.63,4.4,"Very noisy and bustling, great for nightlife but hard to sleep."
883,Parramatta,Private room,381.29,4.9,"Basic room, clean but tiny. The host was very friendly."
884,Manly,Private room,232.56,4.1,A bit outdated but very affordable and cozy.
885,Bondi,Private room,748.03,4.9,"Basic room, clean but tiny. The host was very friendly."
886,Manly,Entire home/apt,631.11,3.0,"Terrible experience, the place was dirty and loud."
887,Manly,Private room,687.19,4.7,"Very noisy and bustling, great for nightlife but hard to sleep."
888,Darlinghurst,Shared room,252.01,3.9,"Very noisy and bustling, great for nightlife but hard to sleep."
889,Surry Hills,Shared room,97.59,3.3,"Quiet and peaceful, the perfect romantic getaway."
890,Darlinghurst,Private room,657.22,4.8,"Basic room, clean but tiny. The host was very friendly."
891,Parramatta,Shared room,363.81,4.7,A bit outdated but very affordable and cozy.
892,Newtown,Entire home/apt,720.86,2.8,"Quiet and peaceful, the perfect romantic getaway."
893,Darlinghurst,Private room,762.04,2.7,A bit outdated but very affordable and cozy.
894,Surry Hills,Private room,695.79,4.4,"Quiet and peaceful, the perfect romantic getaway."
895,Surry Hills,Entire home/apt,608.44,4.3,A bit outdated but very affordable and cozy.
896,Bondi,Entire home/apt,414.13,4.1,A bit outdated but very affordable and cozy.
897,Darlinghurst,Shared room,627.75,3.6,"A lovely, quiet neighborhood perfect for families. Close to the beach."
898,Bondi,Shared room,372.76,4.1,A bit outdated but very affordable and cozy.
899,Newtown,Shared room,665.53,2.7,"Terrible experience, the place was dirty and loud."
900,Manly,Private room,578.28,5.0,"Quiet and peaceful, the perfect romantic getaway."
901,Parramatta,Entire home/apt,230.58,3.8,"Quiet and peaceful, the perfect romantic getaway."
902,Manly,Private room,334.65,3.0,Luxury villa with a pool and ocean views. Incredible experience.
903,Surry Hills,Private room,269.19,2.6,Extremely clean and modern apartment with high-speed wifi.
904,Newtown,Entire home/apt,362.58,3.2,"Terrible experience, the place was dirty and loud."
905,Parramatta,Shared room,418.92,3.0,"A lovely, quiet neighborhood perfect for families. Close to the beach."
906,Bondi,Private room,77.84,2.7,"Basic room, clean but tiny. The host was very friendly."
907,Bondi,Private room,335.87,2.6,"A lovely, quiet neighborhood perfect for families. Close to the beach."
908,Bondi,Entire home/apt,647.55,4.4,"Terrible experience, the place was dirty and loud."
909,Darlinghurst,Private room,258.34,2.6,"A lovely, quiet neighborhood perfect for families. Close to the beach."
910,Newtown,Shared room,572.73,4.8,"Terrible experience, the place was dirty and loud."
911,Parramatta,Shared room,388.09,3.8,"A lovely, quiet neighborhood perfect for families. Close to the beach."
912,Parramatta,Entire home/apt,687.11,2.9,Extremely clean and modern apartment with high-speed wifi.
913,Bondi,Entire home/apt,277.28,2.9,A bit outdated but very affordable and cozy.
914,Bondi,Private room,645.62,3.1,A bit outdated but very affordable and cozy.
915,Surry Hills,Shared room,333.62,2.8,"Very noisy and bustling, great for nightlife but hard to sleep."
916,Parramatta,Shared room,141.38,3.5,"A lovely, quiet neighborhood perfect for families. Close to the beach."
917,Parramatta,Shared room,725.35,4.7,Extremely clean and modern apartment with high-speed wifi.
918,Newtown,Private room,329.46,4.3,Luxury villa with a pool and ocean views. Incredible experience.
919,Manly,Private room,109.4,3.2,"Terrible experience, the place was dirty and loud."
920,Newtown,Shared room,573.59,2.8,Extremely clean and modern apartment with high-speed wifi.
921,Surry Hills,Shared room,392.35,3.8,"A lovely, quiet neighborhood perfect for families. Close to the beach."
922,Manly,Private room,108.89,4.0,"Quiet and peaceful, the perfect romantic getaway."
923,Manly,Entire home/apt,736.02,4.3,"A lovely, quiet neighborhood perfect for families. Close to the beach."
924,Bondi,Shared room,756.08,5.0,"Basic room, clean but tiny. The host was very friendly."
925,Manly,Private room,478.25,3.1,"Terrible experience, the place was dirty and loud."
926,Parramatta,Shared room,369.67,2.9,"Very noisy and bustling, great for nightlife but hard to sleep."
927,Surry Hills,Entire home/apt,420.75,4.8,"Very noisy and bustling, great for nightlife but hard to sleep."
928,Parramatta,Private room,381.01,3.5,Extremely clean and modern apartment with high-speed wifi.
929,Darlinghurst,Entire home/apt,559.09,3.9,A bit outdated but very affordable and cozy.
930,Manly,Private room,162.45,2.9,Luxury villa with a pool and ocean views. Incredible experience.
931,Parramatta,Entire home/apt,556.78,3.3,"Basic room, clean but tiny. The host was very friendly."
932,Bondi,Private room,512.93,3.8,Extremely clean and modern apartment with high-speed wifi.
933,Surry Hills,Entire home/apt,465.28,3.3,A bit outdated but very affordable and cozy.
934,Surry Hills,Entire home/apt,288.15,3.4,"Quiet and peaceful, the perfect romantic getaway."
935,Parramatta,Entire home/apt,788.72,2.7,Extremely clean and modern apartment with high-speed wifi.
936,Darlinghurst,Shared room,551.26,2.6,Extremely clean and modern apartment with high-speed wifi.
937,Darlinghurst,Entire home/apt,770.63,2.9,Luxury villa with a pool and ocean views. Incredible experience.
938,Parramatta,Private room,590.22,5.0,Luxury villa with a pool and ocean views. Incredible experience.
939,Darlinghurst,Private room,458.62,4.2,"A lovely, quiet neighborhood perfect for families. Close to the beach."
940,Surry Hills,Shared room,607.4,3.0,"Terrible experience, the place was dirty and loud."
941,Manly,Entire home/apt,487.91,3.3,Extremely clean and modern apartment with high-speed wifi.
942,Darlinghurst,Shared room,387.77,4.9,"Very noisy and bustling, great for nightlife but hard to sleep."
943,Surry Hills,Shared room,418.38,2.9,Luxury villa with a pool and ocean views. Incredible experience.
944,Newtown,Private room,56.45,2.7,"A lovely, quiet neighborhood perfect for families. Close to the beach."
945,Parramatta,Entire home/apt,719.82,4.9,"Terrible experience, the place was dirty and loud."
946,Darlinghurst,Entire home/apt,760.72,2.9,"Basic room, clean but tiny. The host was very friendly."
947,Manly,Entire home/apt,661.29,4.2,"Very noisy and bustling, great for nightlife but hard to sleep."
948,Surry Hills,Private room,534.56,4.3,Extremely clean and modern apartment with high-speed wifi.
949,Darlinghurst,Private room,366.86,4.0,"Basic room, clean but tiny. The host was very friendly."
950,Surry Hills,Private room,161.08,4.5,"Very noisy and bustling, great for nightlife but hard to sleep."
951,Manly,Shared room,486.98,4.6,"Quiet and peaceful, the perfect romantic getaway."
952,Newtown,Shared room,229.69,4.3,Luxury villa with a pool and ocean views. Incredible experience.
953,Newtown,Shared room,578.87,2.7,"Very noisy and bustling, great for nightlife but hard to sleep."
954,Darlinghurst,Private room,261.14,3.7,"Terrible experience, the place was dirty and loud."
955,Manly,Shared room,775.63,4.0,"Basic room, clean but tiny. The host was very friendly."
956,Darlinghurst,Shared room,249.55,4.8,"Quiet and peaceful, the perfect romantic getaway."
957,Parramatta,Private room,346.53,3.2,"Basic room, clean but tiny. The host was very friendly."
958,Darlinghurst,Entire home/apt,611.34,2.8,"Very noisy and bustling, great for nightlife but hard to sleep."
959,Parramatta,Shared room,383.74,4.6,"Very noisy and bustling, great for nightlife but hard to sleep."
960,Darlinghurst,Private room,783.18,4.6,"Terrible experience, the place was dirty and loud."
961,Bondi,Entire home/apt,514.85,4.7,A bit outdated but very affordable and cozy.
962,Parramatta,Private room,621.74,5.0,Extremely clean and modern apartment with high-speed wifi.
963,Parramatta,Entire home/apt,120.11,3.4,A bit outdated but very affordable and cozy.
964,Surry Hills,Entire home/apt,679.11,4.9,"Very noisy and bustling, great for nightlife but hard to sleep."
965,Parramatta,Shared room,418.92,4.4,A bit outdated but very affordable and cozy.
966,Parramatta,Entire home/apt,214.38,2.7,"A lovely, quiet neighborhood perfect for families. Close to the beach."
967,Manly,Private room,543.44,4.1,"Quiet and peaceful, the perfect romantic getaway."
968,Manly,Private room,127.2,2.8,"Terrible experience, the place was dirty and loud."
969,Newtown,Private room,759.33,2.5,A bit outdated but very affordable and cozy.
970,Bondi,Entire home/apt,665.37,2.5,"A lovely, quiet neighborhood perfect for families. Close to the beach."
971,Manly,Shared room,249.48,2.5,"Terrible experience, the place was dirty and loud."
972,Darlinghurst,Shared room,746.69,3.7,A bit outdated but very affordable and cozy.
973,Manly,Shared room,89.82,2.6,"Basic room, clean but tiny. The host was very friendly."
974,Newtown,Private room,669.96,3.6,"A lovely, quiet neighborhood perfect for families. Close to the beach."
975,Surry Hills,Private room,789.86,4.0,"Very noisy and bustling, great for nightlife but hard to sleep."
976,Surry Hills,Private room,279.69,4.5,A bit outdated but very affordable and cozy.
977,Darlinghurst,Shared room,334.29,3.2,"Terrible experience, the place was dirty and loud."
978,Parramatta,Entire home/apt,722.08,4.6,"Very noisy and bustling, great for nightlife but hard to sleep."
979,Manly,Entire home/apt,108.98,3.1,Luxury villa with a pool and ocean views. Incredible experience.
980,Parramatta,Shared room,653.14,3.3,"Basic room, clean but tiny. The host was very friendly."
981,Manly,Shared room,789.78,4.2,A bit outdated but very affordable and cozy.
982,Bondi,Shared room,382.78,3.1,"Terrible experience, the place was dirty and loud."
983,Surry Hills,Entire home/apt,503.29,2.9,"Basic room, clean but tiny. The host was very friendly."
984,Surry Hills,Shared room,336.79,4.0,A bit outdated but very affordable and cozy.
985,Bondi,Entire home/apt,270.16,2.9,"Basic room, clean but tiny. The host was very friendly."
986,Bondi,Private room,482.21,4.4,"Basic room, clean but tiny. The host was very friendly."
987,Manly,Entire home/apt,389.03,2.9,A bit outdated but very affordable and cozy.
988,Manly,Shared room,523.84,2.5,"Basic room, clean but tiny. The host was very friendly."
989,Surry Hills,Entire home/apt,231.27,5.0,"Terrible experience, the place was dirty and loud."
990,Manly,Entire home/apt,778.7,4.2,"Terrible experience, the place was dirty and loud."
991,Darlinghurst,Private room,751.98,3.4,Extremely clean and modern apartment with high-speed wifi.
992,Bondi,Shared room,458.81,4.8,"Very noisy and bustling, great for nightlife but hard to sleep."
993,Manly,Private room,528.38,2.7,A bit outdated but very affordable and cozy.
994,Parramatta,Entire home/apt,358.29,4.7,"Very noisy and bustling, great for nightlife but hard to sleep."
995,Manly,Private room,647.25,4.1,Extremely clean and modern apartment with high-speed wifi.
996,Newtown,Shared room,185.41,3.3,Extremely clean and modern apartment with high-speed wifi.
997,Parramatta,Entire home/apt,489.14,2.7,A bit outdated but very affordable and cozy.
998,Manly,Entire home/apt,624.29,3.1,"Quiet and peaceful, the perfect romantic getaway."
999,Manly,Entire home/apt,59.34,4.1,"A lovely, quiet neighborhood perfect for families. Close to the beach."
1000,Manly,Shared room,758.75,3.1,Luxury villa with a pool and ocean views. Incredible experience.
1001,Surry Hills,Entire home/apt,386.59,3.8,A bit outdated but very affordable and cozy.
1002,Surry Hills,Shared room,235.19,4.9,"Quiet and peaceful, the perfect romantic getaway."
1003,Bondi,Private room,291.91,2.8,"Quiet and peaceful, the perfect romantic getaway."
1004,Surry Hills,Private room,185.65,3.9,A bit outdated but very affordable and cozy.
1005,Darlinghurst,Entire home/apt,380.02,4.0,"A lovely, quiet neighborhood perfect for families. Close to the beach."
1006,Manly,Shared room,450.04,4.7,Extremely clean and modern apartment with high-speed wifi.
1007,Newtown,Shared room,744.63,4.2,A bit outdated but very affordable and cozy.
1008,Manly,Entire home/apt,300.8,2.9,"Basic room, clean but tiny. The host was very friendly."
1009,Parramatta,Entire home/apt,701.48,3.7,"Very noisy and bustling, great for nightlife but hard to sleep."
1010,Surry Hills,Entire home/apt,357.49,4.4,Luxury villa with a pool and ocean views. Incredible experience.
1011,Parramatta,Private room,515.16,3.0,Extremely clean and modern apartment with high-speed wifi.
1012,Manly,Private room,304.48,4.3,"Quiet and peaceful, the perfect romantic getaway."
1013,Newtown,Shared room,241.25,4.4,"Basic room, clean but tiny. The host was very friendly."
1014,Parramatta,Private room,735.45,4.2,Luxury villa with a pool and ocean views. Incredible experience.
1015,Parramatta,Private room,346.88,3.6,"Terrible experience, the place was dirty and loud."
1016,Parramatta,Private room,229.13,2.7,A bit outdated but very affordable and cozy.
1017,Bondi,Private room,486.59,4.4,A bit outdated but very affordable and cozy.
1018,Parramatta,Entire home/apt,728.67,3.8,"Terrible experience, the place was dirty and loud."
1019,Bondi,Private room,745.85,3.0,"Quiet and peaceful, the perfect romantic getaway."
1020,Newtown,Private room,757.68,4.2,"Terrible experience, the place was dirty and loud."
1021,Parramatta,Private room,739.76,2.8,A bit outdated but very affordable and cozy.
1022,Manly,Private room,350.69,2.6,"Terrible experience, the place was dirty and loud."
1023,Bondi,Entire home/apt,756.94,3.0,Extremely clean and modern apartment with high-speed wifi.
1024,Newtown,Private room,503.04,4.0,A bit outdated but very affordable and cozy.
1025,Surry Hills,Entire home/apt,483.11,4.7,A bit outdated but very affordable and cozy.
1026,Manly,Shared room,720.51,3.4,A bit outdated but very affordable and cozy.
1027,Manly,Shared room,756.22,3.0,"Basic room, clean but tiny. The host was very friendly."
1028,Bondi,Shared room,172.5,3.7,"Quiet and peaceful, the perfect romantic getaway."
1029,Surry Hills,Shared room,567.73,4.5,"Very noisy and bustling, great for nightlife but hard to sleep."
1030,Newtown,Shared room,594.53,3.4,Extremely clean and modern apartment with high-speed wifi.
1031,Surry Hills,Shared room,513.69,4.5,"Quiet and peaceful, the perfect romantic getaway."
1032,Darlinghurst,Private room,487.26,3.4,Extremely clean and modern apartment with high-speed wifi.
1033,Manly,Shared room,758.92,4.1,Extremely clean and modern apartment with high-speed wifi.
1034,Manly,Entire home/apt,769.12,3.0,"Quiet and peaceful, the perfect romantic getaway."
1035,Parramatta,Entire home/apt,133.27,3.3,A bit outdated but very affordable and cozy.
1036,Newtown,Private room,509.58,2.8,"Very noisy and bustling, great for nightlife but hard to sleep."
1037,Parramatta,Entire home/apt,565.25,4.9,Extremely clean and modern apartment with high-speed wifi.
1038,Manly,Entire home/apt,52.41,5.0,"Quiet and peaceful, the perfect romantic getaway."
1039,Newtown,Private room,414.36,2.5,"A lovely, quiet neighborhood perfect for families. Close to the beach."
1040,Bondi,Private room,255.37,4.8,"Basic room, clean but tiny. The host was very friendly."
1041,Surry Hills,Private room,356.86,4.6,"Basic room, clean but tiny. The host was very friendly."
1042,Manly,Shared room,579.36,2.9,"A lovely, quiet neighborhood perfect for families. Close to the beach."
1043,Manly,Private room,128.66,4.0,A bit outdated but very affordable and cozy.
1044,Parramatta,Private room,388.28,3.7,A bit outdated but very affordable and cozy.
1045,Manly,Shared room,458.44,2.5,"Very noisy and bustling, great for nightlife but hard to sleep."
1046,Newtown,Private room,358.9,2.8,"Very noisy and bustling, great for nightlife but hard to sleep."
1047,Surry Hills,Entire home/apt,778.23,3.2,A bit outdated but very affordable and cozy.
1048,Darlinghurst,Entire home/apt,737.24,4.7,"Basic room, clean but tiny. The host was very friendly."
1049,Darlinghurst,Entire home/apt,519.54,4.8,"A lovely, quiet neighborhood perfect for families. Close to the beach."
1050,Surry Hills,Shared room,308.54,3.9,"Very noisy and bustling, great for nightlife but hard to sleep."
1051,Newtown,Shared room,710.73,4.7,"Terrible experience, the place was dirty and loud."
1052,Darlinghurst,Entire home/apt,234.14,3.4,"Terrible experience, the place was dirty and loud."
1053,Surry Hills,Entire home/apt,186.96,3.5,Luxury villa with a pool and ocean views. Incredible experience.
1054,Darlinghurst,Shared room,254.28,4.6,"A lovely, quiet neighborhood perfect for families. Close to the beach."
1055,Darlinghurst,Private room,412.61,4.5,"Terrible experience, the place was dirty and loud."
1056,Parramatta,Shared room,636.71,3.6,"Terrible experience, the place was dirty and loud."
1057,Newtown,Shared room,526.38,5.0,"Very noisy and bustling, great for nightlife but hard to sleep."
1058,Darlinghurst,Shared room,409.43,2.8,"Basic room, clean but tiny. The host was very friendly."
1059,Bondi,Entire home/apt,293.21,4.2,Extremely clean and modern apartment with high-speed wifi.
1060,Darlinghurst,Entire home/apt,595.63,3.4,A bit outdated but very affordable and cozy.
1061,Surry Hills,Private room,637.09,4.9,"Basic room, clean but tiny. The host was very friendly."
1062,Parramatta,Shared room,401.15,4.0,"Basic room, clean but tiny. The host was very friendly."
1063,Darlinghurst,Private room,265.24,2.8,"Very noisy and bustling, great for nightlife but hard to sleep."
1064,Manly,Private room,549.37,3.9,"Terrible experience, the place was dirty and loud."
1065,Surry Hills,Private room,452.08,4.1,"Very noisy and bustling, great for nightlife but hard to sleep."
1066,Bondi,Shared room,551.53,3.9,"A lovely, quiet neighborhood perfect for families. Close to the beach."
1067,Darlinghurst,Entire home/apt,319.55,3.4,Extremely clean and modern apartment with high-speed wifi.
1068,Newtown,Private room,156.16,4.9,A bit outdated but very affordable and cozy.
1069,Manly,Shared room,86.03,4.7,"Very noisy and bustling, great for nightlife but hard to sleep."
1070,Parramatta,Private room,336.99,4.1,Extremely clean and modern apartment with high-speed wifi.
1071,Surry Hills,Shared room,518.73,4.3,"Very noisy and bustling, great for nightlife but hard to sleep."
1072,Parramatta,Private room,558.22,4.1,"Quiet and peaceful, the perfect romantic getaway."
1073,Manly,Entire home/apt,133.18,4.3,A bit outdated but very affordable and cozy.
1074,Darlinghurst,Shared room,728.91,2.5,"Quiet and peaceful, the perfect romantic getaway."
1075,Bondi,Entire home/apt,658.86,2.9,"Very noisy and bustling, great for nightlife but hard to sleep."
1076,Parramatta,Entire home/apt,156.29,4.8,Extremely clean and modern apartment with high-speed wifi.
1077,Parramatta,Entire home/apt,429.55,4.0,"A lovely, quiet neighborhood perfect for families. Close to the beach."
1078,Bondi,Entire home/apt,742.42,4.4,"Basic room, clean but tiny. The host was very friendly."
1079,Darlinghurst,Private room,280.86,4.0,"Very noisy and bustling, great for nightlife but hard to sleep."
1080,Manly,Entire home/apt,80.41,2.6,Extremely clean and modern apartment with high-speed wifi.
1081,Parramatta,Private room,420.2,4.8,"Quiet and peaceful, the perfect romantic getaway."
1082,Surry Hills,Entire home/apt,174.54,3.1,"A lovely, quiet neighborhood perfect for families. Close to the beach."
1083,Manly,Shared room,249.16,4.3,"Terrible experience, the place was dirty and loud."
1084,Manly,Private room,708.73,3.9,"Quiet and peaceful, the perfect romantic getaway."
1085,Surry Hills,Shared room,394.42,4.3,"Basic room, clean but tiny. The host was very friendly."
1086,Manly,Entire home/apt,404.55,3.1,"Basic room, clean but tiny. The host was very friendly."
1087,Parramatta,Shared room,351.57,3.7,"Basic room, clean but tiny. The host was very friendly."
1088,Parramatta,Shared room,517.64,3.2,"Quiet and peaceful, the perfect romantic getaway."
1089,Darlinghurst,Entire home/apt,206.11,3.4,"Very noisy and bustling, great for nightlife but hard to sleep."
1090,Parramatta,Entire home/apt,308.04,2.7,A bit outdated but very affordable and cozy.
1091,Darlinghurst,Shared room,167.99,4.0,"Quiet and peaceful, the perfect romantic getaway."
1092,Bondi,Shared room,605.86,4.6,"Terrible experience, the place was dirty and loud."
1093,Newtown,Shared room,217.42,4.3,Extremely clean and modern apartment with high-speed wifi.
1094,Bondi,Shared room,245.96,2.9,"Very noisy and bustling, great for nightlife but hard to sleep."
1095,Surry Hills,Shared room,393.05,3.5,Luxury villa with a pool and ocean views. Incredible experience.
1096,Newtown,Shared room,156.03,3.1,"Quiet and peaceful, the perfect romantic getaway."
1097,Darlinghurst,Entire home/apt,289.55,3.1,"Quiet and peaceful, the perfect romantic getaway."
1098,Darlinghurst,Shared room,610.79,3.1,"Quiet and peaceful, the perfect romantic getaway."
1099,Darlinghurst,Entire home/apt,110.62,4.3,"Basic room, clean but tiny. The host was very friendly."
1100,Parramatta,Shared room,613.4,3.6,"Terrible experience, the place was dirty and loud."
1101,Parramatta,Shared room,120.61,4.0,"Very noisy and bustling, great for nightlife but hard to sleep."
1102,Parramatta,Entire home/apt,479.59,2.6,"Quiet and peaceful, the perfect romantic getaway."
1103,Bondi,Shared room,68.15,3.5,A bit outdated but very affordable and cozy.
1104,Parramatta,Private room,783.21,2.8,A bit outdated but very affordable and cozy.
1105,Surry Hills,Shared room,640.7,4.1,Luxury villa with a pool and ocean views. Incredible experience.
1106,Manly,Shared room,247.13,5.0,"Very noisy and bustling, great for nightlife but hard to sleep."
1107,Manly,Private room,312.8,2.7,"Basic room, clean but tiny. The host was very friendly."
1108,Surry Hills,Entire home/apt,217.04,4.0,"Basic room, clean but tiny. The host was very friendly."
1109,Surry Hills,Private room,282.97,4.9,Extremely clean and modern apartment with high-speed wifi.
1110,Manly,Entire home/apt,666.23,4.9,"Terrible experience, the place was dirty and loud."
1111,Darlinghurst,Private room,397.6,2.8,"Quiet and peaceful, the perfect romantic getaway."
1112,Bondi,Entire home/apt,496.34,3.9,"Very noisy and bustling, great for nightlife but hard to sleep."
1113,Darlinghurst,Entire home/apt,750.18,4.8,Extremely clean and modern apartment with high-speed wifi.
1114,Darlinghurst,Entire home/apt,636.05,2.9,"Quiet and peaceful, the perfect romantic getaway."
1115,Newtown,Entire home/apt,282.21,4.0,"Very noisy and bustling, great for nightlife but hard to sleep."
1116,Surry Hills,Private room,444.57,3.1,"Quiet and peaceful, the perfect romantic getaway."
1117,Manly,Entire home/apt,109.19,4.8,"Very noisy and bustling, great for nightlife but hard to sleep."
1118,Darlinghurst,Private room,210.59,2.7,"A lovely, quiet neighborhood perfect for families. Close to the beach."
1119,Darlinghurst,Private room,523.1,4.8,"Basic room, clean but tiny. The host was very friendly."
1120,Darlinghurst,Private room,751.76,3.4,Luxury villa with a pool and ocean views. Incredible experience.
1121,Surry Hills,Entire home/apt,795.62,3.4,"A lovely, quiet neighborhood perfect for families. Close to the beach."
1122,Manly,Entire home/apt,174.66,4.2,Extremely clean and modern apartment with high-speed wifi.
1123,Parramatta,Shared room,696.98,4.4,"Terrible experience, the place was dirty and loud."
1124,Darlinghurst,Entire home/apt,473.49,2.9,"A lovely, quiet neighborhood perfect for families. Close to the beach."
1125,Surry Hills,Entire home/apt,434.18,3.2,Luxury villa with a pool and ocean views. Incredible experience.
1126,Manly,Shared room,650.78,3.7,"Terrible experience, the place was dirty and loud."
1127,Manly,Entire home/apt,356.09,3.2,"Very noisy and bustling, great for nightlife but hard to sleep."
1128,Newtown,Shared room,425.19,3.1,"Basic room, clean but tiny. The host was very friendly."
1129,Parramatta,Shared room,110.65,4.6,"Very noisy and bustling, great for nightlife but hard to sleep."
1130,Bondi,Entire home/apt,796.68,2.7,"Basic room, clean but tiny. The host was very friendly."
1131,Darlinghurst,Private room,475.31,3.2,"Quiet and peaceful, the perfect romantic getaway."
1132,Surry Hills,Private room,779.54,4.9,"Quiet and peaceful, the perfect romantic getaway."
1133,Bondi,Entire home/apt,383.61,2.8,"Terrible experience, the place was dirty and loud."
1134,Darlinghurst,Shared room,635.12,4.3,A bit outdated but very affordable and cozy.
1135,Manly,Shared room,655.0,2.5,Extremely clean and modern apartment with high-speed wifi.
1136,Bondi,Shared room,312.36,3.1,Luxury villa with a pool and ocean views. Incredible experience.
1137,Newtown,Private room,586.41,3.9,"Very noisy and bustling, great for nightlife but hard to sleep."
1138,Parramatta,Private room,410.72,3.3,"Terrible experience, the place was dirty and loud."
1139,Darlinghurst,Entire home/apt,453.6,4.4,A bit outdated but very affordable and cozy.
1140,Parramatta,Private room,668.86,3.9,Extremely clean and modern apartment with high-speed wifi.
1141,Bondi,Entire home/apt,544.46,4.6,"Basic room, clean but tiny. The host was very friendly."
1142,Parramatta,Shared room,69.98,4.3,"Quiet and peaceful, the perfect romantic getaway."
1143,Surry Hills,Entire home/apt,424.81,3.6,"Quiet and peaceful, the perfect romantic getaway."
1144,Newtown,Shared room,240.51,3.7,"Very noisy and bustling, great for nightlife but hard to sleep."
1145,Surry Hills,Shared room,322.24,4.8,A bit outdated but very affordable and cozy.
1146,Parramatta,Shared room,738.01,2.8,Extremely clean and modern apartment with high-speed wifi.
1147,Bondi,Shared room,102.38,4.1,"Very noisy and bustling, great for nightlife but hard to sleep."
1148,Bondi,Entire home/apt,255.75,4.0,A bit outdated but very affordable and cozy.
1149,Bondi,Shared room,170.38,4.7,"Terrible experience, the place was dirty and loud."
1150,Bondi,Shared room,112.59,4.0,"Very noisy and bustling, great for nightlife but hard to sleep."
1151,Manly,Private room,493.26,2.8,"Basic room, clean but tiny. The host was very friendly."
1152,Bondi,Shared room,464.26,3.9,"Terrible experience, the place was dirty and loud."
1153,Darlinghurst,Entire home/apt,205.65,4.3,"A lovely, quiet neighborhood perfect for families. Close to the beach."
1154,Newtown,Shared room,169.8,4.3,"Basic room, clean but tiny. The host was very friendly."
1155,Surry Hills,Shared room,290.13,3.5,A bit outdated but very affordable and cozy.
1156,Newtown,Shared room,204.62,2.8,"Quiet and peaceful, the perfect romantic getaway."
1157,Parramatta,Private room,701.24,4.1,"Very noisy and bustling, great for nightlife but hard to sleep."
1158,Surry Hills,Entire home/apt,97.12,2.8,A bit outdated but very affordable and cozy.
1159,Manly,Entire home/apt,324.62,5.0,"Terrible experience, the place was dirty and loud."
1160,Parramatta,Private room,83.41,2.8,A bit outdated but very affordable and cozy.
1161,Bondi,Private room,725.03,2.8,Extremely clean and modern apartment with high-speed wifi.
1162,Parramatta,Entire home/apt,82.46,3.4,A bit outdated but very affordable and cozy.
1163,Surry Hills,Entire home/apt,569.25,2.7,Extremely clean and modern apartment with high-speed wifi.
1164,Surry Hills,Entire home/apt,349.77,3.7,"Very noisy and bustling, great for nightlife but hard to sleep."
1165,Parramatta,Entire home/apt,223.3,3.8,"Terrible experience, the place was dirty and loud."
1166,Bondi,Shared room,543.77,2.6,"Terrible experience, the place was dirty and loud."
1167,Parramatta,Shared room,487.16,4.6,"Terrible experience, the place was dirty and loud."
1168,Bondi,Private room,224.27,3.2,Luxury villa with a pool and ocean views. Incredible experience.
1169,Manly,Shared room,354.62,3.8,"Very noisy and bustling, great for nightlife but hard to sleep."
1170,Bondi,Shared room,131.72,4.0,"Terrible experience, the place was dirty and loud."
1171,Surry Hills,Shared room,92.94,4.5,"Terrible experience, the place was dirty and loud."
1172,Parramatta,Shared room,156.6,5.0,A bit outdated but very affordable and cozy.
1173,Surry Hills,Private room,763.01,4.1,"Basic room, clean but tiny. The host was very friendly."
1174,Parramatta,Entire home/apt,176.88,4.5,"Quiet and peaceful, the perfect romantic getaway."
1175,Manly,Private room,300.38,2.5,"Basic room, clean but tiny. The host was very friendly."
1176,Darlinghurst,Shared room,540.92,2.8,"Quiet and peaceful, the perfect romantic getaway."
1177,Darlinghurst,Private room,728.41,4.9,"Very noisy and bustling, great for nightlife but hard to sleep."
1178,Newtown,Private room,149.01,4.4,"A lovely, quiet neighborhood perfect for families. Close to the beach."
1179,Bondi,Shared room,149.81,3.1,"Quiet and peaceful, the perfect romantic getaway."
1180,Parramatta,Shared room,152.13,4.9,"Quiet and peaceful, the perfect romantic getaway."
1181,Newtown,Entire home/apt,760.96,3.4,"Terrible experience, the place was dirty and loud."
1182,Bondi,Private room,152.17,3.5,"A lovely, quiet neighborhood perfect for families. Close to the beach."
1183,Parramatta,Private room,791.26,3.1,"Quiet and peaceful, the perfect romantic getaway."
1184,Manly,Private room,116.72,4.1,"Very noisy and bustling, great for nightlife but hard to sleep."
1185,Parramatta,Shared room,161.9,4.5,"Quiet and peaceful, the perfect romantic getaway."
1186,Bondi,Entire home/apt,82.79,4.9,"Basic room, clean but tiny. The host was very friendly."
1187,Surry Hills,Shared room,756.8,3.1,"Quiet and peaceful, the perfect romantic getaway."
1188,Darlinghurst,Entire home/apt,296.21,4.5,A bit outdated but very affordable and cozy.
1189,Surry Hills,Private room,216.92,3.0,"Very noisy and bustling, great for nightlife but hard to sleep."
1190,Manly,Private room,96.99,3.4,"Very noisy and bustling, great for nightlife but hard to sleep."
1191,Newtown,Private room,659.58,4.3,A bit outdated but very affordable and cozy.
1192,Parramatta,Entire home/apt,409.33,3.9,"Basic room, clean but tiny. The host was very friendly."
1193,Parramatta,Entire home/apt,593.75,4.3,Luxury villa with a pool and ocean views. Incredible experience.
1194,Bondi,Entire home/apt,594.22,2.7,"Basic room, clean but tiny. The host was very friendly."
1195,Darlinghurst,Shared room,522.71,4.5,Extremely clean and modern apartment with high-speed wifi.
1196,Newtown,Shared room,165.33,4.4,"Basic room, clean but tiny. The host was very friendly."
1197,Bondi,Private room,125.8,3.3,Extremely clean and modern apartment with high-speed wifi.
1198,Parramatta,Private room,167.49,3.6,Extremely clean and modern apartment with high-speed wifi.
1199,Surry Hills,Shared room,90.65,2.8,"Quiet and peaceful, the perfect romantic getaway."
1200,Newtown,Entire home/apt,462.96,4.6,Extremely clean and modern apartment with high-speed wifi.
1201,Manly,Private room,730.03,3.1,A bit outdated but very affordable and cozy.
1202,Darlinghurst,Shared room,252.02,4.0,"A lovely, quiet neighborhood perfect for families. Close to the beach."
1203,Parramatta,Shared room,63.79,3.9,Extremely clean and modern apartment with high-speed wifi.
1204,Parramatta,Entire home/apt,523.74,3.0,Luxury villa with a pool and ocean views. Incredible experience.
1205,Bondi,Private room,496.7,2.7,"Terrible experience, the place was dirty and loud."
1206,Surry Hills,Shared room,277.61,4.4,"A lovely, quiet neighborhood perfect for families. Close to the beach."
1207,Bondi,Entire home/apt,539.82,4.1,"Basic room, clean but tiny. The host was very friendly."
1208,Bondi,Shared room,118.88,3.0,A bit outdated but very affordable and cozy.
1209,Bondi,Shared room,560.39,4.6,"Quiet and peaceful, the perfect romantic getaway."
1210,Parramatta,Shared room,291.05,3.4,A bit outdated but very affordable and cozy.
1211,Bondi,Entire home/apt,105.38,4.8,"Quiet and peaceful, the perfect romantic getaway."
1212,Surry Hills,Entire home/apt,643.51,4.5,Luxury villa with a pool and ocean views. Incredible experience.
1213,Newtown,Shared room,392.01,4.1,"Quiet and peaceful, the perfect romantic getaway."
1214,Newtown,Entire home/apt,191.23,2.9,"Basic room, clean but tiny. The host was very friendly."
1215,Bondi,Entire home/apt,707.73,4.4,A bit outdated but very affordable and cozy.
1216,Surry Hills,Shared room,795.51,4.3,A bit outdated but very affordable and cozy.
1217,Bondi,Entire home/apt,153.44,4.2,"Basic room, clean but tiny. The host was very friendly."
1218,Newtown,Private room,332.93,3.0,A bit outdated but very affordable and cozy.
1219,Newtown,Private room,688.71,4.5,"Quiet and peaceful, the perfect romantic getaway."
1220,Bondi,Entire home/apt,798.5,2.6,A bit outdated but very affordable and cozy.
1221,Darlinghurst,Entire home/apt,445.23,4.6,Luxury villa with a pool and ocean views. Incredible experience.
1222,Surry Hills,Private room,529.22,3.9,"Basic room, clean but tiny. The host was very friendly."
1223,Manly,Private room,590.65,4.3,"Quiet and peaceful, the perfect romantic getaway."
1224,Manly,Entire home/apt,471.82,4.2,"A lovely, quiet neighborhood perfect for families. Close to the beach."
1225,Manly,Shared room,430.12,3.5,"Quiet and peaceful, the perfect romantic getaway."
1226,Manly,Private room,545.89,3.9,"Quiet and peaceful, the perfect romantic getaway."
1227,Surry Hills,Shared room,629.23,2.8,A bit outdated but very affordable and cozy.
1228,Parramatta,Entire home/apt,358.14,3.9,"Terrible experience, the place was dirty and loud."
1229,Newtown,Entire home/apt,74.0,4.6,Luxury villa with a pool and ocean views. Incredible experience.
1230,Manly,Shared room,324.59,3.3,A bit outdated but very affordable and cozy.
1231,Darlinghurst,Shared room,88.82,4.5,Extremely clean and modern apartment with high-speed wifi.
1232,Manly,Private room,59.75,3.0,"Quiet and peaceful, the perfect romantic getaway."
1233,Parramatta,Entire home/apt,189.79,4.2,"Terrible experience, the place was dirty and loud."
1234,Bondi,Shared room,352.38,3.9,"Basic room, clean but tiny. The host was very friendly."
1235,Darlinghurst,Shared room,166.72,4.8,"Very noisy and bustling, great for nightlife but hard to sleep."
1236,Darlinghurst,Private room,313.04,4.0,A bit outdated but very affordable and cozy.
1237,Darlinghurst,Entire home/apt,156.17,3.9,"Quiet and peaceful, the perfect romantic getaway."
1238,Newtown,Shared room,180.79,3.4,Luxury villa with a pool and ocean views. Incredible experience.
1239,Bondi,Shared room,713.82,3.8,Luxury villa with a pool and ocean views. Incredible experience.
1240,Darlinghurst,Entire home/apt,435.8,4.2,"Terrible experience, the place was dirty and loud."
1241,Bondi,Shared room,260.22,3.8,"Terrible experience, the place was dirty and loud."
1242,Darlinghurst,Entire home/apt,549.56,3.0,A bit outdated but very affordable and cozy.
1243,Surry Hills,Shared room,688.12,2.6,"Terrible experience, the place was dirty and loud."
1244,Darlinghurst,Entire home/apt,218.55,3.5,"Quiet and peaceful, the perfect romantic getaway."
1245,Surry Hills,Entire home/apt,138.82,4.3,"Quiet and peaceful, the perfect romantic getaway."
1246,Newtown,Entire home/apt,777.73,3.9,"Quiet and peaceful, the perfect romantic getaway."
1247,Surry Hills,Shared room,569.54,3.4,"Basic room, clean but tiny. The host was very friendly."
1248,Parramatta,Shared room,274.01,4.7,"Basic room, clean but tiny. The host was very friendly."
1249,Bondi,Private room,196.22,3.5,"Quiet and peaceful, the perfect romantic getaway."
1250,Newtown,Shared room,691.91,5.0,"Terrible experience, the place was dirty and loud."
1251,Manly,Shared room,81.27,4.3,Extremely clean and modern apartment with high-speed wifi.
1252,Bondi,Shared room,71.41,4.7,"Very noisy and bustling, great for nightlife but hard to sleep."
1253,Surry Hills,Shared room,407.59,2.7,"Quiet and peaceful, the perfect romantic getaway."
1254,Surry Hills,Shared room,225.92,3.3,Extremely clean and modern apartment with high-speed wifi.
1255,Manly,Entire home/apt,396.04,4.4,"Quiet and peaceful, the perfect romantic getaway."
1256,Bondi,Shared room,344.86,4.1,Extremely clean and modern apartment with high-speed wifi.
1257,Parramatta,Shared room,341.2,4.4,"Terrible experience, the place was dirty and loud."
1258,Parramatta,Entire home/apt,164.56,3.0,"Basic room, clean but tiny. The host was very friendly."
1259,Manly,Entire home/apt,581.22,3.6,A bit outdated but very affordable and cozy.
1260,Bondi,Entire home/apt,351.66,2.7,"A lovely, quiet neighborhood perfect for families. Close to the beach."
1261,Darlinghurst,Private room,372.46,3.2,Extremely clean and modern apartment with high-speed wifi.
1262,Parramatta,Shared room,673.52,5.0,"Quiet and peaceful, the perfect romantic getaway."
1263,Surry Hills,Entire home/apt,545.79,2.9,Luxury villa with a pool and ocean views. Incredible experience.
1264,Newtown,Entire home/apt,530.99,4.0,A bit outdated but very affordable and cozy.
1265,Parramatta,Private room,338.27,3.2,"Terrible experience, the place was dirty and loud."
1266,Newtown,Private room,194.21,4.9,"Basic room, clean but tiny. The host was very friendly."
1267,Surry Hills,Private room,471.91,3.4,"Terrible experience, the place was dirty and loud."
1268,Surry Hills,Shared room,210.87,4.2,"Quiet and peaceful, the perfect romantic getaway."
1269,Darlinghurst,Private room,755.83,4.4,"Quiet and peaceful, the perfect romantic getaway."
1270,Manly,Private room,665.72,3.3,Extremely clean and modern apartment with high-speed wifi.
1271,Darlinghurst,Entire home/apt,746.28,2.8,A bit outdated but very affordable and cozy.
1272,Darlinghurst,Shared room,142.33,3.3,"Very noisy and bustling, great for nightlife but hard to sleep."
1273,Manly,Shared room,600.6,3.1,"A lovely, quiet neighborhood perfect for families. Close to the beach."
1274,Surry Hills,Shared room,241.09,3.5,"Basic room, clean but tiny. The host was very friendly."
1275,Parramatta,Entire home/apt,713.51,4.8,"Terrible experience, the place was dirty and loud."
1276,Parramatta,Shared room,655.65,5.0,"Very noisy and bustling, great for nightlife but hard to sleep."
1277,Parramatta,Entire home/apt,403.42,4.8,"Basic room, clean but tiny. The host was very friendly."
1278,Darlinghurst,Entire home/apt,177.91,4.0,"Terrible experience, the place was dirty and loud."
1279,Surry Hills,Private room,612.34,4.4,A bit outdated but very affordable and cozy.
1280,Manly,Private room,310.09,3.6,Extremely clean and modern apartment with high-speed wifi.
1281,Newtown,Shared room,342.17,3.8,"Very noisy and bustling, great for nightlife but hard to sleep."
1282,Darlinghurst,Shared room,501.11,3.9,Luxury villa with a pool and ocean views. Incredible experience.
1283,Surry Hills,Private room,272.24,3.9,Extremely clean and modern apartment with high-speed wifi.
1284,Surry Hills,Entire home/apt,576.9,4.5,A bit outdated but very affordable and cozy.
1285,Darlinghurst,Shared room,630.23,3.8,A bit outdated but very affordable and cozy.
1286,Bondi,Shared room,192.88,4.8,A bit outdated but very affordable and cozy.
1287,Darlinghurst,Shared room,603.54,3.9,A bit outdated but very affordable and cozy.
1288,Manly,Private room,459.89,4.8,A bit outdated but very affordable and cozy.
1289,Newtown,Entire home/apt,399.34,4.3,Extremely clean and modern apartment with high-speed wifi.
1290,Newtown,Private room,223.04,3.6,Luxury villa with a pool and ocean views. Incredible experience.
1291,Darlinghurst,Shared room,731.25,3.3,A bit outdated but very affordable and cozy.
1292,Darlinghurst,Shared room,525.84,5.0,"Very noisy and bustling, great for nightlife but hard to sleep."
1293,Parramatta,Private room,514.48,4.0,A bit outdated but very affordable and cozy.
1294,Manly,Entire home/apt,280.2,4.3,"A lovely, quiet neighborhood perfect for families. Close to the beach."
1295,Manly,Entire home/apt,602.42,3.5,"A lovely, quiet neighborhood perfect for families. Close to the beach."
1296,Newtown,Private room,770.7,2.9,"A lovely, quiet neighborhood perfect for families. Close to the beach."
1297,Bondi,Private room,87.4,4.7,"Basic room, clean but tiny. The host was very friendly."
1298,Parramatta,Private room,735.62,4.0,"Terrible experience, the place was dirty and loud."
1299,Parramatta,Entire home/apt,689.49,5.0,"A lovely, quiet neighborhood perfect for families. Close to the beach."
1300,Darlinghurst,Private room,517.72,4.3,"Very noisy and bustling, great for nightlife but hard to sleep."
1301,Newtown,Shared room,386.76,3.0,Extremely clean and modern apartment with high-speed wifi.
1302,Surry Hills,Private room,390.38,3.8,Luxury villa with a pool and ocean views. Incredible experience.
1303,Darlinghurst,Entire home/apt,360.01,4.4,"Terrible experience, the place was dirty and loud."
1304,Manly,Entire home/apt,277.8,3.9,"Terrible experience, the place was dirty and loud."
1305,Parramatta,Private room,278.22,4.3,"Terrible experience, the place was dirty and loud."
1306,Parramatta,Shared room,94.61,3.3,"Basic room, clean but tiny. The host was very friendly."
1307,Surry Hills,Shared room,490.54,2.9,A bit outdated but very affordable and cozy.
1308,Bondi,Private room,410.12,2.8,"Terrible experience, the place was dirty and loud."
1309,Surry Hills,Private room,345.69,4.7,"Basic room, clean but tiny. The host was very friendly."
1310,Parramatta,Private room,633.01,4.4,Luxury villa with a pool and ocean views. Incredible experience.
1311,Surry Hills,Entire home/apt,116.11,3.7,"Terrible experience, the place was dirty and loud."
1312,Manly,Entire home/apt,114.65,4.4,"Terrible experience, the place was dirty and loud."
1313,Newtown,Shared room,417.42,3.2,"Terrible experience, the place was dirty and loud."
1314,Parramatta,Private room,712.76,3.8,Extremely clean and modern apartment with high-speed wifi.
1315,Newtown,Private room,376.97,4.2,"Terrible experience, the place was dirty and loud."
1316,Manly,Shared room,231.59,4.3,A bit outdated but very affordable and cozy.
1317,Parramatta,Shared room,78.78,4.8,"Terrible experience, the place was dirty and loud."
1318,Parramatta,Private room,166.32,4.2,"Terrible experience, the place was dirty and loud."
1319,Surry Hills,Private room,290.13,4.9,"Terrible experience, the place was dirty and loud."
1320,Surry Hills,Entire home/apt,125.93,3.3,"Quiet and peaceful, the perfect romantic getaway."
1321,Parramatta,Entire home/apt,513.92,2.7,A bit outdated but very affordable and cozy.
1322,Manly,Entire home/apt,747.82,3.9,"Quiet and peaceful, the perfect romantic getaway."
1323,Bondi,Private room,395.49,3.3,"Terrible experience, the place was dirty and loud."
1324,Parramatta,Shared room,468.49,5.0,"Very noisy and bustling, great for nightlife but hard to sleep."
1325,Surry Hills,Private room,577.94,3.6,A bit outdated but very affordable and cozy.
1326,Bondi,Entire home/apt,530.99,4.5,"Very noisy and bustling, great for nightlife but hard to sleep."
1327,Bondi,Shared room,340.15,4.3,A bit outdated but very affordable and cozy.
1328,Bondi,Entire home/apt,161.65,3.1,"Basic room, clean but tiny. The host was very friendly."
1329,Manly,Entire home/apt,215.27,4.4,Extremely clean and modern apartment with high-speed wifi.
1330,Newtown,Shared room,296.64,4.0,A bit outdated but very affordable and cozy.
1331,Bondi,Private room,652.53,3.0,"Basic room, clean but tiny. The host was very friendly."
1332,Bondi,Entire home/apt,334.27,3.5,"Very noisy and bustling, great for nightlife but hard to sleep."
1333,Darlinghurst,Private room,455.24,4.4,"Terrible experience, the place was dirty and loud."
1334,Newtown,Private room,53.77,4.8,Extremely clean and modern apartment with high-speed wifi.
1335,Surry Hills,Entire home/apt,563.08,3.5,"Terrible experience, the place was dirty and loud."
1336,Manly,Entire home/apt,649.55,4.9,"Terrible experience, the place was dirty and loud."
1337,Parramatta,Private room,489.26,3.6,Luxury villa with a pool and ocean views. Incredible experience.
1338,Surry Hills,Private room,161.73,3.3,"Quiet and peaceful, the perfect romantic getaway."
1339,Surry Hills,Entire home/apt,189.29,2.7,A bit outdated but very affordable and cozy.
1340,Darlinghurst,Shared room,557.66,4.9,Extremely clean and modern apartment with high-speed wifi.
1341,Darlinghurst,Shared room,569.84,3.2,"Terrible experience, the place was dirty and loud."
1342,Manly,Entire home/apt,163.31,4.0,Extremely clean and modern apartment with high-speed wifi.
1343,Newtown,Entire home/apt,580.9,2.6,"Quiet and peaceful, the perfect romantic getaway."
1344,Parramatta,Private room,628.25,4.6,Extremely clean and modern apartment with high-speed wifi.
1345,Manly,Private room,266.36,3.4,"Very noisy and bustling, great for nightlife but hard to sleep."
1346,Parramatta,Shared room,707.12,5.0,"A lovely, quiet neighborhood perfect for families. Close to the beach."
1347,Bondi,Private room,244.76,4.0,"Quiet and peaceful, the perfect romantic getaway."
1348,Newtown,Shared room,415.68,3.8,"A lovely, quiet neighborhood perfect for families. Close to the beach."
1349,Bondi,Entire home/apt,584.74,3.5,"Quiet and peaceful, the perfect romantic getaway."
1350,Parramatta,Private room,573.37,3.1,"Quiet and peaceful, the perfect romantic getaway."
1351,Darlinghurst,Private room,196.09,4.2,"A lovely, quiet neighborhood perfect for families. Close to the beach."
1352,Bondi,Shared room,752.13,4.4,"Basic room, clean but tiny. The host was very friendly."
1353,Parramatta,Entire home/apt,653.02,4.6,A bit outdated but very affordable and cozy.
1354,Manly,Entire home/apt,389.99,2.7,"A lovely, quiet neighborhood perfect for families. Close to the beach."
1355,Parramatta,Private room,289.12,3.4,"Quiet and peaceful, the perfect romantic getaway."
1356,Parramatta,Shared room,688.37,4.0,Extremely clean and modern apartment with high-speed wifi.
1357,Surry Hills,Private room,759.53,4.7,Extremely clean and modern apartment with high-speed wifi.
1358,Newtown,Private room,126.69,4.0,Extremely clean and modern apartment with high-speed wifi.
1359,Bondi,Shared room,642.76,3.8,"Very noisy and bustling, great for nightlife but hard to sleep."
1360,Bondi,Shared room,743.78,3.0,Luxury villa with a pool and ocean views. Incredible experience.
1361,Newtown,Shared room,60.92,3.5,Extremely clean and modern apartment with high-speed wifi.
1362,Manly,Private room,663.84,3.0,Luxury villa with a pool and ocean views. Incredible experience.
1363,Surry Hills,Entire home/apt,396.66,2.9,"Very noisy and bustling, great for nightlife but hard to sleep."
1364,Darlinghurst,Private room,287.56,4.1,Luxury villa with a pool and ocean views. Incredible experience.
1365,Parramatta,Shared room,309.9,3.2,"Terrible experience, the place was dirty and loud."
1366,Parramatta,Entire home/apt,136.39,4.6,"Terrible experience, the place was dirty and loud."
1367,Bondi,Entire home/apt,71.09,2.8,"Quiet and peaceful, the perfect romantic getaway."
1368,Bondi,Private room,260.26,3.0,"Terrible experience, the place was dirty and loud."
1369,Newtown,Shared room,409.63,4.5,Luxury villa with a pool and ocean views. Incredible experience.
1370,Manly,Entire home/apt,310.74,4.7,Extremely clean and modern apartment with high-speed wifi.
1371,Parramatta,Shared room,555.15,3.1,"Quiet and peaceful, the perfect romantic getaway."
1372,Manly,Entire home/apt,57.68,2.9,"Basic room, clean but tiny. The host was very friendly."
1373,Darlinghurst,Shared room,373.14,2.7,"Very noisy and bustling, great for nightlife but hard to sleep."
1374,Newtown,Shared room,345.94,4.1,A bit outdated but very affordable and cozy.
1375,Bondi,Private room,137.95,4.5,"Very noisy and bustling, great for nightlife but hard to sleep."
1376,Bondi,Private room,247.17,4.3,Luxury villa with a pool and ocean views. Incredible experience.
1377,Surry Hills,Shared room,237.93,2.7,"Very noisy and bustling, great for nightlife but hard to sleep."
1378,Surry Hills,Private room,398.6,4.3,A bit outdated but very affordable and cozy.
1379,Darlinghurst,Entire home/apt,83.67,3.2,"A lovely, quiet neighborhood perfect for families. Close to the beach."
1380,Parramatta,Private room,454.01,3.5,"Quiet and peaceful, the perfect romantic getaway."
1381,Darlinghurst,Shared room,569.15,4.9,"Very noisy and bustling, great for nightlife but hard to sleep."
1382,Bondi,Private room,780.33,3.4,"Terrible experience, the place was dirty and loud."
1383,Darlinghurst,Private room,65.27,4.3,"Basic room, clean but tiny. The host was very friendly."
1384,Bondi,Private room,329.04,4.0,"Terrible experience, the place was dirty and loud."
1385,Manly,Private room,381.83,3.8,"Quiet and peaceful, the perfect romantic getaway."
1386,Bondi,Private room,72.82,3.9,"Basic room, clean but tiny. The host was very friendly."
1387,Darlinghurst,Private room,274.95,3.3,"Quiet and peaceful, the perfect romantic getaway."
1388,Newtown,Private room,90.54,3.8,"Terrible experience, the place was dirty and loud."
1389,Darlinghurst,Entire home/apt,232.97,4.4,"Terrible experience, the place was dirty and loud."
1390,Surry Hills,Entire home/apt,701.85,4.3,"A lovely, quiet neighborhood perfect for families. Close to the beach."
1391,Bondi,Private room,797.66,3.2,A bit outdated but very affordable and cozy.
1392,Surry Hills,Entire home/apt,321.12,3.4,A bit outdated but very affordable and cozy.
1393,Darlinghurst,Entire home/apt,224.33,4.9,"Very noisy and bustling, great for nightlife but hard to sleep."
1394,Manly,Shared room,548.09,5.0,"Very noisy and bustling, great for nightlife but hard to sleep."
1395,Manly,Private room,615.07,4.5,"A lovely, quiet neighborhood perfect for families. Close to the beach."
1396,Darlinghurst,Entire home/apt,239.67,4.4,"Terrible experience, the place was dirty and loud."
1397,Surry Hills,Entire home/apt,50.48,3.7,A bit outdated but very affordable and cozy.
1398,Newtown,Shared room,187.91,3.6,Luxury villa with a pool and ocean views. Incredible experience.
1399,Darlinghurst,Shared room,577.72,3.0,"Quiet and peaceful, the perfect romantic getaway."
1400,Manly,Entire home/apt,780.73,4.4,"A lovely, quiet neighborhood perfect for families. Close to the beach."
1401,Surry Hills,Entire home/apt,125.87,2.8,"Very noisy and bustling, great for nightlife but hard to sleep."
1402,Manly,Shared room,528.78,3.9,"Basic room, clean but tiny. The host was very friendly."
1403,Bondi,Shared room,633.48,4.3,Extremely clean and modern apartment with high-speed wifi.
1404,Manly,Private room,471.26,4.1,Extremely clean and modern apartment with high-speed wifi.
1405,Surry Hills,Private room,332.43,2.6,A bit outdated but very affordable and cozy.
1406,Manly,Private room,741.39,3.8,"A lovely, quiet neighborhood perfect for families. Close to the beach."
1407,Manly,Entire home/apt,680.72,3.3,Extremely clean and modern apartment with high-speed wifi.
1408,Darlinghurst,Private room,353.57,4.1,A bit outdated but very affordable and cozy.
1409,Surry Hills,Private room,778.25,3.3,A bit outdated but very affordable and cozy.
1410,Darlinghurst,Shared room,557.0,3.3,"Terrible experience, the place was dirty and loud."
1411,Bondi,Shared room,98.76,4.8,"Basic room, clean but tiny. The host was very friendly."
1412,Newtown,Entire home/apt,785.3,4.5,"Basic room, clean but tiny. The host was very friendly."
1413,Bondi,Entire home/apt,614.14,4.9,"Basic room, clean but tiny. The host was very friendly."
1414,Darlinghurst,Shared room,577.31,3.9,"Terrible experience, the place was dirty and loud."
1415,Parramatta,Shared room,254.64,3.3,Extremely clean and modern apartment with high-speed wifi.
1416,Manly,Private room,352.21,3.9,"Basic room, clean but tiny. The host was very friendly."
1417,Parramatta,Shared room,600.68,3.7,"Very noisy and bustling, great for nightlife but hard to sleep."
1418,Surry Hills,Private room,161.0,3.5,A bit outdated but very affordable and cozy.
1419,Newtown,Private room,178.04,4.1,"A lovely, quiet neighborhood perfect for families. Close to the beach."
1420,Surry Hills,Private room,133.56,4.6,Extremely clean and modern apartment with high-speed wifi.
1421,Newtown,Shared room,462.84,4.9,"Terrible experience, the place was dirty and loud."
1422,Manly,Entire home/apt,393.15,3.9,"A lovely, quiet neighborhood perfect for families. Close to the beach."
1423,Newtown,Entire home/apt,182.31,2.7,A bit outdated but very affordable and cozy.
1424,Manly,Private room,562.45,4.9,Luxury villa with a pool and ocean views. Incredible experience.
1425,Parramatta,Entire home/apt,331.94,3.0,"A lovely, quiet neighborhood perfect for families. Close to the beach."
1426,Bondi,Entire home/apt,709.48,4.0,"Quiet and peaceful, the perfect romantic getaway."
1427,Surry Hills,Entire home/apt,723.55,4.2,"Quiet and peaceful, the perfect romantic getaway."
1428,Newtown,Private room,529.39,4.9,"Basic room, clean but tiny. The host was very friendly."
1429,Parramatta,Entire home/apt,794.49,4.4,"Quiet and peaceful, the perfect romantic getaway."
1430,Newtown,Private room,336.14,3.6,"Basic room, clean but tiny. The host was very friendly."
1431,Manly,Entire home/apt,419.09,3.2,Extremely clean and modern apartment with high-speed wifi.
1432,Parramatta,Private room,659.1,3.0,Extremely clean and modern apartment with high-speed wifi.
1433,Darlinghurst,Entire home/apt,725.37,4.5,"Very noisy and bustling, great for nightlife but hard to sleep."
1434,Bondi,Shared room,356.35,3.9,"Very noisy and bustling, great for nightlife but hard to sleep."
1435,Manly,Entire home/apt,320.05,4.0,Extremely clean and modern apartment with high-speed wifi.
1436,Bondi,Shared room,138.39,3.7,"Very noisy and bustling, great for nightlife but hard to sleep."
1437,Darlinghurst,Entire home/apt,766.53,3.1,"Terrible experience, the place was dirty and loud."
1438,Parramatta,Entire home/apt,283.61,4.3,Luxury villa with a pool and ocean views. Incredible experience.
1439,Newtown,Shared room,121.21,3.3,"Basic room, clean but tiny. The host was very friendly."
1440,Bondi,Entire home/apt,140.01,2.5,A bit outdated but very affordable and cozy.
1441,Surry Hills,Private room,374.4,4.0,Luxury villa with a pool and ocean views. Incredible experience.
1442,Parramatta,Shared room,284.63,3.7,"Terrible experience, the place was dirty and loud."
1443,Parramatta,Shared room,695.94,3.8,A bit outdated but very affordable and cozy.
1444,Darlinghurst,Private room,714.87,3.4,"Basic room, clean but tiny. The host was very friendly."
1445,Parramatta,Shared room,94.82,4.4,"Terrible experience, the place was dirty and loud."
1446,Manly,Entire home/apt,721.29,4.8,A bit outdated but very affordable and cozy.
1447,Surry Hills,Private room,325.86,3.9,"Very noisy and bustling, great for nightlife but hard to sleep."
1448,Bondi,Entire home/apt,398.46,4.9,A bit outdated but very affordable and cozy.
1449,Newtown,Private room,322.85,4.8,"A lovely, quiet neighborhood perfect for families. Close to the beach."
1450,Darlinghurst,Private room,343.34,3.6,"Basic room, clean but tiny. The host was very friendly."
1451,Bondi,Private room,647.07,3.5,A bit outdated but very affordable and cozy.
1452,Manly,Entire home/apt,257.17,4.7,"A lovely, quiet neighborhood perfect for families. Close to the beach."
1453,Parramatta,Private room,770.49,2.9,Extremely clean and modern apartment with high-speed wifi.
1454,Bondi,Shared room,599.09,4.9,Luxury villa with a pool and ocean views. Incredible experience.
1455,Bondi,Entire home/apt,400.96,4.9,"Basic room, clean but tiny. The host was very friendly."
1456,Manly,Shared room,281.02,2.6,Extremely clean and modern apartment with high-speed wifi.
1457,Bondi,Shared room,753.99,4.7,Extremely clean and modern apartment with high-speed wifi.
1458,Newtown,Entire home/apt,374.65,3.0,"Basic room, clean but tiny. The host was very friendly."
1459,Surry Hills,Entire home/apt,796.69,3.5,Extremely clean and modern apartment with high-speed wifi.
1460,Surry Hills,Shared room,341.98,2.9,"A lovely, quiet neighborhood perfect for families. Close to the beach."
1461,Parramatta,Private room,277.52,2.8,"Very noisy and bustling, great for nightlife but hard to sleep."
1462,Darlinghurst,Shared room,526.51,4.4,"Terrible experience, the place was dirty and loud."
1463,Bondi,Entire home/apt,525.09,2.9,"Quiet and peaceful, the perfect romantic getaway."
1464,Parramatta,Private room,292.16,4.6,"Basic room, clean but tiny. The host was very friendly."
1465,Newtown,Entire home/apt,529.47,3.2,"Quiet and peaceful, the perfect romantic getaway."
1466,Newtown,Private room,782.7,3.3,A bit outdated but very affordable and cozy.
1467,Parramatta,Private room,531.37,3.4,Extremely clean and modern apartment with high-speed wifi.
1468,Darlinghurst,Shared room,325.66,4.5,Extremely clean and modern apartment with high-speed wifi.
1469,Surry Hills,Shared room,386.62,4.4,A bit outdated but very affordable and cozy.
1470,Newtown,Shared room,559.43,2.7,"Basic room, clean but tiny. The host was very friendly."
1471,Manly,Entire home/apt,591.82,3.2,"Terrible experience, the place was dirty and loud."
1472,Darlinghurst,Private room,424.86,2.5,Luxury villa with a pool and ocean views. Incredible experience.
1473,Darlinghurst,Private room,663.74,4.6,"A lovely, quiet neighborhood perfect for families. Close to the beach."
1474,Newtown,Entire home/apt,394.57,4.2,"Quiet and peaceful, the perfect romantic getaway."
1475,Bondi,Shared room,683.9,3.4,Luxury villa with a pool and ocean views. Incredible experience.
1476,Parramatta,Shared room,543.78,5.0,"Terrible experience, the place was dirty and loud."
1477,Surry Hills,Shared room,328.12,2.6,"Quiet and peaceful, the perfect romantic getaway."
1478,Bondi,Private room,180.08,4.5,A bit outdated but very affordable and cozy.
1479,Surry Hills,Entire home/apt,603.19,4.6,"Basic room, clean but tiny. The host was very friendly."
1480,Bondi,Entire home/apt,552.54,4.0,"A lovely, quiet neighborhood perfect for families. Close to the beach."
1481,Surry Hills,Private room,763.41,4.0,"A lovely, quiet neighborhood perfect for families. Close to the beach."
1482,Darlinghurst,Entire home/apt,696.28,4.2,"Quiet and peaceful, the perfect romantic getaway."
1483,Surry Hills,Entire home/apt,617.72,4.8,Luxury villa with a pool and ocean views. Incredible experience.
1484,Newtown,Entire home/apt,423.36,4.3,"Terrible experience, the place was dirty and loud."
1485,Bondi,Shared room,448.77,3.3,A bit outdated but very affordable and cozy.
1486,Parramatta,Private room,476.08,3.4,Luxury villa with a pool and ocean views. Incredible experience.
1487,Darlinghurst,Shared room,789.33,4.6,"Terrible experience, the place was dirty and loud."
1488,Darlinghurst,Entire home/apt,750.1,4.0,"Quiet and peaceful, the perfect romantic getaway."
1489,Bondi,Shared room,635.9,4.3,A bit outdated but very affordable and cozy.
1490,Surry Hills,Entire home/apt,744.0,3.4,Extremely clean and modern apartment with high-speed wifi.
1491,Surry Hills,Entire home/apt,460.51,4.3,"Quiet and peaceful, the perfect romantic getaway."
1492,Darlinghurst,Private room,236.45,4.9,"Very noisy and bustling, great for nightlife but hard to sleep."
1493,Parramatta,Private room,316.65,3.7,"Terrible experience, the place was dirty and loud."
1494,Bondi,Entire home/apt,300.59,3.4,"A lovely, quiet neighborhood perfect for families. Close to the beach."
1495,Newtown,Entire home/apt,641.88,4.5,Luxury villa with a pool and ocean views. Incredible experience.
1496,Newtown,Entire home/apt,314.71,3.5,A bit outdated but very affordable and cozy.
1497,Surry Hills,Entire home/apt,455.54,4.2,"Basic room, clean but tiny. The host was very friendly."
1498,Newtown,Private room,634.26,3.5,"Quiet and peaceful, the perfect romantic getaway."
1499,Surry Hills,Private room,541.68,4.3,A bit outdated but very affordable and cozy.
1500,Surry Hills,Entire home/apt,459.24,4.6,"Quiet and peaceful, the perfect romantic getaway."
1501,Darlinghurst,Entire home/apt,97.08,4.5,A bit outdated but very affordable and cozy.
1502,Parramatta,Entire home/apt,539.36,4.6,A bit outdated but very affordable and cozy.
1503,Surry Hills,Private room,183.43,4.4,A bit outdated but very affordable and cozy.
1504,Surry Hills,Entire home/apt,340.66,4.6,"A lovely, quiet neighborhood perfect for families. Close to the beach."
1505,Parramatta,Private room,86.55,2.8,"Very noisy and bustling, great for nightlife but hard to sleep."
1506,Surry Hills,Entire home/apt,383.91,4.0,"Quiet and peaceful, the perfect romantic getaway."
1507,Bondi,Private room,149.51,2.7,"A lovely, quiet neighborhood perfect for families. Close to the beach."
1508,Bondi,Shared room,689.86,3.5,Extremely clean and modern apartment with high-speed wifi.
1509,Darlinghurst,Entire home/apt,440.27,2.8,"Very noisy and bustling, great for nightlife but hard to sleep."
1510,Manly,Entire home/apt,574.08,4.8,Extremely clean and modern apartment with high-speed wifi.
1511,Surry Hills,Private room,630.63,3.0,Extremely clean and modern apartment with high-speed wifi.
1512,Bondi,Entire home/apt,61.21,3.6,"Very noisy and bustling, great for nightlife but hard to sleep."
1513,Darlinghurst,Entire home/apt,384.95,5.0,Luxury villa with a pool and ocean views. Incredible experience.
1514,Newtown,Shared room,624.46,4.0,"A lovely, quiet neighborhood perfect for families. Close to the beach."
1515,Darlinghurst,Private room,541.89,3.4,"Quiet and peaceful, the perfect romantic getaway."
1516,Bondi,Private room,582.51,3.9,Extremely clean and modern apartment with high-speed wifi.
1517,Surry Hills,Shared room,138.05,2.7,"Basic room, clean but tiny. The host was very friendly."
1518,Newtown,Entire home/apt,547.01,3.9,"Quiet and peaceful, the perfect romantic getaway."
1519,Manly,Private room,189.86,3.6,"Very noisy and bustling, great for nightlife but hard to sleep."
1520,Manly,Entire home/apt,648.78,2.7,"A lovely, quiet neighborhood perfect for families. Close to the beach."
1521,Darlinghurst,Shared room,305.12,4.1,"A lovely, quiet neighborhood perfect for families. Close to the beach."
1522,Surry Hills,Entire home/apt,152.37,4.2,"Basic room, clean but tiny. The host was very friendly."
1523,Surry Hills,Private room,602.15,4.3,Extremely clean and modern apartment with high-speed wifi.
1524,Darlinghurst,Shared room,204.57,3.4,"Quiet and peaceful, the perfect romantic getaway."
1525,Manly,Private room,583.61,4.9,"Basic room, clean but tiny. The host was very friendly."
1526,Newtown,Entire home/apt,703.05,2.7,"Very noisy and bustling, great for nightlife but hard to sleep."
1527,Parramatta,Shared room,598.6,4.7,Extremely clean and modern apartment with high-speed wifi.
1528,Parramatta,Private room,213.52,4.3,Luxury villa with a pool and ocean views. Incredible experience.
1529,Manly,Private room,794.73,4.1,"Basic room, clean but tiny. The host was very friendly."
1530,Manly,Shared room,363.97,2.6,Extremely clean and modern apartment with high-speed wifi.
1531,Darlinghurst,Entire home/apt,482.21,3.4,"Terrible experience, the place was dirty and loud."
1532,Manly,Entire home/apt,250.37,4.0,"A lovely, quiet neighborhood perfect for families. Close to the beach."
1533,Manly,Entire home/apt,569.06,3.2,"A lovely, quiet neighborhood perfect for families. Close to the beach."
1534,Surry Hills,Shared room,221.82,3.0,Luxury villa with a pool and ocean views. Incredible experience.
1535,Darlinghurst,Entire home/apt,676.6,3.3,"Very noisy and bustling, great for nightlife but hard to sleep."
1536,Surry Hills,Private room,183.12,4.3,Extremely clean and modern apartment with high-speed wifi.
1537,Surry Hills,Shared room,80.02,2.7,"Quiet and peaceful, the perfect romantic getaway."
1538,Bondi,Shared room,252.64,4.3,"Basic room, clean but tiny. The host was very friendly."
1539,Manly,Entire home/apt,63.9,3.2,Luxury villa with a pool and ocean views. Incredible experience.
1540,Manly,Entire home/apt,336.41,4.9,"Quiet and peaceful, the perfect romantic getaway."
1541,Newtown,Private room,149.14,5.0,A bit outdated but very affordable and cozy.
1542,Surry Hills,Entire home/apt,449.24,3.9,"Terrible experience, the place was dirty and loud."
1543,Parramatta,Shared room,97.02,3.2,Extremely clean and modern apartment with high-speed wifi.
1544,Darlinghurst,Private room,592.38,2.6,"Basic room, clean but tiny. The host was very friendly."
1545,Parramatta,Private room,408.55,3.1,"Quiet and peaceful, the perfect romantic getaway."
1546,Parramatta,Shared room,589.48,4.5,Luxury villa with a pool and ocean views. Incredible experience.
1547,Parramatta,Private room,739.81,3.4,A bit outdated but very affordable and cozy.
1548,Bondi,Private room,153.65,3.1,A bit outdated but very affordable and cozy.
1549,Parramatta,Entire home/apt,607.56,3.3,A bit outdated but very affordable and cozy.
1550,Manly,Private room,686.42,3.5,A bit outdated but very affordable and cozy.
1551,Manly,Entire home/apt,222.86,3.0,"Terrible experience, the place was dirty and loud."
1552,Surry Hills,Private room,495.45,3.5,Luxury villa with a pool and ocean views. Incredible experience.
1553,Manly,Private room,439.15,4.4,"Very noisy and bustling, great for nightlife but hard to sleep."
1554,Surry Hills,Private room,487.55,3.5,"Very noisy and bustling, great for nightlife but hard to sleep."
1555,Manly,Private room,347.88,4.3,"Basic room, clean but tiny. The host was very friendly."
1556,Newtown,Private room,332.09,3.7,"Quiet and peaceful, the perfect romantic getaway."
1557,Manly,Entire home/apt,276.27,2.5,"Very noisy and bustling, great for nightlife but hard to sleep."
1558,Manly,Entire home/apt,326.14,3.8,"Terrible experience, the place was dirty and loud."
1559,Bondi,Private room,322.59,2.9,"Quiet and peaceful, the perfect romantic getaway."
1560,Newtown,Private room,104.53,3.4,Extremely clean and modern apartment with high-speed wifi.
1561,Parramatta,Shared room,548.13,5.0,Extremely clean and modern apartment with high-speed wifi.
1562,Newtown,Private room,537.6,3.5,A bit outdated but very affordable and cozy.
1563,Newtown,Shared room,422.08,4.8,"A lovely, quiet neighborhood perfect for families. Close to the beach."
1564,Manly,Entire home/apt,615.72,3.4,A bit outdated but very affordable and cozy.
1565,Bondi,Shared room,238.88,3.4,"Basic room, clean but tiny. The host was very friendly."
1566,Darlinghurst,Private room,704.23,4.8,Luxury villa with a pool and ocean views. Incredible experience.
1567,Parramatta,Entire home/apt,685.98,3.3,"Quiet and peaceful, the perfect romantic getaway."
1568,Manly,Shared room,175.81,2.9,A bit outdated but very affordable and cozy.
1569,Manly,Private room,304.61,4.1,"Terrible experience, the place was dirty and loud."
1570,Manly,Entire home/apt,296.0,3.4,Luxury villa with a pool and ocean views. Incredible experience.
1571,Parramatta,Private room,553.31,2.7,"Very noisy and bustling, great for nightlife but hard to sleep."
1572,Surry Hills,Entire home/apt,484.31,4.1,Extremely clean and modern apartment with high-speed wifi.
1573,Bondi,Shared room,232.19,3.0,"Very noisy and bustling, great for nightlife but hard to sleep."
1574,Surry Hills,Private room,123.37,5.0,"Quiet and peaceful, the perfect romantic getaway."
1575,Surry Hills,Private room,112.0,3.4,"Basic room, clean but tiny. The host was very friendly."
1576,Surry Hills,Private room,427.39,4.8,"Very noisy and bustling, great for nightlife but hard to sleep."
1577,Darlinghurst,Shared room,520.78,3.2,Luxury villa with a pool and ocean views. Incredible experience.
1578,Newtown,Entire home/apt,769.97,3.9,Extremely clean and modern apartment with high-speed wifi.
1579,Surry Hills,Private room,583.1,2.8,"Terrible experience, the place was dirty and loud."
1580,Newtown,Private room,329.25,4.8,"Very noisy and bustling, great for nightlife but hard to sleep."
1581,Manly,Shared room,629.33,3.2,"Quiet and peaceful, the perfect romantic getaway."
1582,Parramatta,Private room,572.0,3.3,"Terrible experience, the place was dirty and loud."
1583,Parramatta,Shared room,295.51,3.7,"Basic room, clean but tiny. The host was very friendly."
1584,Manly,Private room,624.14,4.3,A bit outdated but very affordable and cozy.
1585,Bondi,Entire home/apt,730.45,5.0,A bit outdated but very affordable and cozy.
1586,Darlinghurst,Entire home/apt,215.33,3.6,A bit outdated but very affordable and cozy.
1587,Darlinghurst,Shared room,416.55,4.6,"A lovely, quiet neighborhood perfect for families. Close to the beach."
1588,Surry Hills,Private room,448.52,3.2,"Terrible experience, the place was dirty and loud."
1589,Newtown,Private room,87.23,3.5,Extremely clean and modern apartment with high-speed wifi.
1590,Surry Hills,Entire home/apt,635.54,2.9,"Quiet and peaceful, the perfect romantic getaway."
1591,Darlinghurst,Private room,613.28,3.9,"Terrible experience, the place was dirty and loud."
1592,Manly,Private room,373.63,3.6,"Very noisy and bustling, great for nightlife but hard to sleep."
1593,Parramatta,Private room,547.93,3.9,Luxury villa with a pool and ocean views. Incredible experience.
1594,Darlinghurst,Shared room,636.03,3.7,"Quiet and peaceful, the perfect romantic getaway."
1595,Newtown,Private room,376.14,2.7,"Basic room, clean but tiny. The host was very friendly."
1596,Bondi,Private room,192.42,4.9,"Quiet and peaceful, the perfect romantic getaway."
1597,Manly,Entire home/apt,442.15,3.1,"Very noisy and bustling, great for nightlife but hard to sleep."
1598,Newtown,Private room,214.03,2.5,A bit outdated but very affordable and cozy.
1599,Bondi,Shared room,295.35,2.7,Extremely clean and modern apartment with high-speed wifi.
1600,Newtown,Private room,216.12,3.7,"Terrible experience, the place was dirty and loud."
1601,Parramatta,Shared room,630.69,3.4,Extremely clean and modern apartment with high-speed wifi.
1602,Manly,Entire home/apt,192.14,4.9,A bit outdated but very affordable and cozy.
1603,Darlinghurst,Entire home/apt,145.45,3.3,"Very noisy and bustling, great for nightlife but hard to sleep."
1604,Manly,Shared room,420.86,4.2,"A lovely, quiet neighborhood perfect for families. Close to the beach."
1605,Newtown,Shared room,140.61,3.5,"Quiet and peaceful, the perfect romantic getaway."
1606,Manly,Shared room,325.91,3.7,"Very noisy and bustling, great for nightlife but hard to sleep."
1607,Surry Hills,Private room,663.01,2.6,Luxury villa with a pool and ocean views. Incredible experience.
1608,Manly,Shared room,432.83,2.8,Extremely clean and modern apartment with high-speed wifi.
1609,Darlinghurst,Shared room,752.08,3.3,"Terrible experience, the place was dirty and loud."
1610,Newtown,Entire home/apt,127.03,4.8,"Quiet and peaceful, the perfect romantic getaway."
1611,Darlinghurst,Private room,592.35,4.0,"Very noisy and bustling, great for nightlife but hard to sleep."
1612,Surry Hills,Shared room,68.37,4.2,Luxury villa with a pool and ocean views. Incredible experience.
1613,Surry Hills,Shared room,238.82,2.8,"Terrible experience, the place was dirty and loud."
1614,Manly,Private room,329.62,2.5,"Terrible experience, the place was dirty and loud."
1615,Bondi,Entire home/apt,686.92,2.6,A bit outdated but very affordable and cozy.
1616,Surry Hills,Entire home/apt,557.52,3.3,"Terrible experience, the place was dirty and loud."
1617,Darlinghurst,Private room,409.07,4.6,Luxury villa with a pool and ocean views. Incredible experience.
1618,Darlinghurst,Entire home/apt,516.55,4.6,"Terrible experience, the place was dirty and loud."
1619,Darlinghurst,Shared room,283.34,3.2,A bit outdated but very affordable and cozy.
1620,Surry Hills,Entire home/apt,451.55,4.7,"Very noisy and bustling, great for nightlife but hard to sleep."
1621,Bondi,Shared room,664.73,4.0,"A lovely, quiet neighborhood perfect for families. Close to the beach."
1622,Bondi,Shared room,175.2,4.0,Luxury villa with a pool and ocean views. Incredible experience.
1623,Manly,Private room,279.82,2.8,"Very noisy and bustling, great for nightlife but hard to sleep."
1624,Bondi,Private room,394.79,3.8,"Basic room, clean but tiny. The host was very friendly."
1625,Bondi,Entire home/apt,674.34,3.0,"Terrible experience, the place was dirty and loud."
1626,Bondi,Entire home/apt,205.88,3.0,"A lovely, quiet neighborhood perfect for families. Close to the beach."
1627,Manly,Private room,183.95,3.7,Luxury villa with a pool and ocean views. Incredible experience.
1628,Newtown,Private room,678.87,3.0,Luxury villa with a pool and ocean views. Incredible experience.
1629,Manly,Shared room,353.9,3.9,A bit outdated but very affordable and cozy.
1630,Manly,Shared room,578.12,4.9,"Very noisy and bustling, great for nightlife but hard to sleep."
1631,Darlinghurst,Private room,344.49,5.0,"Very noisy and bustling, great for nightlife but hard to sleep."
1632,Darlinghurst,Entire home/apt,765.79,4.1,"A lovely, quiet neighborhood perfect for families. Close to the beach."
1633,Bondi,Private room,267.01,3.5,Extremely clean and modern apartment with high-speed wifi.
1634,Surry Hills,Private room,238.39,2.6,"Terrible experience, the place was dirty and loud."
1635,Surry Hills,Shared room,191.37,2.6,"Basic room, clean but tiny. The host was very friendly."
1636,Parramatta,Private room,504.29,4.2,Extremely clean and modern apartment with high-speed wifi.
1637,Darlinghurst,Shared room,685.23,4.8,"A lovely, quiet neighborhood perfect for families. Close to the beach."
1638,Manly,Entire home/apt,493.63,4.2,A bit outdated but very affordable and cozy.
1639,Newtown,Shared room,253.83,3.6,"A lovely, quiet neighborhood perfect for families. Close to the beach."
1640,Bondi,Shared room,548.9,3.2,Luxury villa with a pool and ocean views. Incredible experience.
1641,Newtown,Entire home/apt,95.47,4.7,"Very noisy and bustling, great for nightlife but hard to sleep."
1642,Manly,Shared room,629.03,4.6,"Very noisy and bustling, great for nightlife but hard to sleep."
1643,Darlinghurst,Entire home/apt,408.94,2.8,"Terrible experience, the place was dirty and loud."
1644,Bondi,Private room,270.65,3.1,"Terrible experience, the place was dirty and loud."
1645,Newtown,Shared room,565.9,2.8,Luxury villa with a pool and ocean views. Incredible experience.
1646,Surry Hills,Shared room,707.67,4.4,"Very noisy and bustling, great for nightlife but hard to sleep."
1647,Parramatta,Entire home/apt,463.59,3.6,A bit outdated but very affordable and cozy.
1648,Surry Hills,Entire home/apt,719.66,4.7,"Terrible experience, the place was dirty and loud."
1649,Darlinghurst,Private room,609.14,3.7,"Terrible experience, the place was dirty and loud."
1650,Manly,Shared room,453.58,3.4,"Basic room, clean but tiny. The host was very friendly."
1651,Surry Hills,Private room,702.52,3.6,"Basic room, clean but tiny. The host was very friendly."
1652,Manly,Private room,441.08,2.7,"Very noisy and bustling, great for nightlife but hard to sleep."
1653,Surry Hills,Private room,699.22,3.6,Extremely clean and modern apartment with high-speed wifi.
1654,Surry Hills,Entire home/apt,343.05,4.7,"Terrible experience, the place was dirty and loud."
1655,Bondi,Entire home/apt,436.26,2.7,"Quiet and peaceful, the perfect romantic getaway."
1656,Newtown,Shared room,727.0,3.1,A bit outdated but very affordable and cozy.
1657,Bondi,Private room,446.59,4.0,"Very noisy and bustling, great for nightlife but hard to sleep."
1658,Surry Hills,Shared room,497.23,4.2,A bit outdated but very affordable and cozy.
1659,Parramatta,Shared room,153.39,2.8,"Basic room, clean but tiny. The host was very friendly."
1660,Darlinghurst,Entire home/apt,739.82,3.0,Luxury villa with a pool and ocean views. Incredible experience.
1661,Surry Hills,Entire home/apt,63.4,3.5,Luxury villa with a pool and ocean views. Incredible experience.
1662,Manly,Entire home/apt,573.72,3.3,"Quiet and peaceful, the perfect romantic getaway."
1663,Darlinghurst,Entire home/apt,189.16,3.8,"Basic room, clean but tiny. The host was very friendly."
1664,Darlinghurst,Shared room,153.67,3.6,Luxury villa with a pool and ocean views. Incredible experience.
1665,Surry Hills,Shared room,607.4,3.0,"Very noisy and bustling, great for nightlife but hard to sleep."
1666,Manly,Shared room,655.72,4.2,Luxury villa with a pool and ocean views. Incredible experience.
1667,Manly,Entire home/apt,265.21,3.2,Extremely clean and modern apartment with high-speed wifi.
1668,Darlinghurst,Entire home/apt,472.96,2.9,"Quiet and peaceful, the perfect romantic getaway."
1669,Newtown,Shared room,458.13,4.7,"A lovely, quiet neighborhood perfect for families. Close to the beach."
1670,Manly,Private room,353.43,2.8,"A lovely, quiet neighborhood perfect for families. Close to the beach."
1671,Manly,Private room,533.68,4.5,"Basic room, clean but tiny. The host was very friendly."
1672,Manly,Shared room,273.23,2.6,Extremely clean and modern apartment with high-speed wifi.
1673,Manly,Entire home/apt,524.44,3.0,"Very noisy and bustling, great for nightlife but hard to sleep."
1674,Newtown,Shared room,568.87,4.5,"Quiet and peaceful, the perfect romantic getaway."
1675,Manly,Entire home/apt,737.01,3.6,Extremely clean and modern apartment with high-speed wifi.
1676,Surry Hills,Entire home/apt,603.91,3.0,"Basic room, clean but tiny. The host was very friendly."
1677,Surry Hills,Entire home/apt,739.95,3.4,A bit outdated but very affordable and cozy.
1678,Newtown,Entire home/apt,65.58,3.2,"Very noisy and bustling, great for nightlife but hard to sleep."
1679,Bondi,Entire home/apt,237.37,4.7,"Basic room, clean but tiny. The host was very friendly."
1680,Parramatta,Private room,70.54,3.8,"A lovely, quiet neighborhood perfect for families. Close to the beach."
1681,Darlinghurst,Entire home/apt,205.5,4.7,Luxury villa with a pool and ocean views. Incredible experience.
1682,Manly,Entire home/apt,739.74,3.9,"Very noisy and bustling, great for nightlife but hard to sleep."
1683,Surry Hills,Shared room,679.54,3.9,"Basic room, clean but tiny. The host was very friendly."
1684,Darlinghurst,Private room,740.24,3.5,Luxury villa with a pool and ocean views. Incredible experience.
1685,Darlinghurst,Private room,731.04,4.5,Luxury villa with a pool and ocean views. Incredible experience.
1686,Manly,Shared room,336.66,3.2,Luxury villa with a pool and ocean views. Incredible experience.
1687,Manly,Private room,178.94,4.9,Extremely clean and modern apartment with high-speed wifi.
1688,Newtown,Private room,206.47,4.3,Luxury villa with a pool and ocean views. Incredible experience.
1689,Parramatta,Private room,765.28,3.1,"Very noisy and bustling, great for nightlife but hard to sleep."
1690,Newtown,Private room,55.47,2.7,"Very noisy and bustling, great for nightlife but hard to sleep."
1691,Newtown,Shared room,205.54,4.0,"Basic room, clean but tiny. The host was very friendly."
1692,Darlinghurst,Entire home/apt,620.62,3.4,Luxury villa with a pool and ocean views. Incredible experience.
1693,Surry Hills,Private room,375.61,3.7,Luxury villa with a pool and ocean views. Incredible experience.
1694,Parramatta,Entire home/apt,240.09,3.8,"Terrible experience, the place was dirty and loud."
1695,Surry Hills,Entire home/apt,497.58,4.2,Luxury villa with a pool and ocean views. Incredible experience.
1696,Parramatta,Private room,631.65,4.1,"Quiet and peaceful, the perfect romantic getaway."
1697,Newtown,Entire home/apt,686.43,4.0,"Basic room, clean but tiny. The host was very friendly."
1698,Parramatta,Shared room,353.25,4.0,"A lovely, quiet neighborhood perfect for families. Close to the beach."
1699,Darlinghurst,Private room,710.78,4.6,"Quiet and peaceful, the perfect romantic getaway."
1700,Parramatta,Entire home/apt,199.11,4.9,A bit outdated but very affordable and cozy.
1701,Darlinghurst,Private room,633.56,3.6,"Very noisy and bustling, great for nightlife but hard to sleep."
1702,Surry Hills,Private room,368.02,4.5,"A lovely, quiet neighborhood perfect for families. Close to the beach."
1703,Parramatta,Private room,579.65,4.4,Extremely clean and modern apartment with high-speed wifi.
1704,Parramatta,Private room,463.81,4.0,Luxury villa with a pool and ocean views. Incredible experience.
1705,Surry Hills,Shared room,736.79,4.6,"Quiet and peaceful, the perfect romantic getaway."
1706,Darlinghurst,Private room,639.3,3.5,A bit outdated but very affordable and cozy.
1707,Bondi,Shared room,191.41,4.0,"Terrible experience, the place was dirty and loud."
1708,Newtown,Private room,225.59,4.3,"Basic room, clean but tiny. The host was very friendly."
1709,Bondi,Shared room,636.31,4.0,Luxury villa with a pool and ocean views. Incredible experience.
1710,Manly,Entire home/apt,125.88,3.7,Extremely clean and modern apartment with high-speed wifi.
1711,Surry Hills,Shared room,329.44,3.4,Luxury villa with a pool and ocean views. Incredible experience.
1712,Surry Hills,Entire home/apt,209.11,3.8,A bit outdated but very affordable and cozy.
1713,Newtown,Private room,321.67,3.0,"Quiet and peaceful, the perfect romantic getaway."
1714,Newtown,Entire home/apt,373.02,3.2,"Basic room, clean but tiny. The host was very friendly."
1715,Bondi,Private room,162.38,3.3,Extremely clean and modern apartment with high-speed wifi.
1716,Newtown,Shared room,107.97,4.8,Extremely clean and modern apartment with high-speed wifi.
1717,Bondi,Entire home/apt,557.72,4.3,"Terrible experience, the place was dirty and loud."
1718,Darlinghurst,Shared room,270.93,4.3,"Terrible experience, the place was dirty and loud."
1719,Parramatta,Shared room,346.19,4.4,Extremely clean and modern apartment with high-speed wifi.
1720,Darlinghurst,Private room,541.71,4.6,"Terrible experience, the place was dirty and loud."
1721,Newtown,Entire home/apt,192.98,4.7,"Quiet and peaceful, the perfect romantic getaway."
1722,Parramatta,Entire home/apt,316.0,2.6,"Quiet and peaceful, the perfect romantic getaway."
1723,Manly,Entire home/apt,743.94,4.9,Extremely clean and modern apartment with high-speed wifi.
1724,Surry Hills,Entire home/apt,309.96,4.7,"A lovely, quiet neighborhood perfect for families. Close to the beach."
1725,Newtown,Entire home/apt,307.34,5.0,"Basic room, clean but tiny. The host was very friendly."
1726,Newtown,Shared room,740.96,3.8,"Quiet and peaceful, the perfect romantic getaway."
1727,Parramatta,Shared room,585.76,2.7,"Terrible experience, the place was dirty and loud."
1728,Parramatta,Entire home/apt,663.91,4.3,"Terrible experience, the place was dirty and loud."
1729,Bondi,Shared room,442.49,3.6,"Terrible experience, the place was dirty and loud."
1730,Manly,Shared room,484.04,2.8,"Very noisy and bustling, great for nightlife but hard to sleep."
1731,Manly,Shared room,432.69,3.6,"Terrible experience, the place was dirty and loud."
1732,Darlinghurst,Entire home/apt,476.17,4.6,"Very noisy and bustling, great for nightlife but hard to sleep."
1733,Surry Hills,Entire home/apt,238.82,3.6,"Very noisy and bustling, great for nightlife but hard to sleep."
1734,Surry Hills,Shared room,687.01,3.3,"Very noisy and bustling, great for nightlife but hard to sleep."
1735,Manly,Private room,51.96,4.4,"Quiet and peaceful, the perfect romantic getaway."
1736,Surry Hills,Entire home/apt,794.46,4.4,"A lovely, quiet neighborhood perfect for families. Close to the beach."
1737,Parramatta,Shared room,412.65,3.4,"Very noisy and bustling, great for nightlife but hard to sleep."
1738,Parramatta,Private room,281.01,4.9,Extremely clean and modern apartment with high-speed wifi.
1739,Newtown,Private room,568.3,4.7,Luxury villa with a pool and ocean views. Incredible experience.
1740,Surry Hills,Entire home/apt,72.06,2.8,"A lovely, quiet neighborhood perfect for families. Close to the beach."
1741,Manly,Shared room,329.62,3.1,Extremely clean and modern apartment with high-speed wifi.
1742,Manly,Entire home/apt,626.7,4.5,"Quiet and peaceful, the perfect romantic getaway."
1743,Manly,Shared room,241.9,4.8,Luxury villa with a pool and ocean views. Incredible experience.
1744,Darlinghurst,Private room,110.97,4.7,"A lovely, quiet neighborhood perfect for families. Close to the beach."
1745,Bondi,Private room,253.57,4.3,"Terrible experience, the place was dirty and loud."
1746,Darlinghurst,Entire home/apt,713.26,2.8,"Basic room, clean but tiny. The host was very friendly."
1747,Surry Hills,Private room,328.05,4.3,"Quiet and peaceful, the perfect romantic getaway."
1748,Bondi,Shared room,277.39,4.8,A bit outdated but very affordable and cozy.
1749,Bondi,Private room,702.1,3.1,A bit outdated but very affordable and cozy.
1750,Darlinghurst,Private room,521.16,3.5,"Very noisy and bustling, great for nightlife but hard to sleep."
1751,Surry Hills,Shared room,676.58,2.6,"Basic room, clean but tiny. The host was very friendly."
1752,Newtown,Entire home/apt,311.65,2.7,"Quiet and peaceful, the perfect romantic getaway."
1753,Newtown,Shared room,600.5,3.2,A bit outdated but very affordable and cozy.
1754,Manly,Entire home/apt,731.38,3.3,"Quiet and peaceful, the perfect romantic getaway."
1755,Parramatta,Shared room,491.51,4.6,"Terrible experience, the place was dirty and loud."
1756,Newtown,Private room,624.99,4.9,A bit outdated but very affordable and cozy.
1757,Bondi,Shared room,506.92,2.7,A bit outdated but very affordable and cozy.
1758,Bondi,Entire home/apt,755.23,4.2,"Basic room, clean but tiny. The host was very friendly."
1759,Surry Hills,Private room,216.58,3.8,"A lovely, quiet neighborhood perfect for families. Close to the beach."
1760,Darlinghurst,Entire home/apt,62.58,4.6,"A lovely, quiet neighborhood perfect for families. Close to the beach."
1761,Parramatta,Entire home/apt,722.5,3.3,Luxury villa with a pool and ocean views. Incredible experience.
1762,Bondi,Shared room,454.47,3.7,"Quiet and peaceful, the perfect romantic getaway."
1763,Newtown,Entire home/apt,501.55,2.8,Luxury villa with a pool and ocean views. Incredible experience.
1764,Darlinghurst,Private room,161.61,5.0,"A lovely, quiet neighborhood perfect for families. Close to the beach."
1765,Newtown,Shared room,78.83,5.0,"Very noisy and bustling, great for nightlife but hard to sleep."
1766,Newtown,Entire home/apt,208.64,3.6,"Quiet and peaceful, the perfect romantic getaway."
1767,Darlinghurst,Private room,376.22,3.3,"Very noisy and bustling, great for nightlife but hard to sleep."
1768,Surry Hills,Shared room,657.13,4.0,"A lovely, quiet neighborhood perfect for families. Close to the beach."
1769,Surry Hills,Entire home/apt,151.64,3.6,A bit outdated but very affordable and cozy.
1770,Surry Hills,Shared room,753.87,4.3,"A lovely, quiet neighborhood perfect for families. Close to the beach."
1771,Bondi,Entire home/apt,355.49,3.5,A bit outdated but very affordable and cozy.
1772,Darlinghurst,Private room,788.56,3.7,"Very noisy and bustling, great for nightlife but hard to sleep."
1773,Darlinghurst,Shared room,425.94,3.2,"Very noisy and bustling, great for nightlife but hard to sleep."
1774,Newtown,Private room,528.24,2.9,"Basic room, clean but tiny. The host was very friendly."
1775,Manly,Private room,153.4,3.0,Luxury villa with a pool and ocean views. Incredible experience.
1776,Bondi,Entire home/apt,509.99,3.4,"Very noisy and bustling, great for nightlife but hard to sleep."
1777,Manly,Shared room,268.08,2.8,"A lovely, quiet neighborhood perfect for families. Close to the beach."
1778,Newtown,Shared room,421.19,3.4,"Very noisy and bustling, great for nightlife but hard to sleep."
1779,Surry Hills,Entire home/apt,547.38,4.7,"Very noisy and bustling, great for nightlife but hard to sleep."
1780,Manly,Private room,741.6,2.6,Luxury villa with a pool and ocean views. Incredible experience.
1781,Manly,Shared room,523.79,4.0,"Quiet and peaceful, the perfect romantic getaway."
1782,Newtown,Entire home/apt,157.71,3.7,"Quiet and peaceful, the perfect romantic getaway."
1783,Surry Hills,Private room,618.78,3.5,"Basic room, clean but tiny. The host was very friendly."
1784,Newtown,Entire home/apt,396.29,2.8,"A lovely, quiet neighborhood perfect for families. Close to the beach."
1785,Surry Hills,Entire home/apt,69.87,3.8,"A lovely, quiet neighborhood perfect for families. Close to the beach."
1786,Darlinghurst,Private room,127.53,3.2,Extremely clean and modern apartment with high-speed wifi.
1787,Darlinghurst,Private room,664.1,4.2,Extremely clean and modern apartment with high-speed wifi.
1788,Manly,Entire home/apt,476.3,2.9,Luxury villa with a pool and ocean views. Incredible experience.
1789,Manly,Entire home/apt,574.2,4.2,A bit outdated but very affordable and cozy.
1790,Manly,Private room,357.56,3.8,"Basic room, clean but tiny. The host was very friendly."
1791,Newtown,Entire home/apt,430.66,3.7,"Quiet and peaceful, the perfect romantic getaway."
1792,Darlinghurst,Entire home/apt,381.53,2.9,"Basic room, clean but tiny. The host was very friendly."
1793,Newtown,Private room,240.95,4.4,"Terrible experience, the place was dirty and loud."
1794,Surry Hills,Shared room,261.25,3.6,"Very noisy and bustling, great for nightlife but hard to sleep."
1795,Darlinghurst,Entire home/apt,447.17,2.9,"A lovely, quiet neighborhood perfect for families. Close to the beach."
1796,Manly,Entire home/apt,508.95,4.2,Luxury villa with a pool and ocean views. Incredible experience.
1797,Newtown,Private room,242.06,3.9,Luxury villa with a pool and ocean views. Incredible experience.
1798,Surry Hills,Entire home/apt,641.75,4.3,"Very noisy and bustling, great for nightlife but hard to sleep."
1799,Manly,Private room,92.49,3.6,"Terrible experience, the place was dirty and loud."
1800,Manly,Shared room,786.71,3.6,A bit outdated but very affordable and cozy.
1801,Newtown,Shared room,789.54,3.6,"Very noisy and bustling, great for nightlife but hard to sleep."
1802,Surry Hills,Entire home/apt,76.55,4.7,"Basic room, clean but tiny. The host was very friendly."
1803,Newtown,Entire home/apt,738.8,3.4,A bit outdated but very affordable and cozy.
1804,Parramatta,Shared room,300.01,4.2,"Very noisy and bustling, great for nightlife but hard to sleep."
1805,Newtown,Entire home/apt,116.34,3.9,"Quiet and peaceful, the perfect romantic getaway."
1806,Bondi,Entire home/apt,267.37,3.3,"Terrible experience, the place was dirty and loud."
1807,Bondi,Private room,717.67,4.9,"A lovely, quiet neighborhood perfect for families. Close to the beach."
1808,Surry Hills,Private room,288.99,4.3,"A lovely, quiet neighborhood perfect for families. Close to the beach."
1809,Newtown,Shared room,351.75,4.0,"Terrible experience, the place was dirty and loud."
1810,Manly,Shared room,138.29,4.4,"Very noisy and bustling, great for nightlife but hard to sleep."
1811,Bondi,Shared room,678.23,2.5,"A lovely, quiet neighborhood perfect for families. Close to the beach."
1812,Bondi,Shared room,412.44,3.6,"Basic room, clean but tiny. The host was very friendly."
1813,Surry Hills,Private room,407.82,2.6,A bit outdated but very affordable and cozy.
1814,Bondi,Entire home/apt,697.71,3.5,Luxury villa with a pool and ocean views. Incredible experience.
1815,Bondi,Private room,230.98,2.6,"Very noisy and bustling, great for nightlife but hard to sleep."
1816,Manly,Private room,137.26,2.7,A bit outdated but very affordable and cozy.
1817,Newtown,Shared room,589.72,3.3,"Terrible experience, the place was dirty and loud."
1818,Newtown,Entire home/apt,253.2,3.9,"Terrible experience, the place was dirty and loud."
1819,Parramatta,Entire home/apt,347.14,3.6,"Basic room, clean but tiny. The host was very friendly."
1820,Manly,Private room,80.28,4.6,Luxury villa with a pool and ocean views. Incredible experience.
1821,Newtown,Private room,282.28,4.2,"Very noisy and bustling, great for nightlife but hard to sleep."
1822,Darlinghurst,Entire home/apt,50.59,3.9,"Very noisy and bustling, great for nightlife but hard to sleep."
1823,Newtown,Shared room,509.28,3.2,Extremely clean and modern apartment with high-speed wifi.
1824,Darlinghurst,Private room,493.28,4.3,"A lovely, quiet neighborhood perfect for families. Close to the beach."
1825,Surry Hills,Private room,305.07,2.7,Luxury villa with a pool and ocean views. Incredible experience.
1826,Darlinghurst,Entire home/apt,137.45,3.5,"Quiet and peaceful, the perfect romantic getaway."
1827,Manly,Private room,522.07,3.5,"A lovely, quiet neighborhood perfect for families. Close to the beach."
1828,Parramatta,Shared room,316.54,2.5,"Very noisy and bustling, great for nightlife but hard to sleep."
1829,Newtown,Shared room,591.24,4.3,Luxury villa with a pool and ocean views. Incredible experience.
1830,Bondi,Shared room,234.75,2.9,Extremely clean and modern apartment with high-speed wifi.
1831,Manly,Private room,297.23,3.8,"Quiet and peaceful, the perfect romantic getaway."
1832,Newtown,Entire home/apt,457.21,4.4,Luxury villa with a pool and ocean views. Incredible experience.
1833,Parramatta,Entire home/apt,478.49,3.9,"Basic room, clean but tiny. The host was very friendly."
1834,Bondi,Private room,496.3,4.2,"Terrible experience, the place was dirty and loud."
1835,Bondi,Private room,601.5,3.8,A bit outdated but very affordable and cozy.
1836,Parramatta,Shared room,218.51,4.5,"Terrible experience, the place was dirty and loud."
1837,Bondi,Shared room,668.62,4.3,Luxury villa with a pool and ocean views. Incredible experience.
1838,Parramatta,Shared room,115.15,4.6,Luxury villa with a pool and ocean views. Incredible experience.
1839,Manly,Shared room,407.14,2.6,A bit outdated but very affordable and cozy.
1840,Newtown,Entire home/apt,598.5,2.6,"A lovely, quiet neighborhood perfect for families. Close to the beach."
1841,Bondi,Shared room,139.84,3.7,"Terrible experience, the place was dirty and loud."
1842,Parramatta,Private room,59.3,3.6,Luxury villa with a pool and ocean views. Incredible experience.
1843,Newtown,Private room,694.63,4.8,Luxury villa with a pool and ocean views. Incredible experience.
1844,Parramatta,Private room,714.75,3.4,A bit outdated but very affordable and cozy.
1845,Darlinghurst,Shared room,442.23,3.1,"Very noisy and bustling, great for nightlife but hard to sleep."
1846,Darlinghurst,Shared room,350.34,2.7,"Quiet and peaceful, the perfect romantic getaway."
1847,Bondi,Private room,360.74,3.1,"Terrible experience, the place was dirty and loud."
1848,Bondi,Shared room,754.09,4.7,"Very noisy and bustling, great for nightlife but hard to sleep."
1849,Parramatta,Shared room,65.6,3.0,"Very noisy and bustling, great for nightlife but hard to sleep."
1850,Darlinghurst,Entire home/apt,563.38,4.8,"A lovely, quiet neighborhood perfect for families. Close to the beach."
1851,Surry Hills,Entire home/apt,392.28,2.9,Extremely clean and modern apartment with high-speed wifi.
1852,Bondi,Private room,228.65,4.4,"Very noisy and bustling, great for nightlife but hard to sleep."
1853,Surry Hills,Entire home/apt,252.02,4.0,Extremely clean and modern apartment with high-speed wifi.
1854,Darlinghurst,Entire home/apt,676.57,4.9,"Basic room, clean but tiny. The host was very friendly."
1855,Parramatta,Shared room,710.73,3.9,"Very noisy and bustling, great for nightlife but hard to sleep."
1856,Surry Hills,Shared room,461.31,2.7,"A lovely, quiet neighborhood perfect for families. Close to the beach."
1857,Darlinghurst,Shared room,328.22,4.1,"Terrible experience, the place was dirty and loud."
1858,Darlinghurst,Shared room,289.83,4.6,Luxury villa with a pool and ocean views. Incredible experience.
1859,Parramatta,Entire home/apt,64.4,4.6,"Basic room, clean but tiny. The host was very friendly."
1860,Manly,Private room,781.2,2.8,"Very noisy and bustling, great for nightlife but hard to sleep."
1861,Parramatta,Shared room,780.95,3.3,Luxury villa with a pool and ocean views. Incredible experience.
1862,Darlinghurst,Shared room,377.52,4.6,"Very noisy and bustling, great for nightlife but hard to sleep."
1863,Newtown,Entire home/apt,183.08,2.5,A bit outdated but very affordable and cozy.
1864,Manly,Shared room,567.88,4.3,Luxury villa with a pool and ocean views. Incredible experience.
1865,Manly,Entire home/apt,509.05,4.4,"Very noisy and bustling, great for nightlife but hard to sleep."
1866,Newtown,Shared room,171.01,2.8,Extremely clean and modern apartment with high-speed wifi.
1867,Newtown,Entire home/apt,286.97,3.0,A bit outdated but very affordable and cozy.
1868,Newtown,Entire home/apt,733.41,4.7,"Very noisy and bustling, great for nightlife but hard to sleep."
1869,Manly,Entire home/apt,378.44,4.2,"Quiet and peaceful, the perfect romantic getaway."
1870,Manly,Entire home/apt,590.29,4.9,"Terrible experience, the place was dirty and loud."
1871,Newtown,Entire home/apt,527.94,3.7,"Basic room, clean but tiny. The host was very friendly."
1872,Newtown,Private room,134.24,3.0,"Basic room, clean but tiny. The host was very friendly."
1873,Darlinghurst,Shared room,664.42,3.9,"Quiet and peaceful, the perfect romantic getaway."
1874,Bondi,Entire home/apt,789.81,2.8,"Quiet and peaceful, the perfect romantic getaway."
1875,Manly,Private room,81.72,3.2,"A lovely, quiet neighborhood perfect for families. Close to the beach."
1876,Parramatta,Private room,298.36,3.3,Extremely clean and modern apartment with high-speed wifi.
1877,Surry Hills,Shared room,646.64,4.7,"Quiet and peaceful, the perfect romantic getaway."
1878,Parramatta,Shared room,243.09,4.1,"Very noisy and bustling, great for nightlife but hard to sleep."
1879,Bondi,Entire home/apt,659.46,3.8,Extremely clean and modern apartment with high-speed wifi.
1880,Newtown,Private room,542.59,3.8,"Terrible experience, the place was dirty and loud."
1881,Newtown,Entire home/apt,97.19,4.1,"Very noisy and bustling, great for nightlife but hard to sleep."
1882,Bondi,Private room,225.15,4.4,"Terrible experience, the place was dirty and loud."
1883,Darlinghurst,Shared room,339.44,4.5,"Terrible experience, the place was dirty and loud."
1884,Newtown,Private room,537.56,4.4,Luxury villa with a pool and ocean views. Incredible experience.
1885,Bondi,Private room,385.28,3.6,A bit outdated but very affordable and cozy.
1886,Parramatta,Private room,59.82,4.5,"Very noisy and bustling, great for nightlife but hard to sleep."
1887,Surry Hills,Entire home/apt,231.12,4.5,Extremely clean and modern apartment with high-speed wifi.
1888,Surry Hills,Private room,731.94,3.9,"Basic room, clean but tiny. The host was very friendly."
1889,Bondi,Shared room,204.29,4.7,"A lovely, quiet neighborhood perfect for families. Close to the beach."
1890,Surry Hills,Private room,627.72,2.8,Extremely clean and modern apartment with high-speed wifi.
1891,Newtown,Private room,554.58,3.3,Extremely clean and modern apartment with high-speed wifi.
1892,Surry Hills,Shared room,242.53,4.4,Luxury villa with a pool and ocean views. Incredible experience.
1893,Manly,Private room,77.14,3.2,Extremely clean and modern apartment with high-speed wifi.
1894,Newtown,Entire home/apt,315.97,4.7,"A lovely, quiet neighborhood perfect for families. Close to the beach."
1895,Bondi,Entire home/apt,262.08,4.2,Extremely clean and modern apartment with high-speed wifi.
1896,Darlinghurst,Entire home/apt,646.14,2.6,"Basic room, clean but tiny. The host was very friendly."
1897,Newtown,Shared room,339.74,3.6,Extremely clean and modern apartment with high-speed wifi.
1898,Darlinghurst,Private room,323.67,3.0,"Quiet and peaceful, the perfect romantic getaway."
1899,Manly,Entire home/apt,271.24,3.2,"A lovely, quiet neighborhood perfect for families. Close to the beach."
1900,Newtown,Entire home/apt,542.86,3.4,Luxury villa with a pool and ocean views. Incredible experience.
1901,Parramatta,Private room,262.45,3.1,"Basic room, clean but tiny. The host was very friendly."
1902,Manly,Shared room,422.58,3.6,Extremely clean and modern apartment with high-speed wifi.
1903,Newtown,Shared room,676.96,4.3,"Quiet and peaceful, the perfect romantic getaway."
1904,Manly,Shared room,636.91,4.3,"Very noisy and bustling, great for nightlife but hard to sleep."
1905,Parramatta,Private room,128.22,3.5,"Quiet and peaceful, the perfect romantic getaway."
1906,Bondi,Shared room,433.9,4.4,"Very noisy and bustling, great for nightlife but hard to sleep."
1907,Surry Hills,Shared room,604.45,3.0,"Very noisy and bustling, great for nightlife but hard to sleep."
1908,Surry Hills,Private room,201.93,3.2,A bit outdated but very affordable and cozy.
1909,Surry Hills,Entire home/apt,350.23,3.6,"Terrible experience, the place was dirty and loud."
1910,Darlinghurst,Shared room,194.88,4.6,"Basic room, clean but tiny. The host was very friendly."
1911,Newtown,Private room,646.79,3.7,Luxury villa with a pool and ocean views. Incredible experience.
1912,Bondi,Shared room,445.79,3.9,"A lovely, quiet neighborhood perfect for families. Close to the beach."
1913,Darlinghurst,Shared room,728.82,3.2,Extremely clean and modern apartment with high-speed wifi.
1914,Manly,Shared room,180.92,4.6,"Terrible experience, the place was dirty and loud."
1915,Parramatta,Private room,452.72,4.9,A bit outdated but very affordable and cozy.
1916,Darlinghurst,Shared room,625.92,2.8,"Basic room, clean but tiny. The host was very friendly."
1917,Parramatta,Private room,320.57,3.5,"Quiet and peaceful, the perfect romantic getaway."
1918,Darlinghurst,Entire home/apt,422.56,3.5,"Quiet and peaceful, the perfect romantic getaway."
1919,Manly,Shared room,438.84,4.7,A bit outdated but very affordable and cozy.
1920,Surry Hills,Private room,786.9,2.9,Luxury villa with a pool and ocean views. Incredible experience.
1921,Parramatta,Private room,450.81,4.2,"Basic room, clean but tiny. The host was very friendly."
1922,Parramatta,Private room,72.97,4.7,"Basic room, clean but tiny. The host was very friendly."
1923,Surry Hills,Entire home/apt,495.06,3.4,"Very noisy and bustling, great for nightlife but hard to sleep."
1924,Darlinghurst,Private room,527.57,2.8,Extremely clean and modern apartment with high-speed wifi.
1925,Newtown,Entire home/apt,652.73,2.8,"A lovely, quiet neighborhood perfect for families. Close to the beach."
1926,Darlinghurst,Private room,471.05,2.9,"Basic room, clean but tiny. The host was very friendly."
1927,Parramatta,Private room,319.56,3.5,Extremely clean and modern apartment with high-speed wifi.
1928,Parramatta,Private room,88.06,4.4,Luxury villa with a pool and ocean views. Incredible experience.
1929,Parramatta,Entire home/apt,174.53,4.1,Extremely clean and modern apartment with high-speed wifi.
1930,Bondi,Private room,80.96,4.6,"Quiet and peaceful, the perfect romantic getaway."
1931,Newtown,Private room,419.89,4.7,"Basic room, clean but tiny. The host was very friendly."
1932,Manly,Private room,517.17,4.8,"A lovely, quiet neighborhood perfect for families. Close to the beach."
1933,Parramatta,Private room,129.3,4.2,"Very noisy and bustling, great for nightlife but hard to sleep."
1934,Parramatta,Private room,524.85,3.1,"Very noisy and bustling, great for nightlife but hard to sleep."
1935,Newtown,Entire home/apt,391.87,3.2,"A lovely, quiet neighborhood perfect for families. Close to the beach."
1936,Bondi,Shared room,450.4,3.3,"Very noisy and bustling, great for nightlife but hard to sleep."
1937,Parramatta,Entire home/apt,327.6,3.5,Luxury villa with a pool and ocean views. Incredible experience.
1938,Bondi,Private room,777.73,4.6,A bit outdated but very affordable and cozy.
1939,Newtown,Entire home/apt,649.55,4.4,"Basic room, clean but tiny. The host was very friendly."
1940,Bondi,Entire home/apt,268.37,2.7,"Quiet and peaceful, the perfect romantic getaway."
1941,Parramatta,Entire home/apt,668.98,3.5,Luxury villa with a pool and ocean views. Incredible experience.
1942,Newtown,Private room,371.84,4.9,"Basic room, clean but tiny. The host was very friendly."
1943,Parramatta,Private room,430.5,4.4,"Basic room, clean but tiny. The host was very friendly."
1944,Parramatta,Shared room,404.03,4.3,A bit outdated but very affordable and cozy.
1945,Surry Hills,Entire home/apt,53.23,2.5,"Basic room, clean but tiny. The host was very friendly."
1946,Bondi,Entire home/apt,717.47,2.8,A bit outdated but very affordable and cozy.
1947,Bondi,Shared room,401.12,3.5,Extremely clean and modern apartment with high-speed wifi.
1948,Bondi,Entire home/apt,747.59,4.6,Luxury villa with a pool and ocean views. Incredible experience.
1949,Surry Hills,Shared room,517.52,4.5,"Basic room, clean but tiny. The host was very friendly."
1950,Bondi,Private room,69.23,2.6,Extremely clean and modern apartment with high-speed wifi.
1951,Newtown,Private room,624.75,2.7,"Very noisy and bustling, great for nightlife but hard to sleep."
1952,Parramatta,Shared room,55.67,4.3,"A lovely, quiet neighborhood perfect for families. Close to the beach."
1953,Manly,Entire home/apt,233.61,4.4,A bit outdated but very affordable and cozy.
1954,Darlinghurst,Shared room,422.9,4.9,A bit outdated but very affordable and cozy.
1955,Surry Hills,Private room,137.28,2.9,A bit outdated but very affordable and cozy.
1956,Manly,Entire home/apt,196.35,3.4,Extremely clean and modern apartment with high-speed wifi.
1957,Bondi,Private room,264.67,4.6,"Terrible experience, the place was dirty and loud."
1958,Darlinghurst,Entire home/apt,277.0,4.8,"Very noisy and bustling, great for nightlife but hard to sleep."
1959,Newtown,Shared room,498.44,4.5,A bit outdated but very affordable and cozy.
1960,Surry Hills,Shared room,714.44,2.8,"Very noisy and bustling, great for nightlife but hard to sleep."
1961,Surry Hills,Private room,62.12,3.5,"A lovely, quiet neighborhood perfect for families. Close to the beach."
1962,Newtown,Shared room,317.25,4.5,"Very noisy and bustling, great for nightlife but hard to sleep."
1963,Newtown,Private room,308.84,2.7,"Quiet and peaceful, the perfect romantic getaway."
1964,Manly,Private room,474.66,3.1,"Very noisy and bustling, great for nightlife but hard to sleep."
1965,Manly,Entire home/apt,676.25,4.3,"Quiet and peaceful, the perfect romantic getaway."
1966,Bondi,Private room,766.66,3.5,"Terrible experience, the place was dirty and loud."
1967,Darlinghurst,Entire home/apt,273.31,4.1,Extremely clean and modern apartment with high-speed wifi.
1968,Bondi,Shared room,621.23,4.5,A bit outdated but very affordable and cozy.
1969,Bondi,Entire home/apt,583.25,4.6,"Very noisy and bustling, great for nightlife but hard to sleep."
1970,Bondi,Entire home/apt,270.37,3.2,A bit outdated but very affordable and cozy.
1971,Bondi,Shared room,133.82,2.6,"Very noisy and bustling, great for nightlife but hard to sleep."
1972,Manly,Private room,465.26,3.8,A bit outdated but very affordable and cozy.
1973,Manly,Shared room,713.04,3.3,"Very noisy and bustling, great for nightlife but hard to sleep."
1974,Parramatta,Private room,73.44,2.8,A bit outdated but very affordable and cozy.
1975,Manly,Private room,495.19,3.5,"Very noisy and bustling, great for nightlife but hard to sleep."
1976,Bondi,Entire home/apt,351.19,4.6,"Terrible experience, the place was dirty and loud."
1977,Newtown,Entire home/apt,780.39,4.1,"Terrible experience, the place was dirty and loud."
1978,Newtown,Entire home/apt,774.29,3.7,Extremely clean and modern apartment with high-speed wifi.
1979,Manly,Entire home/apt,436.09,3.8,"Very noisy and bustling, great for nightlife but hard to sleep."
1980,Surry Hills,Private room,460.43,2.7,"Quiet and peaceful, the perfect romantic getaway."
1981,Bondi,Entire home/apt,637.02,4.5,"Basic room, clean but tiny. The host was very friendly."
1982,Newtown,Entire home/apt,338.44,3.8,"Basic room, clean but tiny. The host was very friendly."
1983,Newtown,Entire home/apt,798.28,3.2,"Quiet and peaceful, the perfect romantic getaway."
1984,Bondi,Entire home/apt,146.54,4.1,"Basic room, clean but tiny. The host was very friendly."
1985,Bondi,Private room,410.39,3.0,"Basic room, clean but tiny. The host was very friendly."
1986,Darlinghurst,Entire home/apt,252.92,4.1,Luxury villa with a pool and ocean views. Incredible experience.
1987,Bondi,Shared room,252.6,3.5,"Terrible experience, the place was dirty and loud."
1988,Parramatta,Private room,653.01,3.1,"Basic room, clean but tiny. The host was very friendly."
1989,Bondi,Shared room,510.98,4.6,"Quiet and peaceful, the perfect romantic getaway."
1990,Darlinghurst,Entire home/apt,239.61,3.1,"Basic room, clean but tiny. The host was very friendly."
1991,Manly,Entire home/apt,165.6,3.6,Luxury villa with a pool and ocean views. Incredible experience.
1992,Bondi,Private room,778.98,3.0,Extremely clean and modern apartment with high-speed wifi.
1993,Manly,Entire home/apt,225.79,2.6,A bit outdated but very affordable and cozy.
1994,Darlinghurst,Entire home/apt,691.18,3.6,"Basic room, clean but tiny. The host was very friendly."
1995,Manly,Private room,752.38,2.8,"Quiet and peaceful, the perfect romantic getaway."
1996,Parramatta,Private room,403.08,4.8,"Terrible experience, the place was dirty and loud."
1997,Surry Hills,Private room,485.57,4.0,Extremely clean and modern apartment with high-speed wifi.
1998,Bondi,Shared room,547.06,2.9,"Terrible experience, the place was dirty and loud."
1999,Parramatta,Private room,786.03,4.0,"A lovely, quiet neighborhood perfect for families. Close to the beach."
2000,Surry Hills,Shared room,97.79,4.2,"A lovely, quiet neighborhood perfect for families. Close to the beach."
2001,Bondi,Private room,583.5,4.0,"Terrible experience, the place was dirty and loud."
2002,Darlinghurst,Entire home/apt,498.92,3.5,Extremely clean and modern apartment with high-speed wifi.
2003,Manly,Entire home/apt,284.98,3.8,"A lovely, quiet neighborhood perfect for families. Close to the beach."
2004,Parramatta,Private room,63.15,4.5,Extremely clean and modern apartment with high-speed wifi.
2005,Surry Hills,Shared room,615.85,2.7,Luxury villa with a pool and ocean views. Incredible experience.
2006,Manly,Private room,786.33,5.0,Extremely clean and modern apartment with high-speed wifi.
2007,Parramatta,Shared room,738.76,2.5,"A lovely, quiet neighborhood perfect for families. Close to the beach."
2008,Surry Hills,Shared room,669.44,2.5,"Basic room, clean but tiny. The host was very friendly."
2009,Newtown,Shared room,400.03,3.2,"Basic room, clean but tiny. The host was very friendly."
2010,Parramatta,Entire home/apt,548.17,4.2,"Basic room, clean but tiny. The host was very friendly."
2011,Newtown,Shared room,91.16,4.9,"Quiet and peaceful, the perfect romantic getaway."
2012,Manly,Entire home/apt,220.47,4.5,Extremely clean and modern apartment with high-speed wifi.
2013,Darlinghurst,Private room,491.97,3.5,"Quiet and peaceful, the perfect romantic getaway."
2014,Bondi,Shared room,384.86,3.9,"Basic room, clean but tiny. The host was very friendly."
2015,Bondi,Private room,60.83,2.9,"A lovely, quiet neighborhood perfect for families. Close to the beach."
2016,Surry Hills,Private room,137.75,2.8,"Terrible experience, the place was dirty and loud."
2017,Parramatta,Entire home/apt,509.06,4.8,"Basic room, clean but tiny. The host was very friendly."
2018,Surry Hills,Private room,274.7,3.1,Luxury villa with a pool and ocean views. Incredible experience.
2019,Manly,Entire home/apt,564.57,4.1,Extremely clean and modern apartment with high-speed wifi.
2020,Manly,Shared room,734.42,3.6,"A lovely, quiet neighborhood perfect for families. Close to the beach."
2021,Parramatta,Shared room,652.41,2.8,Extremely clean and modern apartment with high-speed wifi.
2022,Newtown,Entire home/apt,677.2,3.8,"Terrible experience, the place was dirty and loud."
2023,Bondi,Private room,771.14,3.1,Luxury villa with a pool and ocean views. Incredible experience.
2024,Bondi,Private room,578.85,2.7,Extremely clean and modern apartment with high-speed wifi.
2025,Newtown,Shared room,547.15,3.6,"Quiet and peaceful, the perfect romantic getaway."
2026,Parramatta,Shared room,85.11,2.7,"Basic room, clean but tiny. The host was very friendly."
2027,Darlinghurst,Private room,514.34,3.5,Luxury villa with a pool and ocean views. Incredible experience.
2028,Newtown,Entire home/apt,343.93,3.8,"Quiet and peaceful, the perfect romantic getaway."
2029,Manly,Private room,450.98,5.0,"Basic room, clean but tiny. The host was very friendly."
2030,Parramatta,Private room,389.73,2.8,"Very noisy and bustling, great for nightlife but hard to sleep."
2031,Surry Hills,Shared room,467.65,2.9,"Very noisy and bustling, great for nightlife but hard to sleep."
2032,Darlinghurst,Entire home/apt,276.22,2.8,"Quiet and peaceful, the perfect romantic getaway."
2033,Manly,Shared room,683.65,4.3,Luxury villa with a pool and ocean views. Incredible experience.
2034,Darlinghurst,Shared room,78.0,4.5,"Quiet and peaceful, the perfect romantic getaway."
2035,Darlinghurst,Private room,212.03,4.7,"Terrible experience, the place was dirty and loud."
2036,Parramatta,Entire home/apt,417.96,2.6,"Very noisy and bustling, great for nightlife but hard to sleep."
2037,Newtown,Private room,244.39,3.4,A bit outdated but very affordable and cozy.
2038,Manly,Private room,487.43,5.0,"A lovely, quiet neighborhood perfect for families. Close to the beach."
2039,Bondi,Entire home/apt,701.16,3.5,"Terrible experience, the place was dirty and loud."
2040,Parramatta,Entire home/apt,219.96,4.2,Luxury villa with a pool and ocean views. Incredible experience.
2041,Newtown,Entire home/apt,433.98,2.5,"Very noisy and bustling, great for nightlife but hard to sleep."
2042,Darlinghurst,Entire home/apt,781.0,2.6,"Very noisy and bustling, great for nightlife but hard to sleep."
2043,Manly,Shared room,212.59,3.4,Extremely clean and modern apartment with high-speed wifi.
2044,Newtown,Shared room,272.19,2.9,Luxury villa with a pool and ocean views. Incredible experience.
2045,Bondi,Private room,72.36,4.7,"Very noisy and bustling, great for nightlife but hard to sleep."
2046,Newtown,Entire home/apt,304.6,3.3,"Basic room, clean but tiny. The host was very friendly."
2047,Bondi,Entire home/apt,219.91,4.0,Luxury villa with a pool and ocean views. Incredible experience.
2048,Parramatta,Shared room,167.66,3.7,"Quiet and peaceful, the perfect romantic getaway."
2049,Newtown,Shared room,751.67,5.0,Extremely clean and modern apartment with high-speed wifi.
2050,Surry Hills,Shared room,694.79,2.6,"Quiet and peaceful, the perfect romantic getaway."
2051,Bondi,Shared room,503.63,3.5,A bit outdated but very affordable and cozy.
2052,Surry Hills,Shared room,678.9,4.8,Luxury villa with a pool and ocean views. Incredible experience.
2053,Manly,Entire home/apt,71.37,4.9,Luxury villa with a pool and ocean views. Incredible experience.
2054,Parramatta,Entire home/apt,243.05,2.6,A bit outdated but very affordable and cozy.
2055,Darlinghurst,Shared room,345.92,3.1,"Terrible experience, the place was dirty and loud."
2056,Parramatta,Shared room,163.29,2.6,Extremely clean and modern apartment with high-speed wifi.
2057,Manly,Private room,480.26,3.7,"Quiet and peaceful, the perfect romantic getaway."
2058,Newtown,Private room,749.76,3.4,Extremely clean and modern apartment with high-speed wifi.
2059,Parramatta,Entire home/apt,218.54,4.4,"Very noisy and bustling, great for nightlife but hard to sleep."
2060,Parramatta,Entire home/apt,340.51,3.6,"Quiet and peaceful, the perfect romantic getaway."
2061,Darlinghurst,Private room,340.57,2.7,Extremely clean and modern apartment with high-speed wifi.
2062,Parramatta,Private room,562.15,3.5,A bit outdated but very affordable and cozy.
2063,Newtown,Private room,351.33,2.9,"Terrible experience, the place was dirty and loud."
2064,Bondi,Private room,185.25,4.1,"Terrible experience, the place was dirty and loud."
2065,Newtown,Entire home/apt,649.87,3.0,"A lovely, quiet neighborhood perfect for families. Close to the beach."
2066,Manly,Private room,429.47,2.8,Extremely clean and modern apartment with high-speed wifi.
2067,Newtown,Private room,76.51,4.7,A bit outdated but very affordable and cozy.
2068,Surry Hills,Entire home/apt,572.95,5.0,Luxury villa with a pool and ocean views. Incredible experience.
2069,Bondi,Entire home/apt,79.39,3.0,"Very noisy and bustling, great for nightlife but hard to sleep."
2070,Bondi,Shared room,392.18,4.1,A bit outdated but very affordable and cozy.
2071,Manly,Shared room,203.26,3.7,"Very noisy and bustling, great for nightlife but hard to sleep."
2072,Manly,Shared room,600.95,3.9,"Quiet and peaceful, the perfect romantic getaway."
2073,Darlinghurst,Private room,63.06,2.8,A bit outdated but very affordable and cozy.
2074,Parramatta,Entire home/apt,295.73,3.6,"A lovely, quiet neighborhood perfect for families. Close to the beach."
2075,Newtown,Entire home/apt,444.43,4.4,Luxury villa with a pool and ocean views. Incredible experience.
2076,Surry Hills,Private room,360.11,4.8,A bit outdated but very affordable and cozy.
2077,Newtown,Private room,416.11,2.7,"Quiet and peaceful, the perfect romantic getaway."
2078,Bondi,Entire home/apt,289.57,3.5,Luxury villa with a pool and ocean views. Incredible experience.
2079,Darlinghurst,Private room,493.45,4.3,"A lovely, quiet neighborhood perfect for families. Close to the beach."
2080,Darlinghurst,Private room,557.31,2.6,Luxury villa with a pool and ocean views. Incredible experience.
2081,Bondi,Entire home/apt,784.0,3.5,"A lovely, quiet neighborhood perfect for families. Close to the beach."
2082,Darlinghurst,Entire home/apt,602.41,4.4,Extremely clean and modern apartment with high-speed wifi.
2083,Manly,Entire home/apt,553.63,4.8,"A lovely, quiet neighborhood perfect for families. Close to the beach."
2084,Darlinghurst,Shared room,662.34,4.3,"Basic room, clean but tiny. The host was very friendly."
2085,Parramatta,Shared room,241.35,2.7,"A lovely, quiet neighborhood perfect for families. Close to the beach."
2086,Bondi,Private room,472.7,3.1,"A lovely, quiet neighborhood perfect for families. Close to the beach."
2087,Newtown,Private room,262.76,3.8,"Basic room, clean but tiny. The host was very friendly."
2088,Darlinghurst,Entire home/apt,742.01,4.1,"Terrible experience, the place was dirty and loud."
2089,Newtown,Shared room,59.0,2.6,"Basic room, clean but tiny. The host was very friendly."
2090,Parramatta,Private room,515.05,4.9,A bit outdated but very affordable and cozy.
2091,Darlinghurst,Shared room,770.78,3.8,"Terrible experience, the place was dirty and loud."
2092,Parramatta,Private room,341.83,4.1,"Terrible experience, the place was dirty and loud."
2093,Parramatta,Private room,319.13,3.7,A bit outdated but very affordable and cozy.
2094,Bondi,Entire home/apt,543.69,3.2,"Basic room, clean but tiny. The host was very friendly."
2095,Manly,Private room,575.44,4.5,Extremely clean and modern apartment with high-speed wifi.
2096,Darlinghurst,Private room,154.98,4.7,"Quiet and peaceful, the perfect romantic getaway."
2097,Newtown,Private room,130.48,3.3,"A lovely, quiet neighborhood perfect for families. Close to the beach."
2098,Surry Hills,Entire home/apt,295.95,4.1,"Basic room, clean but tiny. The host was very friendly."
2099,Parramatta,Shared room,773.92,2.8,Luxury villa with a pool and ocean views. Incredible experience.
2100,Manly,Private room,676.83,2.7,"A lovely, quiet neighborhood perfect for families. Close to the beach."
2101,Parramatta,Shared room,51.79,2.9,Luxury villa with a pool and ocean views. Incredible experience.
2102,Manly,Entire home/apt,503.19,2.9,"Basic room, clean but tiny. The host was very friendly."
2103,Surry Hills,Entire home/apt,437.28,4.5,Extremely clean and modern apartment with high-speed wifi.
2104,Manly,Entire home/apt,377.61,2.6,"Very noisy and bustling, great for nightlife but hard to sleep."
2105,Parramatta,Entire home/apt,769.42,3.1,Extremely clean and modern apartment with high-speed wifi.
2106,Darlinghurst,Entire home/apt,63.07,3.3,Extremely clean and modern apartment with high-speed wifi.
2107,Newtown,Private room,768.62,3.3,Luxury villa with a pool and ocean views. Incredible experience.
2108,Darlinghurst,Private room,735.88,4.8,"Quiet and peaceful, the perfect romantic getaway."
2109,Newtown,Entire home/apt,742.5,2.6,A bit outdated but very affordable and cozy.
2110,Newtown,Shared room,638.24,3.1,"Basic room, clean but tiny. The host was very friendly."
2111,Bondi,Shared room,335.71,4.2,"A lovely, quiet neighborhood perfect for families. Close to the beach."
2112,Darlinghurst,Shared room,371.9,3.0,"Basic room, clean but tiny. The host was very friendly."
2113,Parramatta,Private room,645.24,3.9,"Basic room, clean but tiny. The host was very friendly."
2114,Parramatta,Private room,535.13,4.0,A bit outdated but very affordable and cozy.
2115,Bondi,Entire home/apt,346.44,4.3,"Basic room, clean but tiny. The host was very friendly."
2116,Bondi,Entire home/apt,675.27,3.3,A bit outdated but very affordable and cozy.
2117,Bondi,Private room,749.5,4.9,"Quiet and peaceful, the perfect romantic getaway."
2118,Parramatta,Shared room,752.57,2.9,Extremely clean and modern apartment with high-speed wifi.
2119,Bondi,Entire home/apt,547.22,2.6,"A lovely, quiet neighborhood perfect for families. Close to the beach."
2120,Surry Hills,Entire home/apt,736.46,2.8,"Quiet and peaceful, the perfect romantic getaway."
2121,Darlinghurst,Entire home/apt,469.74,3.7,Extremely clean and modern apartment with high-speed wifi.
2122,Bondi,Private room,323.95,4.7,Extremely clean and modern apartment with high-speed wifi.
2123,Surry Hills,Entire home/apt,707.17,4.7,"Quiet and peaceful, the perfect romantic getaway."
2124,Parramatta,Entire home/apt,545.02,4.1,"Quiet and peaceful, the perfect romantic getaway."
2125,Newtown,Shared room,315.3,3.0,"A lovely, quiet neighborhood perfect for families. Close to the beach."
2126,Surry Hills,Shared room,494.96,4.5,"Very noisy and bustling, great for nightlife but hard to sleep."
2127,Darlinghurst,Entire home/apt,675.24,4.6,Luxury villa with a pool and ocean views. Incredible experience.
2128,Newtown,Entire home/apt,462.29,4.7,"A lovely, quiet neighborhood perfect for families. Close to the beach."
2129,Bondi,Entire home/apt,536.52,3.4,A bit outdated but very affordable and cozy.
2130,Bondi,Shared room,136.49,3.3,Extremely clean and modern apartment with high-speed wifi.
2131,Parramatta,Entire home/apt,351.21,3.5,"Very noisy and bustling, great for nightlife but hard to sleep."
2132,Bondi,Entire home/apt,734.31,3.0,"Quiet and peaceful, the perfect romantic getaway."
2133,Darlinghurst,Entire home/apt,268.06,3.6,A bit outdated but very affordable and cozy.
2134,Surry Hills,Private room,754.74,3.4,A bit outdated but very affordable and cozy.
2135,Manly,Shared room,755.61,4.4,"A lovely, quiet neighborhood perfect for families. Close to the beach."
2136,Bondi,Entire home/apt,727.16,4.9,"Very noisy and bustling, great for nightlife but hard to sleep."
2137,Bondi,Entire home/apt,798.83,3.5,"Basic room, clean but tiny. The host was very friendly."
2138,Manly,Entire home/apt,641.9,3.2,"Quiet and peaceful, the perfect romantic getaway."
2139,Parramatta,Shared room,637.23,4.7,"Very noisy and bustling, great for nightlife but hard to sleep."
2140,Newtown,Private room,614.06,4.1,"Very noisy and bustling, great for nightlife but hard to sleep."
2141,Darlinghurst,Shared room,211.88,2.7,"Basic room, clean but tiny. The host was very friendly."
2142,Darlinghurst,Private room,512.62,3.5,Luxury villa with a pool and ocean views. Incredible experience.
2143,Parramatta,Entire home/apt,400.77,4.5,"Quiet and peaceful, the perfect romantic getaway."
2144,Newtown,Entire home/apt,131.02,4.7,"A lovely, quiet neighborhood perfect for families. Close to the beach."
2145,Bondi,Shared room,635.99,5.0,"A lovely, quiet neighborhood perfect for families. Close to the beach."
2146,Surry Hills,Shared room,270.94,5.0,"Basic room, clean but tiny. The host was very friendly."
2147,Darlinghurst,Entire home/apt,214.22,4.8,"Basic room, clean but tiny. The host was very friendly."
2148,Darlinghurst,Private room,505.22,3.5,"Quiet and peaceful, the perfect romantic getaway."
2149,Darlinghurst,Private room,523.72,2.7,Luxury villa with a pool and ocean views. Incredible experience.
2150,Bondi,Private room,269.7,2.9,A bit outdated but very affordable and cozy.
2151,Bondi,Shared room,401.41,2.6,Extremely clean and modern apartment with high-speed wifi.
2152,Surry Hills,Private room,224.09,3.0,"Quiet and peaceful, the perfect romantic getaway."
2153,Newtown,Shared room,771.09,3.5,"Quiet and peaceful, the perfect romantic getaway."
2154,Surry Hills,Shared room,510.49,4.9,Extremely clean and modern apartment with high-speed wifi.
2155,Newtown,Private room,220.06,4.8,Extremely clean and modern apartment with high-speed wifi.
2156,Surry Hills,Shared room,261.59,4.0,Luxury villa with a pool and ocean views. Incredible experience.
2157,Manly,Entire home/apt,469.13,3.5,"Quiet and peaceful, the perfect romantic getaway."
2158,Parramatta,Private room,188.87,4.8,"Basic room, clean but tiny. The host was very friendly."
2159,Parramatta,Shared room,441.6,4.7,"Very noisy and bustling, great for nightlife but hard to sleep."
2160,Manly,Entire home/apt,780.95,3.4,A bit outdated but very affordable and cozy.
2161,Newtown,Shared room,690.71,4.1,A bit outdated but very affordable and cozy.
2162,Manly,Shared room,587.62,4.5,A bit outdated but very affordable and cozy.
2163,Newtown,Entire home/apt,586.49,3.3,"Terrible experience, the place was dirty and loud."
2164,Newtown,Entire home/apt,701.9,2.7,Luxury villa with a pool and ocean views. Incredible experience.
2165,Manly,Shared room,448.13,3.4,"Terrible experience, the place was dirty and loud."
2166,Darlinghurst,Entire home/apt,179.84,5.0,A bit outdated but very affordable and cozy.
2167,Manly,Entire home/apt,482.88,2.7,Luxury villa with a pool and ocean views. Incredible experience.
2168,Darlinghurst,Entire home/apt,794.88,2.9,A bit outdated but very affordable and cozy.
2169,Bondi,Private room,413.51,4.6,Extremely clean and modern apartment with high-speed wifi.
2170,Surry Hills,Entire home/apt,566.39,4.7,A bit outdated but very affordable and cozy.
2171,Bondi,Entire home/apt,580.11,3.2,Extremely clean and modern apartment with high-speed wifi.
2172,Surry Hills,Entire home/apt,541.46,3.0,Extremely clean and modern apartment with high-speed wifi.
2173,Surry Hills,Entire home/apt,145.39,3.9,"Terrible experience, the place was dirty and loud."
2174,Darlinghurst,Entire home/apt,617.23,3.0,"Basic room, clean but tiny. The host was very friendly."
2175,Bondi,Shared room,187.95,2.6,"Quiet and peaceful, the perfect romantic getaway."
2176,Surry Hills,Shared room,738.55,4.3,"Basic room, clean but tiny. The host was very friendly."
2177,Surry Hills,Entire home/apt,391.58,4.6,Luxury villa with a pool and ocean views. Incredible experience.
2178,Newtown,Private room,312.35,3.0,Extremely clean and modern apartment with high-speed wifi.
2179,Darlinghurst,Private room,250.29,4.1,"A lovely, quiet neighborhood perfect for families. Close to the beach."
2180,Bondi,Private room,523.54,3.2,Luxury villa with a pool and ocean views. Incredible experience.
2181,Bondi,Private room,162.04,2.8,Extremely clean and modern apartment with high-speed wifi.
2182,Surry Hills,Private room,310.99,3.1,"Quiet and peaceful, the perfect romantic getaway."
2183,Bondi,Shared room,435.03,2.6,"Very noisy and bustling, great for nightlife but hard to sleep."
2184,Manly,Entire home/apt,357.17,3.2,Extremely clean and modern apartment with high-speed wifi.
2185,Surry Hills,Shared room,269.79,4.0,"Terrible experience, the place was dirty and loud."
2186,Darlinghurst,Entire home/apt,743.78,4.2,"Terrible experience, the place was dirty and loud."
2187,Surry Hills,Entire home/apt,517.94,3.4,Extremely clean and modern apartment with high-speed wifi.
2188,Manly,Entire home/apt,459.95,3.6,Luxury villa with a pool and ocean views. Incredible experience.
2189,Manly,Private room,288.96,3.1,"Quiet and peaceful, the perfect romantic getaway."
2190,Surry Hills,Shared room,505.12,4.3,"Terrible experience, the place was dirty and loud."
2191,Bondi,Shared room,697.35,4.9,A bit outdated but very affordable and cozy.
2192,Surry Hills,Entire home/apt,115.21,2.8,"Very noisy and bustling, great for nightlife but hard to sleep."
2193,Surry Hills,Entire home/apt,199.54,3.5,"Basic room, clean but tiny. The host was very friendly."
2194,Manly,Private room,648.82,4.6,Luxury villa with a pool and ocean views. Incredible experience.
2195,Surry Hills,Shared room,675.78,3.8,"Quiet and peaceful, the perfect romantic getaway."
2196,Parramatta,Shared room,119.42,3.4,Luxury villa with a pool and ocean views. Incredible experience.
2197,Newtown,Shared room,432.62,3.0,A bit outdated but very affordable and cozy.
2198,Bondi,Entire home/apt,69.12,3.6,"Basic room, clean but tiny. The host was very friendly."
2199,Surry Hills,Shared room,769.31,2.5,A bit outdated but very affordable and cozy.
2200,Manly,Shared room,184.26,3.1,"A lovely, quiet neighborhood perfect for families. Close to the beach."
2201,Bondi,Private room,552.83,4.9,"Terrible experience, the place was dirty and loud."
2202,Parramatta,Shared room,563.57,3.7,A bit outdated but very affordable and cozy.
2203,Bondi,Shared room,339.08,4.8,Luxury villa with a pool and ocean views. Incredible experience.
2204,Manly,Shared room,402.11,2.8,"Basic room, clean but tiny. The host was very friendly."
2205,Bondi,Entire home/apt,207.38,4.5,"Very noisy and bustling, great for nightlife but hard to sleep."
2206,Manly,Shared room,131.01,3.7,"Terrible experience, the place was dirty and loud."
2207,Manly,Shared room,348.77,3.2,"Very noisy and bustling, great for nightlife but hard to sleep."
2208,Darlinghurst,Entire home/apt,263.25,3.6,"Very noisy and bustling, great for nightlife but hard to sleep."
2209,Parramatta,Entire home/apt,718.26,3.7,"Quiet and peaceful, the perfect romantic getaway."
2210,Bondi,Entire home/apt,542.92,3.1,"Quiet and peaceful, the perfect romantic getaway."
2211,Newtown,Entire home/apt,321.78,4.6,"Very noisy and bustling, great for nightlife but hard to sleep."
2212,Surry Hills,Entire home/apt,383.66,3.5,"A lovely, quiet neighborhood perfect for families. Close to the beach."
2213,Parramatta,Shared room,428.62,2.8,"Basic room, clean but tiny. The host was very friendly."
2214,Darlinghurst,Shared room,756.02,4.8,Extremely clean and modern apartment with high-speed wifi.
2215,Surry Hills,Shared room,674.81,4.2,"Basic room, clean but tiny. The host was very friendly."
2216,Manly,Shared room,243.84,3.7,Luxury villa with a pool and ocean views. Incredible experience.
2217,Newtown,Entire home/apt,545.04,2.9,Luxury villa with a pool and ocean views. Incredible experience.
2218,Bondi,Entire home/apt,331.54,2.8,Extremely clean and modern apartment with high-speed wifi.
2219,Bondi,Entire home/apt,270.68,4.6,Luxury villa with a pool and ocean views. Incredible experience.
2220,Manly,Private room,326.33,3.1,"Quiet and peaceful, the perfect romantic getaway."
2221,Bondi,Shared room,667.89,4.7,Luxury villa with a pool and ocean views. Incredible experience.
2222,Parramatta,Shared room,507.2,2.6,"Very noisy and bustling, great for nightlife but hard to sleep."
2223,Surry Hills,Private room,126.46,4.8,"Terrible experience, the place was dirty and loud."
2224,Manly,Shared room,371.43,3.5,Luxury villa with a pool and ocean views. Incredible experience.
2225,Surry Hills,Shared room,780.37,3.5,Luxury villa with a pool and ocean views. Incredible experience.
2226,Parramatta,Private room,262.06,3.6,Extremely clean and modern apartment with high-speed wifi.
2227,Newtown,Shared room,113.77,4.6,"Quiet and peaceful, the perfect romantic getaway."
2228,Surry Hills,Private room,92.63,3.2,"A lovely, quiet neighborhood perfect for families. Close to the beach."
2229,Darlinghurst,Private room,702.89,3.1,A bit outdated but very affordable and cozy.
2230,Manly,Shared room,217.73,2.9,"Very noisy and bustling, great for nightlife but hard to sleep."
2231,Newtown,Entire home/apt,594.63,4.6,Extremely clean and modern apartment with high-speed wifi.
2232,Manly,Private room,384.09,2.8,Extremely clean and modern apartment with high-speed wifi.
2233,Surry Hills,Private room,465.93,4.2,Luxury villa with a pool and ocean views. Incredible experience.
2234,Darlinghurst,Shared room,191.57,3.6,"A lovely, quiet neighborhood perfect for families. Close to the beach."
2235,Manly,Shared room,623.28,3.8,"Terrible experience, the place was dirty and loud."
2236,Surry Hills,Entire home/apt,597.76,3.7,A bit outdated but very affordable and cozy.
2237,Newtown,Private room,50.08,3.5,Luxury villa with a pool and ocean views. Incredible experience.
2238,Parramatta,Private room,709.0,3.4,Luxury villa with a pool and ocean views. Incredible experience.
2239,Manly,Private room,215.29,4.4,"Terrible experience, the place was dirty and loud."
2240,Bondi,Private room,322.95,3.1,"Terrible experience, the place was dirty and loud."
2241,Parramatta,Entire home/apt,512.39,2.7,"Terrible experience, the place was dirty and loud."
2242,Surry Hills,Private room,611.0,3.6,Luxury villa with a pool and ocean views. Incredible experience.
2243,Bondi,Private room,156.28,2.8,Extremely clean and modern apartment with high-speed wifi.
2244,Newtown,Entire home/apt,272.94,3.4,Extremely clean and modern apartment with high-speed wifi.
2245,Darlinghurst,Entire home/apt,339.34,3.0,Luxury villa with a pool and ocean views. Incredible experience.
2246,Parramatta,Shared room,480.7,3.6,"Terrible experience, the place was dirty and loud."
2247,Parramatta,Entire home/apt,549.74,3.2,"Terrible experience, the place was dirty and loud."
2248,Manly,Private room,445.0,3.4,A bit outdated but very affordable and cozy.
2249,Surry Hills,Shared room,492.96,3.4,"Terrible experience, the place was dirty and loud."
2250,Surry Hills,Shared room,764.04,3.5,A bit outdated but very affordable and cozy.
2251,Bondi,Private room,629.22,2.8,"Basic room, clean but tiny. The host was very friendly."
2252,Manly,Entire home/apt,116.59,5.0,"Basic room, clean but tiny. The host was very friendly."
2253,Newtown,Entire home/apt,231.62,3.7,"Very noisy and bustling, great for nightlife but hard to sleep."
2254,Darlinghurst,Shared room,613.7,4.0,Luxury villa with a pool and ocean views. Incredible experience.
2255,Surry Hills,Entire home/apt,390.04,2.6,A bit outdated but very affordable and cozy.
2256,Parramatta,Private room,386.75,3.0,"A lovely, quiet neighborhood perfect for families. Close to the beach."
2257,Surry Hills,Entire home/apt,501.38,2.7,"Basic room, clean but tiny. The host was very friendly."
2258,Darlinghurst,Private room,346.47,3.6,"Very noisy and bustling, great for nightlife but hard to sleep."
2259,Darlinghurst,Entire home/apt,174.42,4.7,"Quiet and peaceful, the perfect romantic getaway."
2260,Darlinghurst,Private room,557.47,4.0,"A lovely, quiet neighborhood perfect for families. Close to the beach."
2261,Darlinghurst,Shared room,81.06,4.9,"Very noisy and bustling, great for nightlife but hard to sleep."
2262,Manly,Private room,190.44,4.6,"Very noisy and bustling, great for nightlife but hard to sleep."
2263,Newtown,Shared room,138.08,4.3,"A lovely, quiet neighborhood perfect for families. Close to the beach."
2264,Manly,Entire home/apt,153.19,3.1,Extremely clean and modern apartment with high-speed wifi.
2265,Parramatta,Private room,242.55,3.7,Extremely clean and modern apartment with high-speed wifi.
2266,Newtown,Private room,797.99,4.2,"Basic room, clean but tiny. The host was very friendly."
2267,Parramatta,Private room,174.05,4.9,Luxury villa with a pool and ocean views. Incredible experience.
2268,Darlinghurst,Entire home/apt,297.0,3.1,A bit outdated but very affordable and cozy.
2269,Manly,Entire home/apt,308.54,2.6,"Terrible experience, the place was dirty and loud."
2270,Darlinghurst,Shared room,199.41,4.0,A bit outdated but very affordable and cozy.
2271,Parramatta,Private room,698.12,2.9,"Terrible experience, the place was dirty and loud."
2272,Surry Hills,Shared room,650.07,2.9,Extremely clean and modern apartment with high-speed wifi.
2273,Newtown,Shared room,674.43,4.9,Luxury villa with a pool and ocean views. Incredible experience.
2274,Parramatta,Private room,671.47,4.5,"A lovely, quiet neighborhood perfect for families. Close to the beach."
2275,Parramatta,Shared room,620.06,4.9,"Very noisy and bustling, great for nightlife but hard to sleep."
2276,Newtown,Shared room,768.32,4.6,A bit outdated but very affordable and cozy.
2277,Darlinghurst,Entire home/apt,576.32,3.5,A bit outdated but very affordable and cozy.
2278,Darlinghurst,Shared room,94.89,3.7,Luxury villa with a pool and ocean views. Incredible experience.
2279,Newtown,Shared room,633.63,3.7,A bit outdated but very affordable and cozy.
2280,Darlinghurst,Private room,186.31,4.2,Luxury villa with a pool and ocean views. Incredible experience.
2281,Parramatta,Private room,236.99,3.1,A bit outdated but very affordable and cozy.
2282,Bondi,Entire home/apt,678.98,2.9,Luxury villa with a pool and ocean views. Incredible experience.
2283,Manly,Private room,226.81,4.0,"Terrible experience, the place was dirty and loud."
2284,Newtown,Entire home/apt,223.14,4.6,"Terrible experience, the place was dirty and loud."
2285,Newtown,Entire home/apt,446.17,4.8,"A lovely, quiet neighborhood perfect for families. Close to the beach."
2286,Darlinghurst,Private room,629.38,2.9,Luxury villa with a pool and ocean views. Incredible experience.
2287,Newtown,Shared room,236.04,3.2,"Very noisy and bustling, great for nightlife but hard to sleep."
2288,Surry Hills,Entire home/apt,653.47,3.6,"Very noisy and bustling, great for nightlife but hard to sleep."
2289,Newtown,Entire home/apt,360.58,2.8,A bit outdated but very affordable and cozy.
2290,Parramatta,Shared room,588.5,3.9,"Very noisy and bustling, great for nightlife but hard to sleep."
2291,Parramatta,Shared room,786.11,4.3,"Quiet and peaceful, the perfect romantic getaway."
2292,Newtown,Entire home/apt,448.02,3.2,"Basic room, clean but tiny. The host was very friendly."
2293,Surry Hills,Private room,60.75,4.9,"A lovely, quiet neighborhood perfect for families. Close to the beach."
2294,Parramatta,Entire home/apt,208.52,4.6,"Very noisy and bustling, great for nightlife but hard to sleep."
2295,Darlinghurst,Shared room,145.81,3.4,"A lovely, quiet neighborhood perfect for families. Close to the beach."
2296,Surry Hills,Private room,581.92,3.7,Luxury villa with a pool and ocean views. Incredible experience.
2297,Newtown,Private room,200.02,4.1,A bit outdated but very affordable and cozy.
2298,Surry Hills,Private room,264.64,3.7,"Basic room, clean but tiny. The host was very friendly."
2299,Bondi,Entire home/apt,293.3,4.6,"Quiet and peaceful, the perfect romantic getaway."
2300,Manly,Shared room,407.35,3.9,Extremely clean and modern apartment with high-speed wifi.
2301,Bondi,Entire home/apt,629.81,4.6,Extremely clean and modern apartment with high-speed wifi.
2302,Darlinghurst,Shared room,524.16,4.2,"Basic room, clean but tiny. The host was very friendly."
2303,Parramatta,Private room,518.52,4.3,"Terrible experience, the place was dirty and loud."
2304,Surry Hills,Entire home/apt,397.89,3.3,Luxury villa with a pool and ocean views. Incredible experience.
2305,Manly,Private room,609.64,2.5,A bit outdated but very affordable and cozy.
2306,Darlinghurst,Entire home/apt,236.16,3.6,A bit outdated but very affordable and cozy.
2307,Newtown,Shared room,745.6,3.2,A bit outdated but very affordable and cozy.
2308,Darlinghurst,Private room,353.57,4.3,"A lovely, quiet neighborhood perfect for families. Close to the beach."
2309,Manly,Private room,626.78,4.5,"A lovely, quiet neighborhood perfect for families. Close to the beach."
2310,Newtown,Shared room,639.11,3.8,"Quiet and peaceful, the perfect romantic getaway."
2311,Surry Hills,Entire home/apt,665.59,3.4,"Basic room, clean but tiny. The host was very friendly."
2312,Newtown,Private room,183.89,4.7,"Terrible experience, the place was dirty and loud."
2313,Manly,Private room,196.94,4.6,"Quiet and peaceful, the perfect romantic getaway."
2314,Surry Hills,Private room,326.49,2.9,Luxury villa with a pool and ocean views. Incredible experience.
2315,Parramatta,Private room,432.81,3.3,"A lovely, quiet neighborhood perfect for families. Close to the beach."
2316,Manly,Entire home/apt,375.95,3.3,Luxury villa with a pool and ocean views. Incredible experience.
2317,Parramatta,Shared room,168.4,5.0,"Very noisy and bustling, great for nightlife but hard to sleep."
2318,Bondi,Shared room,301.4,3.5,"Quiet and peaceful, the perfect romantic getaway."
2319,Bondi,Private room,507.93,4.1,"Very noisy and bustling, great for nightlife but hard to sleep."
2320,Surry Hills,Private room,576.2,2.5,"Quiet and peaceful, the perfect romantic getaway."
2321,Bondi,Private room,66.22,4.7,A bit outdated but very affordable and cozy.
2322,Darlinghurst,Private room,232.04,3.3,Luxury villa with a pool and ocean views. Incredible experience.
2323,Surry Hills,Private room,443.08,4.7,"A lovely, quiet neighborhood perfect for families. Close to the beach."
2324,Manly,Shared room,124.36,3.1,"Terrible experience, the place was dirty and loud."
2325,Newtown,Shared room,201.15,4.1,"Very noisy and bustling, great for nightlife but hard to sleep."
2326,Newtown,Shared room,616.87,4.6,"A lovely, quiet neighborhood perfect for families. Close to the beach."
2327,Surry Hills,Entire home/apt,454.93,3.4,"Very noisy and bustling, great for nightlife but hard to sleep."
2328,Manly,Entire home/apt,700.88,2.8,"Very noisy and bustling, great for nightlife but hard to sleep."
2329,Darlinghurst,Shared room,579.39,4.5,"A lovely, quiet neighborhood perfect for families. Close to the beach."
2330,Darlinghurst,Shared room,308.63,3.1,Luxury villa with a pool and ocean views. Incredible experience.
2331,Newtown,Private room,402.93,3.4,"Terrible experience, the place was dirty and loud."
2332,Darlinghurst,Entire home/apt,647.24,4.0,A bit outdated but very affordable and cozy.
2333,Surry Hills,Shared room,379.07,4.9,"Very noisy and bustling, great for nightlife but hard to sleep."
2334,Newtown,Private room,429.91,4.8,Luxury villa with a pool and ocean views. Incredible experience.
2335,Newtown,Private room,535.38,2.9,"Very noisy and bustling, great for nightlife but hard to sleep."
2336,Darlinghurst,Shared room,317.54,4.7,Extremely clean and modern apartment with high-speed wifi.
2337,Darlinghurst,Entire home/apt,199.34,4.5,"Quiet and peaceful, the perfect romantic getaway."
2338,Darlinghurst,Private room,528.21,4.3,Luxury villa with a pool and ocean views. Incredible experience.
2339,Parramatta,Entire home/apt,738.32,3.1,"Terrible experience, the place was dirty and loud."
2340,Bondi,Private room,568.88,2.6,Luxury villa with a pool and ocean views. Incredible experience.
2341,Manly,Entire home/apt,499.62,4.6,A bit outdated but very affordable and cozy.
2342,Newtown,Entire home/apt,675.98,4.3,Luxury villa with a pool and ocean views. Incredible experience.
2343,Bondi,Shared room,405.79,3.4,Luxury villa with a pool and ocean views. Incredible experience.
2344,Newtown,Entire home/apt,773.43,4.3,"Very noisy and bustling, great for nightlife but hard to sleep."
2345,Darlinghurst,Entire home/apt,90.22,3.5,A bit outdated but very affordable and cozy.
2346,Darlinghurst,Entire home/apt,346.64,3.9,A bit outdated but very affordable and cozy.
2347,Bondi,Private room,542.06,3.9,Extremely clean and modern apartment with high-speed wifi.
2348,Manly,Private room,561.85,2.6,"Very noisy and bustling, great for nightlife but hard to sleep."
2349,Darlinghurst,Entire home/apt,640.64,4.9,"A lovely, quiet neighborhood perfect for families. Close to the beach."
2350,Surry Hills,Private room,396.78,3.7,Luxury villa with a pool and ocean views. Incredible experience.
2351,Newtown,Private room,480.65,2.7,Extremely clean and modern apartment with high-speed wifi.
2352,Newtown,Entire home/apt,772.53,3.4,"Terrible experience, the place was dirty and loud."
2353,Manly,Private room,113.74,3.8,A bit outdated but very affordable and cozy.
2354,Manly,Shared room,746.8,2.6,A bit outdated but very affordable and cozy.
2355,Bondi,Private room,120.57,3.0,"Basic room, clean but tiny. The host was very friendly."
2356,Surry Hills,Shared room,469.64,2.5,A bit outdated but very affordable and cozy.
2357,Darlinghurst,Entire home/apt,575.73,2.8,A bit outdated but very affordable and cozy.
2358,Bondi,Entire home/apt,344.95,4.8,"A lovely, quiet neighborhood perfect for families. Close to the beach."
2359,Newtown,Private room,275.85,4.1,"Very noisy and bustling, great for nightlife but hard to sleep."
2360,Manly,Entire home/apt,304.73,4.8,"Basic room, clean but tiny. The host was very friendly."
2361,Newtown,Entire home/apt,127.93,3.7,Extremely clean and modern apartment with high-speed wifi.
2362,Manly,Shared room,567.59,4.9,"A lovely, quiet neighborhood perfect for families. Close to the beach."
2363,Newtown,Entire home/apt,548.36,3.4,"Terrible experience, the place was dirty and loud."
2364,Darlinghurst,Entire home/apt,361.51,4.4,Extremely clean and modern apartment with high-speed wifi.
2365,Bondi,Shared room,252.21,3.3,"Very noisy and bustling, great for nightlife but hard to sleep."
2366,Darlinghurst,Private room,730.62,4.1,A bit outdated but very affordable and cozy.
2367,Surry Hills,Shared room,114.73,2.6,Extremely clean and modern apartment with high-speed wifi.
2368,Darlinghurst,Private room,432.18,3.2,Extremely clean and modern apartment with high-speed wifi.
2369,Newtown,Shared room,652.5,4.0,"Very noisy and bustling, great for nightlife but hard to sleep."
2370,Newtown,Shared room,720.22,2.9,Extremely clean and modern apartment with high-speed wifi.
2371,Darlinghurst,Shared room,483.58,3.8,Luxury villa with a pool and ocean views. Incredible experience.
2372,Manly,Private room,270.43,4.5,"Very noisy and bustling, great for nightlife but hard to sleep."
2373,Manly,Entire home/apt,328.17,4.0,"Quiet and peaceful, the perfect romantic getaway."
2374,Surry Hills,Private room,181.03,3.9,A bit outdated but very affordable and cozy.
2375,Parramatta,Private room,748.62,2.7,"Terrible experience, the place was dirty and loud."
2376,Darlinghurst,Shared room,612.12,4.7,"A lovely, quiet neighborhood perfect for families. Close to the beach."
2377,Bondi,Shared room,450.02,3.0,Extremely clean and modern apartment with high-speed wifi.
2378,Newtown,Shared room,72.91,3.5,"Quiet and peaceful, the perfect romantic getaway."
2379,Manly,Entire home/apt,72.31,2.9,Luxury villa with a pool and ocean views. Incredible experience.
2380,Manly,Private room,563.22,3.0,"Terrible experience, the place was dirty and loud."
2381,Parramatta,Private room,328.39,3.5,Extremely clean and modern apartment with high-speed wifi.
2382,Bondi,Shared room,577.53,4.7,Extremely clean and modern apartment with high-speed wifi.
2383,Bondi,Entire home/apt,392.22,2.7,"Basic room, clean but tiny. The host was very friendly."
2384,Surry Hills,Private room,50.42,3.8,Luxury villa with a pool and ocean views. Incredible experience.
2385,Bondi,Private room,758.94,2.9,"A lovely, quiet neighborhood perfect for families. Close to the beach."
2386,Newtown,Entire home/apt,798.36,4.6,Luxury villa with a pool and ocean views. Incredible experience.
2387,Surry Hills,Shared room,771.12,4.2,"Quiet and peaceful, the perfect romantic getaway."
2388,Darlinghurst,Shared room,569.98,3.6,A bit outdated but very affordable and cozy.
2389,Manly,Entire home/apt,589.44,3.6,"Terrible experience, the place was dirty and loud."
2390,Parramatta,Entire home/apt,625.6,4.8,Luxury villa with a pool and ocean views. Incredible experience.
2391,Darlinghurst,Private room,553.46,4.7,Extremely clean and modern apartment with high-speed wifi.
2392,Parramatta,Entire home/apt,126.44,3.8,A bit outdated but very affordable and cozy.
2393,Newtown,Entire home/apt,268.93,4.8,Extremely clean and modern apartment with high-speed wifi.
2394,Bondi,Shared room,798.73,4.8,Luxury villa with a pool and ocean views. Incredible experience.
2395,Parramatta,Shared room,703.98,4.4,"Quiet and peaceful, the perfect romantic getaway."
2396,Darlinghurst,Shared room,240.07,2.7,"Terrible experience, the place was dirty and loud."
2397,Manly,Shared room,714.77,4.1,Extremely clean and modern apartment with high-speed wifi.
2398,Darlinghurst,Private room,106.31,4.0,"Very noisy and bustling, great for nightlife but hard to sleep."
2399,Bondi,Entire home/apt,337.05,4.0,A bit outdated but very affordable and cozy.
2400,Manly,Shared room,347.2,4.1,Extremely clean and modern apartment with high-speed wifi.
2401,Darlinghurst,Entire home/apt,256.41,3.7,"A lovely, quiet neighborhood perfect for families. Close to the beach."
2402,Surry Hills,Entire home/apt,376.24,4.8,"Very noisy and bustling, great for nightlife but hard to sleep."
2403,Darlinghurst,Private room,427.38,4.0,"Terrible experience, the place was dirty and loud."
2404,Newtown,Shared room,476.58,4.2,"A lovely, quiet neighborhood perfect for families. Close to the beach."
2405,Bondi,Private room,534.96,4.8,"A lovely, quiet neighborhood perfect for families. Close to the beach."
2406,Darlinghurst,Entire home/apt,448.64,3.0,A bit outdated but very affordable and cozy.
2407,Darlinghurst,Shared room,639.82,5.0,A bit outdated but very affordable and cozy.
2408,Newtown,Shared room,196.51,4.2,"Quiet and peaceful, the perfect romantic getaway."
2409,Newtown,Private room,277.52,4.6,"Terrible experience, the place was dirty and loud."
2410,Bondi,Shared room,517.04,4.2,Luxury villa with a pool and ocean views. Incredible experience.
2411,Newtown,Entire home/apt,519.87,3.3,"Terrible experience, the place was dirty and loud."
2412,Surry Hills,Shared room,365.43,3.5,"Basic room, clean but tiny. The host was very friendly."
2413,Manly,Private room,200.19,4.4,"Terrible experience, the place was dirty and loud."
2414,Newtown,Shared room,626.75,5.0,Extremely clean and modern apartment with high-speed wifi.
2415,Bondi,Entire home/apt,408.97,3.9,"Basic room, clean but tiny. The host was very friendly."
2416,Darlinghurst,Entire home/apt,113.05,2.7,"A lovely, quiet neighborhood perfect for families. Close to the beach."
2417,Darlinghurst,Shared room,419.63,2.9,Luxury villa with a pool and ocean views. Incredible experience.
2418,Newtown,Entire home/apt,487.82,3.4,"A lovely, quiet neighborhood perfect for families. Close to the beach."
2419,Manly,Shared room,727.28,3.7,Extremely clean and modern apartment with high-speed wifi.
2420,Manly,Entire home/apt,575.84,3.1,"Quiet and peaceful, the perfect romantic getaway."
2421,Newtown,Entire home/apt,406.08,3.3,"A lovely, quiet neighborhood perfect for families. Close to the beach."
2422,Bondi,Entire home/apt,120.37,2.6,Extremely clean and modern apartment with high-speed wifi.
2423,Manly,Shared room,586.42,4.9,"Terrible experience, the place was dirty and loud."
2424,Bondi,Private room,676.42,3.6,Luxury villa with a pool and ocean views. Incredible experience.
2425,Manly,Shared room,561.29,3.6,A bit outdated but very affordable and cozy.
2426,Newtown,Entire home/apt,373.5,4.6,"Basic room, clean but tiny. The host was very friendly."
2427,Bondi,Entire home/apt,348.11,3.3,"A lovely, quiet neighborhood perfect for families. Close to the beach."
2428,Bondi,Private room,711.9,3.1,Extremely clean and modern apartment with high-speed wifi.
2429,Surry Hills,Private room,169.43,2.9,"Basic room, clean but tiny. The host was very friendly."
2430,Manly,Private room,473.18,3.4,"Basic room, clean but tiny. The host was very friendly."
2431,Newtown,Entire home/apt,83.78,4.9,"Basic room, clean but tiny. The host was very friendly."
2432,Parramatta,Entire home/apt,542.47,2.5,"Terrible experience, the place was dirty and loud."
2433,Parramatta,Entire home/apt,481.83,4.6,"Basic room, clean but tiny. The host was very friendly."
2434,Newtown,Entire home/apt,562.7,2.6,"Very noisy and bustling, great for nightlife but hard to sleep."
2435,Manly,Entire home/apt,239.51,3.9,A bit outdated but very affordable and cozy.
2436,Surry Hills,Entire home/apt,715.35,2.8,"Basic room, clean but tiny. The host was very friendly."
2437,Newtown,Private room,344.33,3.8,"A lovely, quiet neighborhood perfect for families. Close to the beach."
2438,Darlinghurst,Entire home/apt,187.79,2.6,"Very noisy and bustling, great for nightlife but hard to sleep."
2439,Surry Hills,Shared room,252.5,2.9,"Quiet and peaceful, the perfect romantic getaway."
2440,Parramatta,Private room,376.12,3.7,A bit outdated but very affordable and cozy.
2441,Surry Hills,Entire home/apt,83.7,3.8,"Terrible experience, the place was dirty and loud."
2442,Manly,Shared room,215.21,3.0,"Terrible experience, the place was dirty and loud."
2443,Bondi,Shared room,203.21,2.6,Luxury villa with a pool and ocean views. Incredible experience.
2444,Surry Hills,Private room,687.76,3.9,A bit outdated but very affordable and cozy.
2445,Manly,Private room,706.98,3.5,"Quiet and peaceful, the perfect romantic getaway."
2446,Newtown,Private room,454.35,3.5,"Very noisy and bustling, great for nightlife but hard to sleep."
2447,Darlinghurst,Entire home/apt,60.28,2.7,"Terrible experience, the place was dirty and loud."
2448,Darlinghurst,Private room,294.25,4.7,"Quiet and peaceful, the perfect romantic getaway."
2449,Surry Hills,Shared room,355.81,2.8,Luxury villa with a pool and ocean views. Incredible experience.
2450,Parramatta,Entire home/apt,81.97,4.9,Extremely clean and modern apartment with high-speed wifi.
2451,Newtown,Shared room,363.9,4.5,A bit outdated but very affordable and cozy.
2452,Darlinghurst,Entire home/apt,533.49,3.5,"Basic room, clean but tiny. The host was very friendly."
2453,Parramatta,Entire home/apt,400.57,2.6,"Basic room, clean but tiny. The host was very friendly."
2454,Bondi,Private room,542.94,2.8,"Very noisy and bustling, great for nightlife but hard to sleep."
2455,Bondi,Shared room,442.09,3.5,Extremely clean and modern apartment with high-speed wifi.
2456,Surry Hills,Private room,329.46,4.5,A bit outdated but very affordable and cozy.
2457,Manly,Entire home/apt,423.44,3.3,"Terrible experience, the place was dirty and loud."
2458,Darlinghurst,Private room,629.08,3.7,Extremely clean and modern apartment with high-speed wifi.
2459,Surry Hills,Private room,390.99,4.8,A bit outdated but very affordable and cozy.
2460,Parramatta,Entire home/apt,500.84,3.5,"Quiet and peaceful, the perfect romantic getaway."
2461,Parramatta,Private room,735.47,3.2,"Quiet and peaceful, the perfect romantic getaway."
2462,Newtown,Entire home/apt,67.17,4.9,"Quiet and peaceful, the perfect romantic getaway."
2463,Newtown,Entire home/apt,94.1,4.6,"A lovely, quiet neighborhood perfect for families. Close to the beach."
2464,Parramatta,Shared room,295.83,3.5,Extremely clean and modern apartment with high-speed wifi.
2465,Surry Hills,Entire home/apt,541.74,4.3,"Terrible experience, the place was dirty and loud."
2466,Parramatta,Entire home/apt,721.56,4.4,Luxury villa with a pool and ocean views. Incredible experience.
2467,Parramatta,Entire home/apt,221.14,5.0,"Terrible experience, the place was dirty and loud."
2468,Surry Hills,Shared room,57.96,4.1,A bit outdated but very affordable and cozy.
2469,Newtown,Private room,695.7,2.9,A bit outdated but very affordable and cozy.
2470,Manly,Private room,455.85,4.3,"Very noisy and bustling, great for nightlife but hard to sleep."
2471,Surry Hills,Shared room,576.02,4.9,Extremely clean and modern apartment with high-speed wifi.
2472,Parramatta,Shared room,599.31,5.0,A bit outdated but very affordable and cozy.
2473,Darlinghurst,Shared room,312.28,3.0,A bit outdated but very affordable and cozy.
2474,Manly,Shared room,221.45,5.0,"A lovely, quiet neighborhood perfect for families. Close to the beach."
2475,Surry Hills,Entire home/apt,371.08,2.7,"A lovely, quiet neighborhood perfect for families. Close to the beach."
2476,Surry Hills,Shared room,297.64,3.2,"Terrible experience, the place was dirty and loud."
2477,Bondi,Private room,332.63,4.0,Extremely clean and modern apartment with high-speed wifi.
2478,Newtown,Private room,518.56,4.2,Luxury villa with a pool and ocean views. Incredible experience.
2479,Newtown,Private room,109.35,3.6,Luxury villa with a pool and ocean views. Incredible experience.
2480,Surry Hills,Shared room,247.69,4.8,"Basic room, clean but tiny. The host was very friendly."
2481,Newtown,Shared room,335.18,4.6,"Very noisy and bustling, great for nightlife but hard to sleep."
2482,Manly,Private room,636.3,4.4,"Quiet and peaceful, the perfect romantic getaway."
2483,Parramatta,Private room,229.89,3.1,"Very noisy and bustling, great for nightlife but hard to sleep."
2484,Bondi,Shared room,159.23,2.5,Extremely clean and modern apartment with high-speed wifi.
2485,Parramatta,Shared room,772.92,3.9,"Basic room, clean but tiny. The host was very friendly."
2486,Darlinghurst,Entire home/apt,585.8,3.4,"Very noisy and bustling, great for nightlife but hard to sleep."
2487,Surry Hills,Shared room,171.5,4.8,"A lovely, quiet neighborhood perfect for families. Close to the beach."
2488,Darlinghurst,Private room,397.45,2.6,"Very noisy and bustling, great for nightlife but hard to sleep."
2489,Bondi,Shared room,583.37,3.1,"Terrible experience, the place was dirty and loud."
2490,Newtown,Shared room,541.39,3.9,"Quiet and peaceful, the perfect romantic getaway."
2491,Bondi,Shared room,207.19,4.0,"A lovely, quiet neighborhood perfect for families. Close to the beach."
2492,Parramatta,Entire home/apt,574.82,4.8,"A lovely, quiet neighborhood perfect for families. Close to the beach."
2493,Newtown,Private room,293.39,2.8,"Terrible experience, the place was dirty and loud."
2494,Parramatta,Entire home/apt,463.24,2.6,Extremely clean and modern apartment with high-speed wifi.
2495,Surry Hills,Shared room,395.28,3.7,"Quiet and peaceful, the perfect romantic getaway."
2496,Darlinghurst,Private room,301.09,3.8,Extremely clean and modern apartment with high-speed wifi.
2497,Parramatta,Private room,80.48,3.8,"Quiet and peaceful, the perfect romantic getaway."
2498,Manly,Private room,139.21,3.6,Luxury villa with a pool and ocean views. Incredible experience.
2499,Surry Hills,Entire home/apt,561.23,4.6,"Basic room, clean but tiny. The host was very friendly."
2500,Darlinghurst,Private room,94.95,3.6,"Terrible experience, the place was dirty and loud."
2501,Newtown,Private room,371.63,4.0,"Quiet and peaceful, the perfect romantic getaway."
2502,Newtown,Entire home/apt,479.11,4.2,"A lovely, quiet neighborhood perfect for families. Close to the beach."
2503,Parramatta,Entire home/apt,606.7,3.9,A bit outdated but very affordable and cozy.
2504,Newtown,Shared room,136.36,3.7,A bit outdated but very affordable and cozy.
2505,Manly,Shared room,58.29,3.0,Luxury villa with a pool and ocean views. Incredible experience.
2506,Manly,Private room,557.82,3.7,"Terrible experience, the place was dirty and loud."
2507,Manly,Shared room,509.7,3.4,"Terrible experience, the place was dirty and loud."
2508,Surry Hills,Private room,462.85,4.8,"Terrible experience, the place was dirty and loud."
2509,Bondi,Entire home/apt,368.99,2.9,Luxury villa with a pool and ocean views. Incredible experience.
2510,Darlinghurst,Private room,109.19,4.1,Luxury villa with a pool and ocean views. Incredible experience.
2511,Bondi,Private room,297.24,3.6,Luxury villa with a pool and ocean views. Incredible experience.
2512,Parramatta,Entire home/apt,304.08,4.9,A bit outdated but very affordable and cozy.
2513,Darlinghurst,Entire home/apt,170.75,2.7,"Terrible experience, the place was dirty and loud."
2514,Bondi,Private room,629.38,3.7,Extremely clean and modern apartment with high-speed wifi.
2515,Newtown,Private room,437.86,4.9,"Terrible experience, the place was dirty and loud."
2516,Newtown,Entire home/apt,308.04,3.6,Extremely clean and modern apartment with high-speed wifi.
2517,Newtown,Entire home/apt,694.21,3.9,"Quiet and peaceful, the perfect romantic getaway."
2518,Newtown,Shared room,393.55,3.3,A bit outdated but very affordable and cozy.
2519,Parramatta,Shared room,319.09,3.7,"A lovely, quiet neighborhood perfect for families. Close to the beach."
2520,Bondi,Entire home/apt,472.79,4.9,A bit outdated but very affordable and cozy.
2521,Bondi,Private room,147.33,4.6,"Very noisy and bustling, great for nightlife but hard to sleep."
2522,Surry Hills,Entire home/apt,146.56,2.7,"Quiet and peaceful, the perfect romantic getaway."
2523,Manly,Entire home/apt,118.14,3.5,Luxury villa with a pool and ocean views. Incredible experience.
2524,Manly,Shared room,544.69,4.0,A bit outdated but very affordable and cozy.
2525,Manly,Private room,127.96,4.0,"Terrible experience, the place was dirty and loud."
2526,Bondi,Shared room,195.43,4.8,"Terrible experience, the place was dirty and loud."
2527,Manly,Entire home/apt,476.97,3.9,Luxury villa with a pool and ocean views. Incredible experience.
2528,Bondi,Shared room,676.99,3.8,"Basic room, clean but tiny. The host was very friendly."
2529,Newtown,Shared room,440.93,4.9,"Terrible experience, the place was dirty and loud."
2530,Parramatta,Entire home/apt,690.1,3.8,Luxury villa with a pool and ocean views. Incredible experience.
2531,Newtown,Shared room,380.14,4.9,Luxury villa with a pool and ocean views. Incredible experience.
2532,Darlinghurst,Private room,666.82,4.4,"Very noisy and bustling, great for nightlife but hard to sleep."
2533,Parramatta,Entire home/apt,532.7,3.2,"Very noisy and bustling, great for nightlife but hard to sleep."
2534,Newtown,Shared room,551.49,3.4,Luxury villa with a pool and ocean views. Incredible experience.
2535,Manly,Private room,597.13,4.7,Extremely clean and modern apartment with high-speed wifi.
2536,Bondi,Private room,740.03,3.4,"Quiet and peaceful, the perfect romantic getaway."
2537,Manly,Entire home/apt,134.18,2.5,A bit outdated but very affordable and cozy.
2538,Surry Hills,Private room,224.44,2.7,"Very noisy and bustling, great for nightlife but hard to sleep."
2539,Newtown,Private room,592.56,2.6,"Quiet and peaceful, the perfect romantic getaway."
2540,Parramatta,Shared room,343.38,4.2,"Basic room, clean but tiny. The host was very friendly."
2541,Bondi,Entire home/apt,342.79,3.5,"A lovely, quiet neighborhood perfect for families. Close to the beach."
2542,Surry Hills,Entire home/apt,418.41,4.3,Extremely clean and modern apartment with high-speed wifi.
2543,Newtown,Shared room,335.54,4.3,"Terrible experience, the place was dirty and loud."
2544,Manly,Entire home/apt,665.85,3.2,Extremely clean and modern apartment with high-speed wifi.
2545,Newtown,Private room,340.12,3.6,"Quiet and peaceful, the perfect romantic getaway."
2546,Darlinghurst,Entire home/apt,445.44,3.1,"Terrible experience, the place was dirty and loud."
2547,Manly,Private room,746.28,4.8,A bit outdated but very affordable and cozy.
2548,Bondi,Shared room,96.79,4.7,"Very noisy and bustling, great for nightlife but hard to sleep."
2549,Newtown,Shared room,437.6,2.5,Luxury villa with a pool and ocean views. Incredible experience.
2550,Darlinghurst,Entire home/apt,255.47,3.2,A bit outdated but very affordable and cozy.
2551,Manly,Entire home/apt,509.37,3.9,Extremely clean and modern apartment with high-speed wifi.
2552,Manly,Entire home/apt,276.05,2.8,Luxury villa with a pool and ocean views. Incredible experience.
2553,Newtown,Shared room,109.9,4.8,A bit outdated but very affordable and cozy.
2554,Darlinghurst,Entire home/apt,722.22,2.7,Luxury villa with a pool and ocean views. Incredible experience.
2555,Darlinghurst,Entire home/apt,501.31,3.0,"Quiet and peaceful, the perfect romantic getaway."
2556,Manly,Private room,709.84,4.4,Luxury villa with a pool and ocean views. Incredible experience.
2557,Darlinghurst,Entire home/apt,688.11,2.5,A bit outdated but very affordable and cozy.
2558,Bondi,Entire home/apt,710.42,4.0,Luxury villa with a pool and ocean views. Incredible experience.
2559,Parramatta,Shared room,241.98,4.8,Extremely clean and modern apartment with high-speed wifi.
2560,Surry Hills,Shared room,227.19,4.3,"Very noisy and bustling, great for nightlife but hard to sleep."
2561,Darlinghurst,Entire home/apt,240.43,4.4,A bit outdated but very affordable and cozy.
2562,Darlinghurst,Private room,555.01,3.0,"Basic room, clean but tiny. The host was very friendly."
2563,Parramatta,Shared room,303.15,4.4,"Basic room, clean but tiny. The host was very friendly."
2564,Bondi,Entire home/apt,561.29,4.4,Extremely clean and modern apartment with high-speed wifi.
2565,Bondi,Entire home/apt,364.71,3.7,"Basic room, clean but tiny. The host was very friendly."
2566,Parramatta,Entire home/apt,427.44,3.8,Extremely clean and modern apartment with high-speed wifi.
2567,Surry Hills,Private room,228.77,4.2,"Basic room, clean but tiny. The host was very friendly."
2568,Surry Hills,Entire home/apt,591.45,3.4,Luxury villa with a pool and ocean views. Incredible experience.
2569,Parramatta,Shared room,73.43,3.0,"Terrible experience, the place was dirty and loud."
2570,Parramatta,Entire home/apt,102.51,4.6,"Terrible experience, the place was dirty and loud."
2571,Surry Hills,Entire home/apt,263.78,2.9,"Basic room, clean but tiny. The host was very friendly."
2572,Newtown,Private room,194.18,4.2,"Very noisy and bustling, great for nightlife but hard to sleep."
2573,Manly,Shared room,275.55,3.6,"Basic room, clean but tiny. The host was very friendly."
2574,Parramatta,Private room,732.26,4.2,"Basic room, clean but tiny. The host was very friendly."
2575,Manly,Entire home/apt,713.58,2.5,A bit outdated but very affordable and cozy.
2576,Manly,Entire home/apt,713.04,3.8,Luxury villa with a pool and ocean views. Incredible experience.
2577,Bondi,Entire home/apt,430.62,4.7,"A lovely, quiet neighborhood perfect for families. Close to the beach."
2578,Parramatta,Private room,96.91,3.8,"Terrible experience, the place was dirty and loud."
2579,Manly,Entire home/apt,728.4,4.2,Extremely clean and modern apartment with high-speed wifi.
2580,Darlinghurst,Shared room,480.89,4.9,A bit outdated but very affordable and cozy.
2581,Parramatta,Shared room,586.04,4.7,Luxury villa with a pool and ocean views. Incredible experience.
2582,Bondi,Entire home/apt,627.44,4.4,"Basic room, clean but tiny. The host was very friendly."
2583,Surry Hills,Shared room,368.73,3.9,Extremely clean and modern apartment with high-speed wifi.
2584,Manly,Entire home/apt,298.99,4.6,"Very noisy and bustling, great for nightlife but hard to sleep."
2585,Newtown,Shared room,164.38,4.4,"Basic room, clean but tiny. The host was very friendly."
2586,Manly,Private room,515.02,4.1,"Terrible experience, the place was dirty and loud."
2587,Surry Hills,Shared room,334.01,4.4,"Terrible experience, the place was dirty and loud."
2588,Surry Hills,Private room,256.33,3.8,"Very noisy and bustling, great for nightlife but hard to sleep."
2589,Newtown,Private room,548.58,3.0,"Very noisy and bustling, great for nightlife but hard to sleep."
2590,Newtown,Entire home/apt,487.22,4.3,Extremely clean and modern apartment with high-speed wifi.
2591,Darlinghurst,Shared room,669.29,3.8,A bit outdated but very affordable and cozy.
2592,Newtown,Private room,582.94,3.8,Extremely clean and modern apartment with high-speed wifi.
2593,Manly,Entire home/apt,775.43,4.5,A bit outdated but very affordable and cozy.
2594,Bondi,Shared room,99.45,4.0,"A lovely, quiet neighborhood perfect for families. Close to the beach."
2595,Surry Hills,Shared room,330.74,4.9,"A lovely, quiet neighborhood perfect for families. Close to the beach."
2596,Parramatta,Private room,428.72,2.9,"Quiet and peaceful, the perfect romantic getaway."
2597,Bondi,Shared room,434.13,3.2,Luxury villa with a pool and ocean views. Incredible experience.
2598,Manly,Shared room,69.87,3.2,"Terrible experience, the place was dirty and loud."
2599,Darlinghurst,Private room,552.61,3.2,"Quiet and peaceful, the perfect romantic getaway."
2600,Newtown,Private room,564.98,4.8,"Basic room, clean but tiny. The host was very friendly."
2601,Surry Hills,Private room,703.9,4.6,"Very noisy and bustling, great for nightlife but hard to sleep."
2602,Bondi,Entire home/apt,485.96,3.0,Extremely clean and modern apartment with high-speed wifi.
2603,Surry Hills,Shared room,761.71,4.7,Luxury villa with a pool and ocean views. Incredible experience.
2604,Surry Hills,Private room,755.28,4.1,A bit outdated but very affordable and cozy.
2605,Darlinghurst,Shared room,544.14,4.2,"A lovely, quiet neighborhood perfect for families. Close to the beach."
2606,Darlinghurst,Private room,776.13,2.8,Extremely clean and modern apartment with high-speed wifi.
2607,Darlinghurst,Shared room,720.97,2.6,"Terrible experience, the place was dirty and loud."
2608,Newtown,Entire home/apt,381.59,3.5,"A lovely, quiet neighborhood perfect for families. Close to the beach."
2609,Parramatta,Shared room,399.77,4.9,"Basic room, clean but tiny. The host was very friendly."
2610,Surry Hills,Entire home/apt,115.72,3.2,"Very noisy and bustling, great for nightlife but hard to sleep."
2611,Newtown,Shared room,585.56,4.2,Extremely clean and modern apartment with high-speed wifi.
2612,Manly,Private room,134.23,4.0,A bit outdated but very affordable and cozy.
2613,Darlinghurst,Entire home/apt,138.31,3.7,A bit outdated but very affordable and cozy.
2614,Newtown,Entire home/apt,123.83,4.2,"A lovely, quiet neighborhood perfect for families. Close to the beach."
2615,Bondi,Shared room,585.39,4.8,"Very noisy and bustling, great for nightlife but hard to sleep."
2616,Bondi,Shared room,92.43,4.2,"Very noisy and bustling, great for nightlife but hard to sleep."
2617,Bondi,Entire home/apt,743.84,2.7,Luxury villa with a pool and ocean views. Incredible experience.
2618,Surry Hills,Shared room,455.21,2.6,"A lovely, quiet neighborhood perfect for families. Close to the beach."
2619,Parramatta,Private room,252.09,4.2,"Terrible experience, the place was dirty and loud."
2620,Darlinghurst,Entire home/apt,212.92,4.7,Luxury villa with a pool and ocean views. Incredible experience.
2621,Parramatta,Shared room,605.91,3.0,"A lovely, quiet neighborhood perfect for families. Close to the beach."
2622,Darlinghurst,Private room,599.16,2.7,Extremely clean and modern apartment with high-speed wifi.
2623,Bondi,Shared room,357.63,3.2,"Basic room, clean but tiny. The host was very friendly."
2624,Darlinghurst,Entire home/apt,558.19,2.8,"Basic room, clean but tiny. The host was very friendly."
2625,Darlinghurst,Shared room,223.7,2.9,"A lovely, quiet neighborhood perfect for families. Close to the beach."
2626,Manly,Private room,480.27,2.9,"Quiet and peaceful, the perfect romantic getaway."
2627,Parramatta,Shared room,607.35,3.4,"Very noisy and bustling, great for nightlife but hard to sleep."
2628,Bondi,Private room,759.33,3.7,Luxury villa with a pool and ocean views. Incredible experience.
2629,Darlinghurst,Private room,370.4,4.5,"A lovely, quiet neighborhood perfect for families. Close to the beach."
2630,Darlinghurst,Private room,245.02,3.1,"Terrible experience, the place was dirty and loud."
2631,Manly,Shared room,329.55,4.7,A bit outdated but very affordable and cozy.
2632,Manly,Entire home/apt,542.26,2.7,"Terrible experience, the place was dirty and loud."
2633,Manly,Shared room,163.31,4.6,Extremely clean and modern apartment with high-speed wifi.
2634,Parramatta,Shared room,640.15,3.5,"A lovely, quiet neighborhood perfect for families. Close to the beach."
2635,Newtown,Entire home/apt,720.08,2.9,Luxury villa with a pool and ocean views. Incredible experience.
2636,Manly,Private room,258.8,3.8,"A lovely, quiet neighborhood perfect for families. Close to the beach."
2637,Manly,Entire home/apt,452.46,4.6,"A lovely, quiet neighborhood perfect for families. Close to the beach."
2638,Bondi,Private room,368.56,3.1,Extremely clean and modern apartment with high-speed wifi.
2639,Manly,Private room,321.19,3.2,A bit outdated but very affordable and cozy.
2640,Parramatta,Private room,113.25,3.6,"Basic room, clean but tiny. The host was very friendly."
2641,Newtown,Entire home/apt,496.53,4.6,"A lovely, quiet neighborhood perfect for families. Close to the beach."
2642,Parramatta,Entire home/apt,198.81,3.7,"A lovely, quiet neighborhood perfect for families. Close to the beach."
2643,Bondi,Shared room,698.93,3.7,"Very noisy and bustling, great for nightlife but hard to sleep."
2644,Newtown,Private room,264.28,4.8,A bit outdated but very affordable and cozy.
2645,Bondi,Private room,446.57,3.8,"Basic room, clean but tiny. The host was very friendly."
2646,Darlinghurst,Private room,328.35,3.0,"Very noisy and bustling, great for nightlife but hard to sleep."
2647,Bondi,Entire home/apt,351.46,4.7,Extremely clean and modern apartment with high-speed wifi.
2648,Bondi,Shared room,378.87,2.9,A bit outdated but very affordable and cozy.
2649,Darlinghurst,Shared room,261.05,2.6,"Quiet and peaceful, the perfect romantic getaway."
2650,Darlinghurst,Private room,435.67,2.5,Extremely clean and modern apartment with high-speed wifi.
2651,Surry Hills,Shared room,597.14,3.8,Extremely clean and modern apartment with high-speed wifi.
2652,Darlinghurst,Entire home/apt,145.78,3.1,Extremely clean and modern apartment with high-speed wifi.
2653,Surry Hills,Entire home/apt,567.62,2.5,A bit outdated but very affordable and cozy.
2654,Newtown,Shared room,313.28,2.5,A bit outdated but very affordable and cozy.
2655,Manly,Entire home/apt,715.2,4.1,A bit outdated but very affordable and cozy.
2656,Newtown,Entire home/apt,343.46,3.8,A bit outdated but very affordable and cozy.
2657,Manly,Private room,444.52,3.1,"Very noisy and bustling, great for nightlife but hard to sleep."
2658,Surry Hills,Entire home/apt,527.6,3.4,A bit outdated but very affordable and cozy.
2659,Parramatta,Shared room,352.38,3.5,Extremely clean and modern apartment with high-speed wifi.
2660,Newtown,Private room,547.06,4.3,"Terrible experience, the place was dirty and loud."
2661,Darlinghurst,Shared room,387.56,3.6,A bit outdated but very affordable and cozy.
2662,Parramatta,Entire home/apt,736.38,4.0,"Quiet and peaceful, the perfect romantic getaway."
2663,Parramatta,Entire home/apt,756.05,3.5,Luxury villa with a pool and ocean views. Incredible experience.
2664,Newtown,Shared room,610.87,3.6,Luxury villa with a pool and ocean views. Incredible experience.
2665,Newtown,Shared room,713.06,4.3,Extremely clean and modern apartment with high-speed wifi.
2666,Manly,Entire home/apt,633.31,3.5,"Basic room, clean but tiny. The host was very friendly."
2667,Newtown,Private room,561.52,3.2,Extremely clean and modern apartment with high-speed wifi.
2668,Manly,Shared room,282.82,4.9,"Quiet and peaceful, the perfect romantic getaway."
2669,Parramatta,Shared room,702.28,3.8,"Basic room, clean but tiny. The host was very friendly."
2670,Surry Hills,Shared room,566.12,4.9,"Basic room, clean but tiny. The host was very friendly."
2671,Newtown,Shared room,185.65,3.7,"A lovely, quiet neighborhood perfect for families. Close to the beach."
2672,Newtown,Entire home/apt,318.12,4.1,"Very noisy and bustling, great for nightlife but hard to sleep."
2673,Parramatta,Shared room,269.36,3.5,"A lovely, quiet neighborhood perfect for families. Close to the beach."
2674,Darlinghurst,Shared room,577.05,4.7,Luxury villa with a pool and ocean views. Incredible experience.
2675,Bondi,Shared room,767.54,4.6,"Quiet and peaceful, the perfect romantic getaway."
2676,Parramatta,Shared room,427.04,3.1,"Very noisy and bustling, great for nightlife but hard to sleep."
2677,Darlinghurst,Private room,120.47,4.4,"A lovely, quiet neighborhood perfect for families. Close to the beach."
2678,Manly,Shared room,226.84,3.4,"Quiet and peaceful, the perfect romantic getaway."
2679,Surry Hills,Entire home/apt,639.46,2.5,"A lovely, quiet neighborhood perfect for families. Close to the beach."
2680,Parramatta,Private room,114.13,4.6,A bit outdated but very affordable and cozy.
2681,Darlinghurst,Private room,115.78,5.0,"Quiet and peaceful, the perfect romantic getaway."
2682,Parramatta,Entire home/apt,740.91,4.8,"Quiet and peaceful, the perfect romantic getaway."
2683,Darlinghurst,Private room,730.71,4.8,Extremely clean and modern apartment with high-speed wifi.
2684,Surry Hills,Entire home/apt,447.14,3.4,"Basic room, clean but tiny. The host was very friendly."
2685,Manly,Entire home/apt,650.81,2.9,A bit outdated but very affordable and cozy.
2686,Bondi,Private room,441.69,2.9,Luxury villa with a pool and ocean views. Incredible experience.
2687,Darlinghurst,Private room,693.82,4.1,"Quiet and peaceful, the perfect romantic getaway."
2688,Newtown,Entire home/apt,578.17,4.5,A bit outdated but very affordable and cozy.
2689,Bondi,Entire home/apt,566.61,2.5,"Basic room, clean but tiny. The host was very friendly."
2690,Darlinghurst,Entire home/apt,422.2,4.2,"A lovely, quiet neighborhood perfect for families. Close to the beach."
2691,Surry Hills,Private room,372.45,3.9,"Basic room, clean but tiny. The host was very friendly."
2692,Newtown,Shared room,232.68,2.6,"A lovely, quiet neighborhood perfect for families. Close to the beach."
2693,Manly,Entire home/apt,700.35,5.0,"A lovely, quiet neighborhood perfect for families. Close to the beach."
2694,Parramatta,Private room,206.42,3.2,A bit outdated but very affordable and cozy.
2695,Parramatta,Entire home/apt,356.39,4.7,Luxury villa with a pool and ocean views. Incredible experience.
2696,Manly,Shared room,54.94,3.6,"Terrible experience, the place was dirty and loud."
2697,Newtown,Private room,655.03,3.4,"Quiet and peaceful, the perfect romantic getaway."
2698,Newtown,Shared room,52.49,3.4,"Basic room, clean but tiny. The host was very friendly."
2699,Darlinghurst,Entire home/apt,242.34,4.6,"Quiet and peaceful, the perfect romantic getaway."
2700,Parramatta,Entire home/apt,233.88,4.8,"Very noisy and bustling, great for nightlife but hard to sleep."
2701,Surry Hills,Shared room,679.45,4.7,A bit outdated but very affordable and cozy.
2702,Parramatta,Private room,53.9,4.9,"Basic room, clean but tiny. The host was very friendly."
2703,Surry Hills,Private room,244.64,2.9,"Very noisy and bustling, great for nightlife but hard to sleep."
2704,Bondi,Entire home/apt,759.07,3.2,"Terrible experience, the place was dirty and loud."
2705,Darlinghurst,Shared room,111.71,4.2,Luxury villa with a pool and ocean views. Incredible experience.
2706,Manly,Entire home/apt,776.65,4.3,Extremely clean and modern apartment with high-speed wifi.
2707,Newtown,Shared room,444.21,4.2,"Basic room, clean but tiny. The host was very friendly."
2708,Parramatta,Private room,675.74,3.8,"Quiet and peaceful, the perfect romantic getaway."
2709,Newtown,Private room,336.72,4.0,Extremely clean and modern apartment with high-speed wifi.
2710,Bondi,Private room,293.5,2.9,"Terrible experience, the place was dirty and loud."
2711,Darlinghurst,Entire home/apt,330.84,4.8,"Terrible experience, the place was dirty and loud."
2712,Bondi,Private room,790.19,2.6,"A lovely, quiet neighborhood perfect for families. Close to the beach."
2713,Newtown,Entire home/apt,589.88,4.8,Luxury villa with a pool and ocean views. Incredible experience.
2714,Surry Hills,Private room,124.68,2.6,"Basic room, clean but tiny. The host was very friendly."
2715,Surry Hills,Entire home/apt,255.61,4.4,"Basic room, clean but tiny. The host was very friendly."
2716,Parramatta,Shared room,361.34,3.3,Luxury villa with a pool and ocean views. Incredible experience.
2717,Manly,Entire home/apt,113.87,2.6,"Very noisy and bustling, great for nightlife but hard to sleep."
2718,Newtown,Entire home/apt,472.51,2.6,"A lovely, quiet neighborhood perfect for families. Close to the beach."
2719,Darlinghurst,Entire home/apt,382.1,3.1,Luxury villa with a pool and ocean views. Incredible experience.
2720,Darlinghurst,Private room,798.7,5.0,"Very noisy and bustling, great for nightlife but hard to sleep."
2721,Parramatta,Shared room,567.74,4.1,A bit outdated but very affordable and cozy.
2722,Darlinghurst,Shared room,54.82,3.5,Luxury villa with a pool and ocean views. Incredible experience.
2723,Surry Hills,Entire home/apt,686.56,4.5,Extremely clean and modern apartment with high-speed wifi.
2724,Manly,Private room,633.31,3.5,"A lovely, quiet neighborhood perfect for families. Close to the beach."
2725,Surry Hills,Shared room,734.8,4.9,Luxury villa with a pool and ocean views. Incredible experience.
2726,Parramatta,Shared room,679.99,3.9,Luxury villa with a pool and ocean views. Incredible experience.
2727,Manly,Private room,461.79,3.5,"A lovely, quiet neighborhood perfect for families. Close to the beach."
2728,Bondi,Shared room,700.62,4.0,"A lovely, quiet neighborhood perfect for families. Close to the beach."
2729,Parramatta,Entire home/apt,94.86,4.3,Luxury villa with a pool and ocean views. Incredible experience.
2730,Bondi,Shared room,266.37,3.7,A bit outdated but very affordable and cozy.
2731,Darlinghurst,Shared room,412.66,4.5,"Basic room, clean but tiny. The host was very friendly."
2732,Surry Hills,Shared room,453.35,4.0,"Very noisy and bustling, great for nightlife but hard to sleep."
2733,Bondi,Shared room,291.56,3.5,"A lovely, quiet neighborhood perfect for families. Close to the beach."
2734,Surry Hills,Private room,449.65,3.4,"Very noisy and bustling, great for nightlife but hard to sleep."
2735,Manly,Entire home/apt,740.24,4.5,Luxury villa with a pool and ocean views. Incredible experience.
2736,Bondi,Shared room,352.71,2.8,A bit outdated but very affordable and cozy.
2737,Manly,Private room,581.56,3.4,"Terrible experience, the place was dirty and loud."
2738,Bondi,Shared room,56.75,3.8,Luxury villa with a pool and ocean views. Incredible experience.
2739,Newtown,Entire home/apt,498.17,4.6,Luxury villa with a pool and ocean views. Incredible experience.
2740,Manly,Private room,750.16,3.6,"Terrible experience, the place was dirty and loud."
2741,Manly,Private room,646.38,3.6,"Quiet and peaceful, the perfect romantic getaway."
2742,Manly,Entire home/apt,175.4,2.8,"Basic room, clean but tiny. The host was very friendly."
2743,Surry Hills,Shared room,231.8,3.5,A bit outdated but very affordable and cozy.
2744,Darlinghurst,Shared room,512.7,3.0,"Very noisy and bustling, great for nightlife but hard to sleep."
2745,Parramatta,Shared room,403.64,4.8,"A lovely, quiet neighborhood perfect for families. Close to the beach."
2746,Surry Hills,Shared room,97.0,3.4,Extremely clean and modern apartment with high-speed wifi.
2747,Parramatta,Entire home/apt,161.14,3.4,"Terrible experience, the place was dirty and loud."
2748,Manly,Entire home/apt,279.34,4.0,"Terrible experience, the place was dirty and loud."
2749,Parramatta,Shared room,168.67,2.8,"Basic room, clean but tiny. The host was very friendly."
2750,Parramatta,Entire home/apt,281.0,3.9,"Quiet and peaceful, the perfect romantic getaway."
2751,Parramatta,Private room,353.77,3.7,"Quiet and peaceful, the perfect romantic getaway."
2752,Darlinghurst,Entire home/apt,450.19,3.3,Luxury villa with a pool and ocean views. Incredible experience.
2753,Bondi,Private room,758.22,4.9,"A lovely, quiet neighborhood perfect for families. Close to the beach."
2754,Newtown,Shared room,521.83,4.7,Extremely clean and modern apartment with high-speed wifi.
2755,Newtown,Private room,585.82,3.4,"A lovely, quiet neighborhood perfect for families. Close to the beach."
2756,Manly,Private room,280.61,2.9,A bit outdated but very affordable and cozy.
2757,Parramatta,Entire home/apt,785.71,2.8,"Very noisy and bustling, great for nightlife but hard to sleep."
2758,Parramatta,Private room,659.6,3.4,A bit outdated but very affordable and cozy.
2759,Parramatta,Private room,109.07,4.1,Luxury villa with a pool and ocean views. Incredible experience.
2760,Newtown,Shared room,460.68,3.0,"Very noisy and bustling, great for nightlife but hard to sleep."
2761,Newtown,Private room,153.95,3.3,"Very noisy and bustling, great for nightlife but hard to sleep."
2762,Bondi,Shared room,702.98,5.0,"Quiet and peaceful, the perfect romantic getaway."
2763,Darlinghurst,Private room,431.06,3.2,Luxury villa with a pool and ocean views. Incredible experience.
2764,Parramatta,Private room,137.15,4.6,A bit outdated but very affordable and cozy.
2765,Surry Hills,Private room,436.43,4.1,A bit outdated but very affordable and cozy.
2766,Parramatta,Shared room,548.02,3.7,Luxury villa with a pool and ocean views. Incredible experience.
2767,Parramatta,Private room,287.92,3.3,Luxury villa with a pool and ocean views. Incredible experience.
2768,Surry Hills,Entire home/apt,365.47,4.0,"A lovely, quiet neighborhood perfect for families. Close to the beach."
2769,Parramatta,Entire home/apt,589.54,3.4,"A lovely, quiet neighborhood perfect for families. Close to the beach."
2770,Manly,Entire home/apt,777.42,3.0,Extremely clean and modern apartment with high-speed wifi.
2771,Newtown,Private room,332.36,3.9,A bit outdated but very affordable and cozy.
2772,Manly,Private room,587.95,3.0,"A lovely, quiet neighborhood perfect for families. Close to the beach."
2773,Parramatta,Private room,764.64,3.4,"Basic room, clean but tiny. The host was very friendly."
2774,Bondi,Entire home/apt,124.68,4.1,"Quiet and peaceful, the perfect romantic getaway."
2775,Surry Hills,Shared room,341.19,4.5,A bit outdated but very affordable and cozy.
2776,Manly,Private room,83.96,4.8,Extremely clean and modern apartment with high-speed wifi.
2777,Surry Hills,Entire home/apt,269.66,4.6,A bit outdated but very affordable and cozy.
2778,Darlinghurst,Private room,571.53,3.7,A bit outdated but very affordable and cozy.
2779,Manly,Shared room,566.19,2.7,"Basic room, clean but tiny. The host was very friendly."
2780,Bondi,Private room,154.13,2.7,"A lovely, quiet neighborhood perfect for families. Close to the beach."
2781,Parramatta,Private room,109.07,4.7,"Quiet and peaceful, the perfect romantic getaway."
2782,Manly,Private room,81.09,4.2,Luxury villa with a pool and ocean views. Incredible experience.
2783,Newtown,Shared room,409.66,3.6,"Quiet and peaceful, the perfect romantic getaway."
2784,Bondi,Entire home/apt,754.69,4.9,"Very noisy and bustling, great for nightlife but hard to sleep."
2785,Parramatta,Shared room,575.11,4.1,"Very noisy and bustling, great for nightlife but hard to sleep."
2786,Newtown,Private room,424.55,4.9,A bit outdated but very affordable and cozy.
2787,Surry Hills,Private room,453.54,2.9,"Quiet and peaceful, the perfect romantic getaway."
2788,Newtown,Private room,504.87,3.0,"Terrible experience, the place was dirty and loud."
2789,Darlinghurst,Shared room,532.84,3.4,Luxury villa with a pool and ocean views. Incredible experience.
2790,Surry Hills,Shared room,265.83,4.3,"A lovely, quiet neighborhood perfect for families. Close to the beach."
2791,Newtown,Entire home/apt,355.82,4.0,"A lovely, quiet neighborhood perfect for families. Close to the beach."
2792,Bondi,Private room,417.59,4.4,A bit outdated but very affordable and cozy.
2793,Bondi,Private room,739.66,3.1,"Basic room, clean but tiny. The host was very friendly."
2794,Manly,Entire home/apt,282.75,4.2,A bit outdated but very affordable and cozy.
2795,Newtown,Shared room,74.96,3.1,"Basic room, clean but tiny. The host was very friendly."
2796,Bondi,Entire home/apt,574.38,3.6,"Basic room, clean but tiny. The host was very friendly."
2797,Parramatta,Private room,709.79,3.2,"Basic room, clean but tiny. The host was very friendly."
2798,Newtown,Shared room,677.89,4.7,"Basic room, clean but tiny. The host was very friendly."
2799,Manly,Private room,751.13,4.2,"A lovely, quiet neighborhood perfect for families. Close to the beach."
2800,Manly,Entire home/apt,70.36,2.7,"Very noisy and bustling, great for nightlife but hard to sleep."
2801,Parramatta,Shared room,794.75,5.0,"Quiet and peaceful, the perfect romantic getaway."
2802,Newtown,Shared room,471.67,3.4,A bit outdated but very affordable and cozy.
2803,Darlinghurst,Private room,276.2,4.1,"Basic room, clean but tiny. The host was very friendly."
2804,Parramatta,Entire home/apt,793.32,4.1,"Terrible experience, the place was dirty and loud."
2805,Manly,Entire home/apt,213.26,3.2,A bit outdated but very affordable and cozy.
2806,Parramatta,Private room,157.33,4.3,Luxury villa with a pool and ocean views. Incredible experience.
2807,Surry Hills,Shared room,194.92,4.2,"Quiet and peaceful, the perfect romantic getaway."
2808,Manly,Private room,266.69,3.8,"Basic room, clean but tiny. The host was very friendly."
2809,Parramatta,Shared room,132.73,3.3,"Quiet and peaceful, the perfect romantic getaway."
2810,Darlinghurst,Private room,191.11,2.9,Extremely clean and modern apartment with high-speed wifi.
2811,Manly,Private room,689.52,2.9,Extremely clean and modern apartment with high-speed wifi.
2812,Newtown,Entire home/apt,300.34,4.1,"A lovely, quiet neighborhood perfect for families. Close to the beach."
2813,Surry Hills,Shared room,164.64,2.6,A bit outdated but very affordable and cozy.
2814,Bondi,Private room,292.78,3.8,"Terrible experience, the place was dirty and loud."
2815,Parramatta,Private room,325.24,3.9,"Quiet and peaceful, the perfect romantic getaway."
2816,Newtown,Entire home/apt,188.0,4.2,"Very noisy and bustling, great for nightlife but hard to sleep."
2817,Surry Hills,Shared room,628.83,3.3,"A lovely, quiet neighborhood perfect for families. Close to the beach."
2818,Darlinghurst,Private room,496.45,4.4,Extremely clean and modern apartment with high-speed wifi.
2819,Parramatta,Entire home/apt,92.37,4.6,A bit outdated but very affordable and cozy.
2820,Surry Hills,Entire home/apt,226.5,3.2,Extremely clean and modern apartment with high-speed wifi.
2821,Surry Hills,Entire home/apt,399.32,3.7,Luxury villa with a pool and ocean views. Incredible experience.
2822,Manly,Shared room,744.86,4.8,"A lovely, quiet neighborhood perfect for families. Close to the beach."
2823,Newtown,Shared room,784.21,4.8,"A lovely, quiet neighborhood perfect for families. Close to the beach."
2824,Bondi,Entire home/apt,168.55,3.7,"Basic room, clean but tiny. The host was very friendly."
2825,Bondi,Private room,577.28,2.8,Extremely clean and modern apartment with high-speed wifi.
2826,Surry Hills,Shared room,149.67,3.0,"Terrible experience, the place was dirty and loud."
2827,Darlinghurst,Entire home/apt,192.68,4.1,Extremely clean and modern apartment with high-speed wifi.
2828,Parramatta,Shared room,671.6,3.7,"Basic room, clean but tiny. The host was very friendly."
2829,Surry Hills,Entire home/apt,678.56,4.7,A bit outdated but very affordable and cozy.
2830,Surry Hills,Shared room,599.02,3.6,"Quiet and peaceful, the perfect romantic getaway."
2831,Manly,Private room,141.26,3.1,"Quiet and peaceful, the perfect romantic getaway."
2832,Darlinghurst,Entire home/apt,453.49,4.1,A bit outdated but very affordable and cozy.
2833,Parramatta,Shared room,757.33,3.2,A bit outdated but very affordable and cozy.
2834,Newtown,Shared room,639.73,4.7,Luxury villa with a pool and ocean views. Incredible experience.
2835,Darlinghurst,Shared room,374.36,3.3,"A lovely, quiet neighborhood perfect for families. Close to the beach."
2836,Manly,Private room,641.18,4.1,Extremely clean and modern apartment with high-speed wifi.
2837,Surry Hills,Shared room,106.65,3.3,"Quiet and peaceful, the perfect romantic getaway."
2838,Manly,Shared room,702.54,3.3,"Terrible experience, the place was dirty and loud."
2839,Bondi,Entire home/apt,188.81,3.5,Luxury villa with a pool and ocean views. Incredible experience.
2840,Manly,Shared room,777.06,2.6,"Terrible experience, the place was dirty and loud."
2841,Surry Hills,Shared room,483.52,2.8,"Quiet and peaceful, the perfect romantic getaway."
2842,Newtown,Shared room,555.26,3.6,Extremely clean and modern apartment with high-speed wifi.
2843,Darlinghurst,Private room,193.48,2.9,"Very noisy and bustling, great for nightlife but hard to sleep."
2844,Newtown,Entire home/apt,512.13,3.4,"Very noisy and bustling, great for nightlife but hard to sleep."
2845,Bondi,Private room,201.62,4.9,Luxury villa with a pool and ocean views. Incredible experience.
2846,Newtown,Entire home/apt,198.4,4.5,"A lovely, quiet neighborhood perfect for families. Close to the beach."
2847,Darlinghurst,Shared room,633.68,4.0,Extremely clean and modern apartment with high-speed wifi.
2848,Surry Hills,Private room,695.88,4.8,"Quiet and peaceful, the perfect romantic getaway."
2849,Manly,Private room,657.21,2.7,"Quiet and peaceful, the perfect romantic getaway."
2850,Darlinghurst,Entire home/apt,440.48,3.9,"Quiet and peaceful, the perfect romantic getaway."
2851,Newtown,Private room,265.54,3.2,"Basic room, clean but tiny. The host was very friendly."
2852,Parramatta,Entire home/apt,268.65,4.0,"Quiet and peaceful, the perfect romantic getaway."
2853,Surry Hills,Shared room,519.97,2.8,Extremely clean and modern apartment with high-speed wifi.
2854,Newtown,Shared room,117.49,4.0,"Very noisy and bustling, great for nightlife but hard to sleep."
2855,Darlinghurst,Entire home/apt,229.57,3.9,"Basic room, clean but tiny. The host was very friendly."
2856,Newtown,Entire home/apt,317.76,3.1,"Quiet and peaceful, the perfect romantic getaway."
2857,Bondi,Entire home/apt,688.46,4.0,A bit outdated but very affordable and cozy.
2858,Parramatta,Entire home/apt,644.3,3.2,A bit outdated but very affordable and cozy.
2859,Newtown,Private room,122.96,2.8,Extremely clean and modern apartment with high-speed wifi.
2860,Parramatta,Private room,563.87,4.7,Luxury villa with a pool and ocean views. Incredible experience.
2861,Manly,Private room,244.65,4.3,Extremely clean and modern apartment with high-speed wifi.
2862,Surry Hills,Entire home/apt,703.0,4.3,"Basic room, clean but tiny. The host was very friendly."
2863,Newtown,Private room,308.3,3.2,"A lovely, quiet neighborhood perfect for families. Close to the beach."
2864,Darlinghurst,Entire home/apt,134.35,4.9,Luxury villa with a pool and ocean views. Incredible experience.
2865,Bondi,Shared room,514.19,3.6,"Very noisy and bustling, great for nightlife but hard to sleep."
2866,Parramatta,Entire home/apt,757.48,3.1,"Quiet and peaceful, the perfect romantic getaway."
2867,Manly,Entire home/apt,597.81,3.1,"Quiet and peaceful, the perfect romantic getaway."
2868,Bondi,Private room,783.88,2.9,Luxury villa with a pool and ocean views. Incredible experience.
2869,Darlinghurst,Entire home/apt,154.44,3.8,"Terrible experience, the place was dirty and loud."
2870,Parramatta,Entire home/apt,375.2,5.0,Luxury villa with a pool and ocean views. Incredible experience.
2871,Manly,Private room,778.17,4.7,"Terrible experience, the place was dirty and loud."
2872,Newtown,Shared room,544.45,3.7,"Quiet and peaceful, the perfect romantic getaway."
2873,Manly,Private room,704.89,2.5,"Terrible experience, the place was dirty and loud."
2874,Surry Hills,Private room,550.07,4.0,Extremely clean and modern apartment with high-speed wifi.
2875,Manly,Private room,256.2,4.7,"A lovely, quiet neighborhood perfect for families. Close to the beach."
2876,Bondi,Entire home/apt,437.93,4.0,Luxury villa with a pool and ocean views. Incredible experience.
2877,Parramatta,Entire home/apt,549.51,3.9,"Very noisy and bustling, great for nightlife but hard to sleep."
2878,Manly,Entire home/apt,489.77,3.9,A bit outdated but very affordable and cozy.
2879,Parramatta,Entire home/apt,118.96,3.1,A bit outdated but very affordable and cozy.
2880,Manly,Entire home/apt,374.95,2.8,"Very noisy and bustling, great for nightlife but hard to sleep."
2881,Newtown,Entire home/apt,675.98,4.0,"Terrible experience, the place was dirty and loud."
2882,Parramatta,Private room,653.44,4.1,"A lovely, quiet neighborhood perfect for families. Close to the beach."
2883,Parramatta,Shared room,246.94,3.5,"A lovely, quiet neighborhood perfect for families. Close to the beach."
2884,Bondi,Private room,138.15,4.0,"A lovely, quiet neighborhood perfect for families. Close to the beach."
2885,Newtown,Private room,623.87,4.2,"Terrible experience, the place was dirty and loud."
2886,Darlinghurst,Shared room,710.14,2.6,Luxury villa with a pool and ocean views. Incredible experience.
2887,Manly,Private room,751.43,3.1,"Basic room, clean but tiny. The host was very friendly."
2888,Manly,Private room,747.78,4.9,"Quiet and peaceful, the perfect romantic getaway."
2889,Surry Hills,Private room,83.13,3.4,"Quiet and peaceful, the perfect romantic getaway."
2890,Surry Hills,Shared room,789.92,3.1,"A lovely, quiet neighborhood perfect for families. Close to the beach."
2891,Surry Hills,Entire home/apt,557.9,4.0,Extremely clean and modern apartment with high-speed wifi.
2892,Parramatta,Entire home/apt,153.11,3.8,Extremely clean and modern apartment with high-speed wifi.
2893,Darlinghurst,Entire home/apt,795.92,4.6,"A lovely, quiet neighborhood perfect for families. Close to the beach."
2894,Manly,Shared room,332.91,4.7,"A lovely, quiet neighborhood perfect for families. Close to the beach."
2895,Manly,Entire home/apt,627.34,4.6,A bit outdated but very affordable and cozy.
2896,Surry Hills,Shared room,150.22,2.7,"Quiet and peaceful, the perfect romantic getaway."
2897,Bondi,Shared room,460.02,3.6,Extremely clean and modern apartment with high-speed wifi.
2898,Surry Hills,Private room,70.45,3.0,"Terrible experience, the place was dirty and loud."
2899,Darlinghurst,Private room,193.42,3.5,"Very noisy and bustling, great for nightlife but hard to sleep."
2900,Darlinghurst,Shared room,384.96,4.0,"Quiet and peaceful, the perfect romantic getaway."
2901,Surry Hills,Entire home/apt,347.35,3.4,"Quiet and peaceful, the perfect romantic getaway."
2902,Manly,Entire home/apt,68.03,5.0,"Very noisy and bustling, great for nightlife but hard to sleep."
2903,Parramatta,Shared room,327.27,3.9,"Basic room, clean but tiny. The host was very friendly."
2904,Darlinghurst,Shared room,381.4,4.0,Luxury villa with a pool and ocean views. Incredible experience.
2905,Newtown,Entire home/apt,76.92,4.3,"Quiet and peaceful, the perfect romantic getaway."
2906,Darlinghurst,Private room,418.28,3.6,Luxury villa with a pool and ocean views. Incredible experience.
2907,Manly,Private room,723.62,3.2,"Terrible experience, the place was dirty and loud."
2908,Newtown,Private room,376.78,3.1,"Terrible experience, the place was dirty and loud."
2909,Bondi,Private room,623.0,4.7,A bit outdated but very affordable and cozy.
2910,Darlinghurst,Shared room,753.61,4.5,A bit outdated but very affordable and cozy.
2911,Newtown,Private room,145.31,4.3,"A lovely, quiet neighborhood perfect for families. Close to the beach."
2912,Manly,Private room,424.28,2.7,"Terrible experience, the place was dirty and loud."
2913,Bondi,Entire home/apt,733.86,4.9,"Terrible experience, the place was dirty and loud."
2914,Parramatta,Entire home/apt,344.03,3.3,"Terrible experience, the place was dirty and loud."
2915,Darlinghurst,Entire home/apt,729.72,4.6,Luxury villa with a pool and ocean views. Incredible experience.
2916,Darlinghurst,Private room,504.15,4.7,"Basic room, clean but tiny. The host was very friendly."
2917,Darlinghurst,Entire home/apt,692.71,4.6,"Very noisy and bustling, great for nightlife but hard to sleep."
2918,Parramatta,Shared room,499.89,3.2,"Basic room, clean but tiny. The host was very friendly."
2919,Bondi,Private room,642.39,2.7,Extremely clean and modern apartment with high-speed wifi.
2920,Newtown,Private room,654.64,2.6,Extremely clean and modern apartment with high-speed wifi.
2921,Darlinghurst,Entire home/apt,464.56,4.2,Extremely clean and modern apartment with high-speed wifi.
2922,Bondi,Private room,612.3,3.4,"Very noisy and bustling, great for nightlife but hard to sleep."
2923,Newtown,Shared room,428.7,3.7,A bit outdated but very affordable and cozy.
2924,Darlinghurst,Entire home/apt,602.11,4.3,Extremely clean and modern apartment with high-speed wifi.
2925,Surry Hills,Entire home/apt,127.95,3.7,"Terrible experience, the place was dirty and loud."
2926,Darlinghurst,Shared room,575.66,3.3,"Very noisy and bustling, great for nightlife but hard to sleep."
2927,Manly,Shared room,639.98,4.8,Luxury villa with a pool and ocean views. Incredible experience.
2928,Manly,Private room,308.36,4.0,A bit outdated but very affordable and cozy.
2929,Bondi,Entire home/apt,763.49,4.0,Extremely clean and modern apartment with high-speed wifi.
2930,Bondi,Shared room,650.99,4.8,Luxury villa with a pool and ocean views. Incredible experience.
2931,Manly,Private room,194.76,4.1,A bit outdated but very affordable and cozy.
2932,Darlinghurst,Entire home/apt,539.57,4.3,Luxury villa with a pool and ocean views. Incredible experience.
2933,Newtown,Private room,421.38,3.9,"Terrible experience, the place was dirty and loud."
2934,Newtown,Entire home/apt,160.27,4.6,"Basic room, clean but tiny. The host was very friendly."
2935,Parramatta,Shared room,356.51,3.9,"A lovely, quiet neighborhood perfect for families. Close to the beach."
2936,Parramatta,Shared room,139.44,2.8,"Terrible experience, the place was dirty and loud."
2937,Surry Hills,Private room,485.52,2.8,Luxury villa with a pool and ocean views. Incredible experience.
2938,Manly,Entire home/apt,785.43,3.0,"A lovely, quiet neighborhood perfect for families. Close to the beach."
2939,Newtown,Private room,433.23,4.3,Extremely clean and modern apartment with high-speed wifi.
2940,Darlinghurst,Shared room,761.69,4.0,"Quiet and peaceful, the perfect romantic getaway."
2941,Newtown,Shared room,110.17,4.0,"Very noisy and bustling, great for nightlife but hard to sleep."
2942,Darlinghurst,Entire home/apt,200.53,3.7,"Quiet and peaceful, the perfect romantic getaway."
2943,Newtown,Entire home/apt,597.07,3.0,"A lovely, quiet neighborhood perfect for families. Close to the beach."
2944,Bondi,Shared room,73.44,2.7,Extremely clean and modern apartment with high-speed wifi.
2945,Manly,Shared room,275.84,4.8,"Quiet and peaceful, the perfect romantic getaway."
2946,Newtown,Entire home/apt,314.21,4.2,"Quiet and peaceful, the perfect romantic getaway."
2947,Newtown,Private room,573.91,3.2,A bit outdated but very affordable and cozy.
2948,Darlinghurst,Shared room,779.68,4.3,"Basic room, clean but tiny. The host was very friendly."
2949,Darlinghurst,Private room,202.69,4.7,"A lovely, quiet neighborhood perfect for families. Close to the beach."
2950,Bondi,Private room,790.75,3.9,Extremely clean and modern apartment with high-speed wifi.
2951,Bondi,Entire home/apt,566.75,4.3,"Quiet and peaceful, the perfect romantic getaway."
2952,Parramatta,Private room,70.1,4.0,"A lovely, quiet neighborhood perfect for families. Close to the beach."
2953,Parramatta,Entire home/apt,156.75,3.2,"A lovely, quiet neighborhood perfect for families. Close to the beach."
2954,Parramatta,Shared room,627.87,3.9,"Quiet and peaceful, the perfect romantic getaway."
2955,Darlinghurst,Entire home/apt,642.44,4.4,"Very noisy and bustling, great for nightlife but hard to sleep."
2956,Bondi,Entire home/apt,107.66,3.7,"Basic room, clean but tiny. The host was very friendly."
2957,Parramatta,Shared room,515.35,2.5,"Terrible experience, the place was dirty and loud."
2958,Bondi,Private room,240.04,5.0,A bit outdated but very affordable and cozy.
2959,Parramatta,Entire home/apt,637.95,2.8,Luxury villa with a pool and ocean views. Incredible experience.
2960,Darlinghurst,Entire home/apt,664.92,4.4,"A lovely, quiet neighborhood perfect for families. Close to the beach."
2961,Newtown,Private room,58.84,2.9,"A lovely, quiet neighborhood perfect for families. Close to the beach."
2962,Surry Hills,Private room,693.17,4.2,"Terrible experience, the place was dirty and loud."
2963,Manly,Shared room,768.77,4.5,A bit outdated but very affordable and cozy.
2964,Darlinghurst,Entire home/apt,468.54,4.7,"Basic room, clean but tiny. The host was very friendly."
2965,Bondi,Private room,87.82,4.7,"Terrible experience, the place was dirty and loud."
2966,Surry Hills,Shared room,551.8,4.0,"A lovely, quiet neighborhood perfect for families. Close to the beach."
2967,Manly,Entire home/apt,227.9,4.1,"A lovely, quiet neighborhood perfect for families. Close to the beach."
2968,Bondi,Shared room,236.48,4.9,Extremely clean and modern apartment with high-speed wifi.
2969,Bondi,Entire home/apt,741.53,4.7,Luxury villa with a pool and ocean views. Incredible experience.
2970,Surry Hills,Shared room,85.44,3.5,"A lovely, quiet neighborhood perfect for families. Close to the beach."
2971,Manly,Private room,428.14,4.7,"Terrible experience, the place was dirty and loud."
2972,Parramatta,Shared room,781.05,3.3,A bit outdated but very affordable and cozy.
2973,Darlinghurst,Private room,554.51,3.4,A bit outdated but very affordable and cozy.
2974,Manly,Shared room,547.22,4.5,Extremely clean and modern apartment with high-speed wifi.
2975,Newtown,Shared room,464.46,2.5,"Quiet and peaceful, the perfect romantic getaway."
2976,Manly,Private room,405.98,3.9,Extremely clean and modern apartment with high-speed wifi.
2977,Manly,Entire home/apt,723.99,4.0,"Quiet and peaceful, the perfect romantic getaway."
2978,Surry Hills,Entire home/apt,134.74,3.3,"Quiet and peaceful, the perfect romantic getaway."
2979,Bondi,Shared room,446.88,3.6,"A lovely, quiet neighborhood perfect for families. Close to the beach."
2980,Darlinghurst,Shared room,103.85,3.0,"Terrible experience, the place was dirty and loud."
2981,Newtown,Shared room,236.46,3.9,A bit outdated but very affordable and cozy.
2982,Manly,Shared room,389.47,3.2,"A lovely, quiet neighborhood perfect for families. Close to the beach."
2983,Parramatta,Entire home/apt,538.23,3.7,"Quiet and peaceful, the perfect romantic getaway."
2984,Darlinghurst,Private room,418.55,3.0,"A lovely, quiet neighborhood perfect for families. Close to the beach."
2985,Surry Hills,Shared room,228.97,4.6,Extremely clean and modern apartment with high-speed wifi.
2986,Newtown,Private room,409.13,4.9,Luxury villa with a pool and ocean views. Incredible experience.
2987,Manly,Shared room,509.83,4.7,"Quiet and peaceful, the perfect romantic getaway."
2988,Darlinghurst,Private room,287.65,4.9,"A lovely, quiet neighborhood perfect for families. Close to the beach."
2989,Manly,Entire home/apt,340.98,4.7,"Quiet and peaceful, the perfect romantic getaway."
2990,Manly,Private room,427.29,2.5,"A lovely, quiet neighborhood perfect for families. Close to the beach."
2991,Manly,Shared room,465.3,3.5,Extremely clean and modern apartment with high-speed wifi.
2992,Surry Hills,Entire home/apt,246.46,2.9,Luxury villa with a pool and ocean views. Incredible experience.
2993,Surry Hills,Shared room,528.21,3.0,"Quiet and peaceful, the perfect romantic getaway."
2994,Bondi,Private room,182.48,3.6,"Very noisy and bustling, great for nightlife but hard to sleep."
2995,Manly,Shared room,658.51,3.5,"Terrible experience, the place was dirty and loud."
2996,Manly,Private room,798.88,4.6,A bit outdated but very affordable and cozy.
2997,Parramatta,Shared room,235.37,4.1,Extremely clean and modern apartment with high-speed wifi.
2998,Newtown,Shared room,452.99,4.6,A bit outdated but very affordable and cozy.
2999,Parramatta,Shared room,419.0,2.5,"Very noisy and bustling, great for nightlife but hard to sleep."
3000,Surry Hills,Shared room,579.43,2.7,"Very noisy and bustling, great for nightlife but hard to sleep."
3001,Manly,Shared room,132.85,4.6,Luxury villa with a pool and ocean views. Incredible experience.
3002,Surry Hills,Entire home/apt,96.28,3.1,"Basic room, clean but tiny. The host was very friendly."
3003,Newtown,Entire home/apt,527.44,3.5,Extremely clean and modern apartment with high-speed wifi.
3004,Parramatta,Entire home/apt,680.76,4.4,Luxury villa with a pool and ocean views. Incredible experience.
3005,Surry Hills,Private room,260.17,2.8,"A lovely, quiet neighborhood perfect for families. Close to the beach."
3006,Bondi,Private room,640.97,3.7,Extremely clean and modern apartment with high-speed wifi.
3007,Manly,Private room,746.41,4.6,"Basic room, clean but tiny. The host was very friendly."
3008,Parramatta,Entire home/apt,426.06,4.8,"Basic room, clean but tiny. The host was very friendly."
3009,Newtown,Shared room,248.33,2.7,Luxury villa with a pool and ocean views. Incredible experience.
3010,Newtown,Private room,260.24,3.0,A bit outdated but very affordable and cozy.
3011,Parramatta,Private room,757.65,4.1,"Terrible experience, the place was dirty and loud."
3012,Newtown,Shared room,659.96,4.2,"A lovely, quiet neighborhood perfect for families. Close to the beach."
3013,Parramatta,Shared room,557.37,4.0,"Basic room, clean but tiny. The host was very friendly."
3014,Bondi,Private room,469.7,2.7,A bit outdated but very affordable and cozy.
3015,Newtown,Shared room,136.52,3.0,"Basic room, clean but tiny. The host was very friendly."
3016,Parramatta,Private room,467.86,4.9,"Terrible experience, the place was dirty and loud."
3017,Newtown,Shared room,377.26,4.2,A bit outdated but very affordable and cozy.
3018,Bondi,Shared room,267.32,4.4,"A lovely, quiet neighborhood perfect for families. Close to the beach."
3019,Parramatta,Entire home/apt,590.03,3.6,"Quiet and peaceful, the perfect romantic getaway."
3020,Newtown,Private room,597.42,3.1,"Basic room, clean but tiny. The host was very friendly."
3021,Bondi,Entire home/apt,96.73,2.7,"A lovely, quiet neighborhood perfect for families. Close to the beach."
3022,Surry Hills,Entire home/apt,129.42,4.5,"Terrible experience, the place was dirty and loud."
3023,Surry Hills,Shared room,129.24,3.3,"Quiet and peaceful, the perfect romantic getaway."
3024,Newtown,Shared room,411.58,2.6,"A lovely, quiet neighborhood perfect for families. Close to the beach."
3025,Darlinghurst,Shared room,457.19,3.9,"Very noisy and bustling, great for nightlife but hard to sleep."
3026,Parramatta,Entire home/apt,244.79,4.9,"Very noisy and bustling, great for nightlife but hard to sleep."
3027,Newtown,Private room,741.04,3.7,"Very noisy and bustling, great for nightlife but hard to sleep."
3028,Newtown,Shared room,197.57,3.7,"Terrible experience, the place was dirty and loud."
3029,Darlinghurst,Entire home/apt,643.82,3.4,A bit outdated but very affordable and cozy.
3030,Darlinghurst,Entire home/apt,330.82,4.0,"Very noisy and bustling, great for nightlife but hard to sleep."
3031,Bondi,Shared room,307.77,2.8,"Very noisy and bustling, great for nightlife but hard to sleep."
3032,Surry Hills,Entire home/apt,484.04,3.1,"Very noisy and bustling, great for nightlife but hard to sleep."
3033,Manly,Shared room,171.04,3.7,"Basic room, clean but tiny. The host was very friendly."
3034,Parramatta,Entire home/apt,333.26,4.1,"Terrible experience, the place was dirty and loud."
3035,Newtown,Private room,714.81,4.2,Extremely clean and modern apartment with high-speed wifi.
3036,Bondi,Private room,102.31,2.5,"Very noisy and bustling, great for nightlife but hard to sleep."
3037,Parramatta,Shared room,704.72,4.6,Luxury villa with a pool and ocean views. Incredible experience.
3038,Manly,Shared room,238.91,4.4,"Quiet and peaceful, the perfect romantic getaway."
3039,Surry Hills,Shared room,542.17,4.6,"Terrible experience, the place was dirty and loud."
3040,Darlinghurst,Entire home/apt,64.86,2.6,"Very noisy and bustling, great for nightlife but hard to sleep."
3041,Bondi,Shared room,508.4,4.8,Luxury villa with a pool and ocean views. Incredible experience.
3042,Newtown,Entire home/apt,519.53,2.6,Extremely clean and modern apartment with high-speed wifi.
3043,Bondi,Private room,632.85,4.4,Extremely clean and modern apartment with high-speed wifi.
3044,Manly,Shared room,413.69,2.6,"Terrible experience, the place was dirty and loud."
3045,Manly,Entire home/apt,472.52,3.6,Luxury villa with a pool and ocean views. Incredible experience.
3046,Manly,Entire home/apt,99.44,4.2,"A lovely, quiet neighborhood perfect for families. Close to the beach."
3047,Parramatta,Entire home/apt,598.61,4.4,"Very noisy and bustling, great for nightlife but hard to sleep."
3048,Bondi,Shared room,384.32,3.0,"Terrible experience, the place was dirty and loud."
3049,Manly,Shared room,335.38,3.0,"Quiet and peaceful, the perfect romantic getaway."
3050,Darlinghurst,Entire home/apt,681.82,3.6,"Quiet and peaceful, the perfect romantic getaway."
3051,Newtown,Shared room,302.2,3.0,Extremely clean and modern apartment with high-speed wifi.
3052,Newtown,Shared room,407.56,4.2,"Terrible experience, the place was dirty and loud."
3053,Darlinghurst,Shared room,376.58,4.0,"Very noisy and bustling, great for nightlife but hard to sleep."
3054,Newtown,Shared room,365.25,4.6,Extremely clean and modern apartment with high-speed wifi.
3055,Manly,Entire home/apt,489.61,4.0,Luxury villa with a pool and ocean views. Incredible experience.
3056,Manly,Private room,603.87,4.1,"Basic room, clean but tiny. The host was very friendly."
3057,Newtown,Entire home/apt,540.86,4.1,"Very noisy and bustling, great for nightlife but hard to sleep."
3058,Newtown,Private room,203.14,3.4,"Basic room, clean but tiny. The host was very friendly."
3059,Newtown,Private room,68.69,4.7,"Basic room, clean but tiny. The host was very friendly."
3060,Bondi,Private room,650.37,3.9,"Basic room, clean but tiny. The host was very friendly."
3061,Bondi,Private room,394.77,5.0,Extremely clean and modern apartment with high-speed wifi.
3062,Darlinghurst,Shared room,604.8,3.5,Extremely clean and modern apartment with high-speed wifi.
3063,Surry Hills,Shared room,390.52,4.0,"Basic room, clean but tiny. The host was very friendly."
3064,Darlinghurst,Entire home/apt,118.77,2.7,"Basic room, clean but tiny. The host was very friendly."
3065,Surry Hills,Shared room,173.13,4.0,Luxury villa with a pool and ocean views. Incredible experience.
3066,Manly,Entire home/apt,474.07,4.6,"Very noisy and bustling, great for nightlife but hard to sleep."
3067,Newtown,Private room,236.21,3.5,"Quiet and peaceful, the perfect romantic getaway."
3068,Darlinghurst,Shared room,361.52,4.6,"A lovely, quiet neighborhood perfect for families. Close to the beach."
3069,Bondi,Entire home/apt,434.2,3.3,Extremely clean and modern apartment with high-speed wifi.
3070,Surry Hills,Shared room,101.36,4.5,"A lovely, quiet neighborhood perfect for families. Close to the beach."
3071,Newtown,Entire home/apt,163.76,4.0,Extremely clean and modern apartment with high-speed wifi.
3072,Manly,Entire home/apt,119.21,3.4,Luxury villa with a pool and ocean views. Incredible experience.
3073,Newtown,Shared room,384.29,4.3,Luxury villa with a pool and ocean views. Incredible experience.
3074,Newtown,Private room,101.82,2.7,"Quiet and peaceful, the perfect romantic getaway."
3075,Surry Hills,Shared room,101.25,4.2,Luxury villa with a pool and ocean views. Incredible experience.
3076,Darlinghurst,Shared room,427.11,2.6,"Quiet and peaceful, the perfect romantic getaway."
3077,Manly,Private room,490.35,3.9,"A lovely, quiet neighborhood perfect for families. Close to the beach."
3078,Bondi,Private room,471.29,4.6,"A lovely, quiet neighborhood perfect for families. Close to the beach."
3079,Manly,Private room,299.95,4.5,Luxury villa with a pool and ocean views. Incredible experience.
3080,Parramatta,Shared room,776.57,3.5,Extremely clean and modern apartment with high-speed wifi.
3081,Parramatta,Entire home/apt,639.65,4.1,"Very noisy and bustling, great for nightlife but hard to sleep."
3082,Bondi,Private room,768.22,2.6,"Terrible experience, the place was dirty and loud."
3083,Parramatta,Private room,649.9,2.7,Luxury villa with a pool and ocean views. Incredible experience.
3084,Newtown,Entire home/apt,772.98,3.4,Extremely clean and modern apartment with high-speed wifi.
3085,Newtown,Private room,491.05,2.8,"Very noisy and bustling, great for nightlife but hard to sleep."
3086,Surry Hills,Private room,434.4,4.3,"Terrible experience, the place was dirty and loud."
3087,Manly,Private room,617.21,4.7,"Terrible experience, the place was dirty and loud."
3088,Surry Hills,Private room,491.06,4.1,"Terrible experience, the place was dirty and loud."
3089,Parramatta,Entire home/apt,137.92,3.4,A bit outdated but very affordable and cozy.
3090,Surry Hills,Entire home/apt,735.5,3.6,"Basic room, clean but tiny. The host was very friendly."
3091,Manly,Private room,776.64,3.4,Extremely clean and modern apartment with high-speed wifi.
3092,Newtown,Entire home/apt,171.52,3.2,"Very noisy and bustling, great for nightlife but hard to sleep."
3093,Bondi,Private room,679.92,4.6,"Very noisy and bustling, great for nightlife but hard to sleep."
3094,Darlinghurst,Shared room,58.45,4.3,Extremely clean and modern apartment with high-speed wifi.
3095,Manly,Entire home/apt,558.04,3.8,"Terrible experience, the place was dirty and loud."
3096,Newtown,Shared room,111.83,4.9,A bit outdated but very affordable and cozy.
3097,Parramatta,Entire home/apt,119.81,3.2,"Basic room, clean but tiny. The host was very friendly."
3098,Bondi,Entire home/apt,398.19,4.6,"Terrible experience, the place was dirty and loud."
3099,Bondi,Entire home/apt,574.37,4.3,"Quiet and peaceful, the perfect romantic getaway."
3100,Surry Hills,Private room,396.07,3.5,"A lovely, quiet neighborhood perfect for families. Close to the beach."
3101,Bondi,Entire home/apt,270.55,3.8,"Terrible experience, the place was dirty and loud."
3102,Parramatta,Private room,423.0,3.3,Luxury villa with a pool and ocean views. Incredible experience.
3103,Newtown,Shared room,763.77,4.0,"Quiet and peaceful, the perfect romantic getaway."
3104,Darlinghurst,Private room,151.86,4.4,"A lovely, quiet neighborhood perfect for families. Close to the beach."
3105,Darlinghurst,Shared room,132.9,4.2,"Basic room, clean but tiny. The host was very friendly."
3106,Newtown,Shared room,444.16,4.8,"Very noisy and bustling, great for nightlife but hard to sleep."
3107,Parramatta,Shared room,383.08,2.8,"Quiet and peaceful, the perfect romantic getaway."
3108,Darlinghurst,Shared room,736.28,4.2,"Basic room, clean but tiny. The host was very friendly."
3109,Manly,Entire home/apt,436.68,3.8,"Terrible experience, the place was dirty and loud."
3110,Manly,Shared room,546.75,2.8,"Quiet and peaceful, the perfect romantic getaway."
3111,Parramatta,Entire home/apt,304.84,3.2,"Very noisy and bustling, great for nightlife but hard to sleep."
3112,Newtown,Shared room,718.72,4.6,Luxury villa with a pool and ocean views. Incredible experience.
3113,Parramatta,Entire home/apt,593.92,3.5,"Very noisy and bustling, great for nightlife but hard to sleep."
3114,Bondi,Entire home/apt,96.9,4.0,"A lovely, quiet neighborhood perfect for families. Close to the beach."
3115,Parramatta,Shared room,612.68,3.8,"A lovely, quiet neighborhood perfect for families. Close to the beach."
3116,Manly,Entire home/apt,309.6,4.9,"Quiet and peaceful, the perfect romantic getaway."
3117,Surry Hills,Entire home/apt,229.85,3.5,"Terrible experience, the place was dirty and loud."
3118,Newtown,Entire home/apt,379.13,4.7,Luxury villa with a pool and ocean views. Incredible experience.
3119,Surry Hills,Private room,368.01,3.9,Extremely clean and modern apartment with high-speed wifi.
3120,Parramatta,Entire home/apt,743.66,4.4,Extremely clean and modern apartment with high-speed wifi.
3121,Surry Hills,Private room,167.3,2.9,"A lovely, quiet neighborhood perfect for families. Close to the beach."
3122,Parramatta,Shared room,349.64,2.9,"Quiet and peaceful, the perfect romantic getaway."
3123,Newtown,Entire home/apt,533.29,4.2,"Very noisy and bustling, great for nightlife but hard to sleep."
3124,Darlinghurst,Entire home/apt,75.33,4.6,Luxury villa with a pool and ocean views. Incredible experience.
3125,Surry Hills,Shared room,354.74,2.6,"Quiet and peaceful, the perfect romantic getaway."
3126,Newtown,Entire home/apt,588.29,4.3,"A lovely, quiet neighborhood perfect for families. Close to the beach."
3127,Newtown,Shared room,499.35,3.7,"Quiet and peaceful, the perfect romantic getaway."
3128,Surry Hills,Private room,251.97,3.3,"A lovely, quiet neighborhood perfect for families. Close to the beach."
3129,Bondi,Private room,245.66,4.6,"Terrible experience, the place was dirty and loud."
3130,Bondi,Private room,638.39,4.5,Luxury villa with a pool and ocean views. Incredible experience.
3131,Parramatta,Private room,768.77,4.3,"Quiet and peaceful, the perfect romantic getaway."
3132,Bondi,Shared room,442.48,3.1,"A lovely, quiet neighborhood perfect for families. Close to the beach."
3133,Newtown,Shared room,698.11,3.7,A bit outdated but very affordable and cozy.
3134,Surry Hills,Private room,456.43,4.0,"Terrible experience, the place was dirty and loud."
3135,Darlinghurst,Shared room,131.15,3.6,"Very noisy and bustling, great for nightlife but hard to sleep."
3136,Darlinghurst,Shared room,513.78,3.5,"Quiet and peaceful, the perfect romantic getaway."
3137,Surry Hills,Shared room,192.81,3.1,Luxury villa with a pool and ocean views. Incredible experience.
3138,Manly,Entire home/apt,360.03,3.1,"A lovely, quiet neighborhood perfect for families. Close to the beach."
3139,Surry Hills,Shared room,301.62,3.8,"Very noisy and bustling, great for nightlife but hard to sleep."
3140,Manly,Entire home/apt,570.3,3.1,A bit outdated but very affordable and cozy.
3141,Surry Hills,Entire home/apt,763.14,4.6,A bit outdated but very affordable and cozy.
3142,Darlinghurst,Entire home/apt,753.39,3.4,"Quiet and peaceful, the perfect romantic getaway."
3143,Newtown,Private room,615.76,4.5,"Basic room, clean but tiny. The host was very friendly."
3144,Parramatta,Entire home/apt,171.21,3.4,A bit outdated but very affordable and cozy.
3145,Bondi,Entire home/apt,131.05,3.0,Luxury villa with a pool and ocean views. Incredible experience.
3146,Newtown,Private room,257.81,2.6,A bit outdated but very affordable and cozy.
3147,Parramatta,Entire home/apt,192.01,4.6,"A lovely, quiet neighborhood perfect for families. Close to the beach."
3148,Bondi,Entire home/apt,235.48,3.6,Extremely clean and modern apartment with high-speed wifi.
3149,Darlinghurst,Shared room,561.33,4.4,Extremely clean and modern apartment with high-speed wifi.
3150,Surry Hills,Private room,698.0,4.8,"Terrible experience, the place was dirty and loud."
3151,Manly,Shared room,476.9,2.9,"A lovely, quiet neighborhood perfect for families. Close to the beach."
3152,Bondi,Entire home/apt,663.99,5.0,Extremely clean and modern apartment with high-speed wifi.
3153,Bondi,Shared room,318.03,4.0,"Quiet and peaceful, the perfect romantic getaway."
3154,Surry Hills,Entire home/apt,296.29,3.7,A bit outdated but very affordable and cozy.
3155,Newtown,Private room,705.39,4.5,"Quiet and peaceful, the perfect romantic getaway."
3156,Parramatta,Private room,474.12,4.5,Luxury villa with a pool and ocean views. Incredible experience.
3157,Newtown,Private room,388.79,3.4,Luxury villa with a pool and ocean views. Incredible experience.
3158,Newtown,Entire home/apt,123.47,2.5,Extremely clean and modern apartment with high-speed wifi.
3159,Surry Hills,Private room,94.3,4.3,"Basic room, clean but tiny. The host was very friendly."
3160,Darlinghurst,Private room,513.0,3.6,"A lovely, quiet neighborhood perfect for families. Close to the beach."
3161,Darlinghurst,Shared room,294.59,4.6,"A lovely, quiet neighborhood perfect for families. Close to the beach."
3162,Manly,Private room,404.28,4.6,Extremely clean and modern apartment with high-speed wifi.
3163,Parramatta,Private room,368.06,3.7,"Terrible experience, the place was dirty and loud."
3164,Parramatta,Private room,195.91,4.6,"Very noisy and bustling, great for nightlife but hard to sleep."
3165,Parramatta,Shared room,642.86,3.2,"Very noisy and bustling, great for nightlife but hard to sleep."
3166,Bondi,Shared room,58.96,4.0,"Quiet and peaceful, the perfect romantic getaway."
3167,Manly,Shared room,227.31,4.0,Extremely clean and modern apartment with high-speed wifi.
3168,Bondi,Entire home/apt,334.1,4.9,"Basic room, clean but tiny. The host was very friendly."
3169,Newtown,Entire home/apt,619.45,2.8,Luxury villa with a pool and ocean views. Incredible experience.
3170,Manly,Private room,249.36,4.7,Extremely clean and modern apartment with high-speed wifi.
3171,Darlinghurst,Entire home/apt,478.39,4.4,"Very noisy and bustling, great for nightlife but hard to sleep."
3172,Parramatta,Shared room,356.04,2.6,A bit outdated but very affordable and cozy.
3173,Surry Hills,Shared room,408.87,2.8,"Basic room, clean but tiny. The host was very friendly."
3174,Newtown,Shared room,290.22,2.9,Extremely clean and modern apartment with high-speed wifi.
3175,Parramatta,Private room,480.97,4.9,"Terrible experience, the place was dirty and loud."
3176,Manly,Shared room,657.05,4.2,"Terrible experience, the place was dirty and loud."
3177,Newtown,Private room,239.26,3.5,"Very noisy and bustling, great for nightlife but hard to sleep."
3178,Darlinghurst,Shared room,744.58,3.1,"Basic room, clean but tiny. The host was very friendly."
3179,Parramatta,Entire home/apt,586.6,3.4,"Basic room, clean but tiny. The host was very friendly."
3180,Parramatta,Private room,61.49,3.9,Extremely clean and modern apartment with high-speed wifi.
3181,Parramatta,Shared room,779.95,4.6,Extremely clean and modern apartment with high-speed wifi.
3182,Parramatta,Shared room,309.06,3.4,"Terrible experience, the place was dirty and loud."
3183,Surry Hills,Shared room,301.86,4.0,A bit outdated but very affordable and cozy.
3184,Darlinghurst,Entire home/apt,543.73,3.6,"Quiet and peaceful, the perfect romantic getaway."
3185,Bondi,Shared room,110.43,4.7,Extremely clean and modern apartment with high-speed wifi.
3186,Surry Hills,Private room,555.01,3.4,A bit outdated but very affordable and cozy.
3187,Newtown,Shared room,309.8,4.0,A bit outdated but very affordable and cozy.
3188,Surry Hills,Entire home/apt,449.29,4.4,"Very noisy and bustling, great for nightlife but hard to sleep."
3189,Bondi,Entire home/apt,164.68,2.7,"Terrible experience, the place was dirty and loud."
3190,Bondi,Entire home/apt,247.87,3.1,"Terrible experience, the place was dirty and loud."
3191,Newtown,Entire home/apt,307.12,4.7,"Quiet and peaceful, the perfect romantic getaway."
3192,Darlinghurst,Private room,563.82,3.7,"Quiet and peaceful, the perfect romantic getaway."
3193,Bondi,Shared room,121.16,4.7,"Terrible experience, the place was dirty and loud."
3194,Newtown,Shared room,103.2,4.7,A bit outdated but very affordable and cozy.
3195,Bondi,Shared room,177.41,4.9,Extremely clean and modern apartment with high-speed wifi.
3196,Bondi,Entire home/apt,499.18,2.9,"Basic room, clean but tiny. The host was very friendly."
3197,Bondi,Shared room,387.77,4.0,Extremely clean and modern apartment with high-speed wifi.
3198,Parramatta,Entire home/apt,585.34,4.1,"Basic room, clean but tiny. The host was very friendly."
3199,Manly,Entire home/apt,645.58,4.5,A bit outdated but very affordable and cozy.
3200,Surry Hills,Shared room,484.18,3.1,"Terrible experience, the place was dirty and loud."
3201,Manly,Private room,447.52,3.8,"Very noisy and bustling, great for nightlife but hard to sleep."
3202,Surry Hills,Shared room,670.86,4.9,Luxury villa with a pool and ocean views. Incredible experience.
3203,Surry Hills,Shared room,150.06,4.9,"Basic room, clean but tiny. The host was very friendly."
3204,Bondi,Shared room,703.6,2.7,Luxury villa with a pool and ocean views. Incredible experience.
3205,Manly,Shared room,336.17,3.1,"Quiet and peaceful, the perfect romantic getaway."
3206,Parramatta,Entire home/apt,186.52,4.2,"Terrible experience, the place was dirty and loud."
3207,Bondi,Entire home/apt,625.42,2.7,Luxury villa with a pool and ocean views. Incredible experience.
3208,Newtown,Shared room,342.0,2.8,Extremely clean and modern apartment with high-speed wifi.
3209,Newtown,Shared room,207.71,3.1,Luxury villa with a pool and ocean views. Incredible experience.
3210,Parramatta,Private room,125.32,4.0,A bit outdated but very affordable and cozy.
3211,Darlinghurst,Shared room,184.93,4.8,"Very noisy and bustling, great for nightlife but hard to sleep."
3212,Newtown,Shared room,602.38,3.7,Extremely clean and modern apartment with high-speed wifi.
3213,Darlinghurst,Private room,128.91,3.6,"Quiet and peaceful, the perfect romantic getaway."
3214,Manly,Entire home/apt,670.29,3.0,Luxury villa with a pool and ocean views. Incredible experience.
3215,Surry Hills,Shared room,434.17,4.2,"Quiet and peaceful, the perfect romantic getaway."
3216,Darlinghurst,Entire home/apt,452.85,4.6,"Quiet and peaceful, the perfect romantic getaway."
3217,Manly,Private room,461.35,2.6,"Terrible experience, the place was dirty and loud."
3218,Bondi,Private room,325.14,3.7,"A lovely, quiet neighborhood perfect for families. Close to the beach."
3219,Newtown,Entire home/apt,214.88,2.8,"Terrible experience, the place was dirty and loud."
3220,Parramatta,Shared room,705.04,3.9,Luxury villa with a pool and ocean views. Incredible experience.
3221,Darlinghurst,Entire home/apt,437.06,2.9,"Basic room, clean but tiny. The host was very friendly."
3222,Newtown,Shared room,517.36,4.3,"Very noisy and bustling, great for nightlife but hard to sleep."
3223,Newtown,Entire home/apt,139.4,2.9,Luxury villa with a pool and ocean views. Incredible experience.
3224,Manly,Entire home/apt,153.38,3.9,"A lovely, quiet neighborhood perfect for families. Close to the beach."
3225,Darlinghurst,Private room,310.72,3.8,"Terrible experience, the place was dirty and loud."
3226,Surry Hills,Private room,630.58,3.6,Luxury villa with a pool and ocean views. Incredible experience.
3227,Bondi,Entire home/apt,208.23,4.7,A bit outdated but very affordable and cozy.
3228,Surry Hills,Private room,278.69,4.0,Luxury villa with a pool and ocean views. Incredible experience.
3229,Parramatta,Private room,303.56,4.0,A bit outdated but very affordable and cozy.
3230,Newtown,Shared room,761.95,3.0,Extremely clean and modern apartment with high-speed wifi.
3231,Newtown,Private room,559.35,2.5,"Terrible experience, the place was dirty and loud."
3232,Bondi,Entire home/apt,64.68,2.8,"Very noisy and bustling, great for nightlife but hard to sleep."
3233,Newtown,Entire home/apt,314.13,4.2,"Quiet and peaceful, the perfect romantic getaway."
3234,Surry Hills,Shared room,589.45,2.9,Extremely clean and modern apartment with high-speed wifi.
3235,Surry Hills,Private room,97.87,4.1,A bit outdated but very affordable and cozy.
3236,Parramatta,Shared room,601.8,3.2,"A lovely, quiet neighborhood perfect for families. Close to the beach."
3237,Darlinghurst,Entire home/apt,225.15,3.9,"Very noisy and bustling, great for nightlife but hard to sleep."
3238,Parramatta,Entire home/apt,133.18,3.8,Extremely clean and modern apartment with high-speed wifi.
3239,Parramatta,Shared room,401.88,4.8,Extremely clean and modern apartment with high-speed wifi.
3240,Parramatta,Shared room,565.95,4.7,"Basic room, clean but tiny. The host was very friendly."
3241,Newtown,Shared room,465.76,2.8,"A lovely, quiet neighborhood perfect for families. Close to the beach."
3242,Surry Hills,Shared room,60.63,3.9,"A lovely, quiet neighborhood perfect for families. Close to the beach."
3243,Parramatta,Private room,375.31,3.6,"Basic room, clean but tiny. The host was very friendly."
3244,Darlinghurst,Shared room,425.09,2.9,"A lovely, quiet neighborhood perfect for families. Close to the beach."
3245,Surry Hills,Private room,75.45,4.9,"A lovely, quiet neighborhood perfect for families. Close to the beach."
3246,Darlinghurst,Entire home/apt,678.26,3.8,Luxury villa with a pool and ocean views. Incredible experience.
3247,Manly,Entire home/apt,685.29,4.6,"Basic room, clean but tiny. The host was very friendly."
3248,Darlinghurst,Private room,208.19,4.4,"Quiet and peaceful, the perfect romantic getaway."
3249,Parramatta,Shared room,769.74,2.8,"A lovely, quiet neighborhood perfect for families. Close to the beach."
3250,Parramatta,Shared room,691.06,2.6,"A lovely, quiet neighborhood perfect for families. Close to the beach."
3251,Newtown,Shared room,120.54,3.4,"Very noisy and bustling, great for nightlife but hard to sleep."
3252,Surry Hills,Entire home/apt,471.49,3.8,"A lovely, quiet neighborhood perfect for families. Close to the beach."
3253,Newtown,Shared room,107.18,4.9,"A lovely, quiet neighborhood perfect for families. Close to the beach."
3254,Parramatta,Entire home/apt,377.35,3.8,"Terrible experience, the place was dirty and loud."
3255,Parramatta,Entire home/apt,663.27,4.9,A bit outdated but very affordable and cozy.
3256,Bondi,Entire home/apt,91.72,3.0,"Terrible experience, the place was dirty and loud."
3257,Newtown,Shared room,185.59,4.9,"Quiet and peaceful, the perfect romantic getaway."
3258,Surry Hills,Shared room,708.44,3.3,"Basic room, clean but tiny. The host was very friendly."
3259,Bondi,Shared room,749.42,3.3,A bit outdated but very affordable and cozy.
3260,Manly,Shared room,564.0,3.9,"Basic room, clean but tiny. The host was very friendly."
3261,Surry Hills,Entire home/apt,648.96,2.9,Luxury villa with a pool and ocean views. Incredible experience.
3262,Surry Hills,Private room,693.17,5.0,"A lovely, quiet neighborhood perfect for families. Close to the beach."
3263,Manly,Entire home/apt,598.71,4.9,"Terrible experience, the place was dirty and loud."
3264,Parramatta,Private room,193.37,2.8,"Basic room, clean but tiny. The host was very friendly."
3265,Newtown,Shared room,294.15,4.1,"Basic room, clean but tiny. The host was very friendly."
3266,Bondi,Shared room,683.22,3.7,Extremely clean and modern apartment with high-speed wifi.
3267,Bondi,Private room,205.04,4.5,"Terrible experience, the place was dirty and loud."
3268,Darlinghurst,Private room,554.32,3.1,A bit outdated but very affordable and cozy.
3269,Newtown,Private room,202.2,4.6,"Quiet and peaceful, the perfect romantic getaway."
3270,Manly,Entire home/apt,144.32,4.4,"Very noisy and bustling, great for nightlife but hard to sleep."
3271,Darlinghurst,Entire home/apt,527.4,4.1,Extremely clean and modern apartment with high-speed wifi.
3272,Darlinghurst,Private room,751.1,4.8,"Terrible experience, the place was dirty and loud."
3273,Parramatta,Shared room,400.93,4.2,"Quiet and peaceful, the perfect romantic getaway."
3274,Darlinghurst,Shared room,551.07,4.7,A bit outdated but very affordable and cozy.
3275,Parramatta,Private room,140.85,4.2,Extremely clean and modern apartment with high-speed wifi.
3276,Surry Hills,Entire home/apt,398.72,2.9,"Very noisy and bustling, great for nightlife but hard to sleep."
3277,Bondi,Private room,670.04,2.6,"Very noisy and bustling, great for nightlife but hard to sleep."
3278,Manly,Entire home/apt,146.29,5.0,"Basic room, clean but tiny. The host was very friendly."
3279,Surry Hills,Private room,782.28,3.0,Luxury villa with a pool and ocean views. Incredible experience.
3280,Surry Hills,Private room,297.48,2.9,"Basic room, clean but tiny. The host was very friendly."
3281,Bondi,Entire home/apt,628.46,4.7,Luxury villa with a pool and ocean views. Incredible experience.
3282,Darlinghurst,Shared room,652.17,3.0,"Basic room, clean but tiny. The host was very friendly."
3283,Newtown,Shared room,633.77,3.1,"Quiet and peaceful, the perfect romantic getaway."
3284,Parramatta,Entire home/apt,489.29,3.3,"A lovely, quiet neighborhood perfect for families. Close to the beach."
3285,Darlinghurst,Shared room,756.09,4.2,Luxury villa with a pool and ocean views. Incredible experience.
3286,Manly,Private room,419.41,4.5,"Basic room, clean but tiny. The host was very friendly."
3287,Manly,Private room,111.2,3.7,"A lovely, quiet neighborhood perfect for families. Close to the beach."
3288,Newtown,Private room,621.71,4.5,Extremely clean and modern apartment with high-speed wifi.
3289,Newtown,Shared room,120.65,4.5,"Quiet and peaceful, the perfect romantic getaway."
3290,Darlinghurst,Entire home/apt,372.55,3.4,"Quiet and peaceful, the perfect romantic getaway."
3291,Surry Hills,Entire home/apt,589.82,3.1,"Terrible experience, the place was dirty and loud."
3292,Parramatta,Shared room,547.78,4.9,"A lovely, quiet neighborhood perfect for families. Close to the beach."
3293,Newtown,Entire home/apt,264.82,2.6,Extremely clean and modern apartment with high-speed wifi.
3294,Parramatta,Entire home/apt,64.03,4.4,Luxury villa with a pool and ocean views. Incredible experience.
3295,Bondi,Shared room,292.73,3.3,"Quiet and peaceful, the perfect romantic getaway."
3296,Parramatta,Private room,518.13,3.8,"Quiet and peaceful, the perfect romantic getaway."
3297,Manly,Entire home/apt,507.8,2.9,"A lovely, quiet neighborhood perfect for families. Close to the beach."
3298,Darlinghurst,Entire home/apt,459.61,3.7,"Very noisy and bustling, great for nightlife but hard to sleep."
3299,Surry Hills,Private room,247.16,2.6,Extremely clean and modern apartment with high-speed wifi.
3300,Manly,Private room,681.51,4.2,"Terrible experience, the place was dirty and loud."
3301,Darlinghurst,Entire home/apt,767.38,3.3,"Terrible experience, the place was dirty and loud."
3302,Bondi,Private room,431.51,4.3,"Quiet and peaceful, the perfect romantic getaway."
3303,Bondi,Shared room,324.85,4.4,A bit outdated but very affordable and cozy.
3304,Darlinghurst,Private room,412.06,4.8,"Basic room, clean but tiny. The host was very friendly."
3305,Newtown,Shared room,396.5,3.1,"Basic room, clean but tiny. The host was very friendly."
3306,Newtown,Shared room,519.65,3.6,"Quiet and peaceful, the perfect romantic getaway."
3307,Darlinghurst,Entire home/apt,319.21,4.6,A bit outdated but very affordable and cozy.
3308,Bondi,Shared room,434.94,3.5,Luxury villa with a pool and ocean views. Incredible experience.
3309,Parramatta,Entire home/apt,462.12,3.4,Luxury villa with a pool and ocean views. Incredible experience.
3310,Parramatta,Entire home/apt,330.78,2.8,"Terrible experience, the place was dirty and loud."
3311,Bondi,Shared room,516.58,3.2,"Very noisy and bustling, great for nightlife but hard to sleep."
3312,Parramatta,Private room,209.44,2.6,"Very noisy and bustling, great for nightlife but hard to sleep."
3313,Parramatta,Entire home/apt,419.8,3.2,Luxury villa with a pool and ocean views. Incredible experience.
3314,Darlinghurst,Shared room,343.24,4.8,Extremely clean and modern apartment with high-speed wifi.
3315,Surry Hills,Private room,646.26,2.5,Extremely clean and modern apartment with high-speed wifi.
3316,Darlinghurst,Shared room,245.12,4.3,Luxury villa with a pool and ocean views. Incredible experience.
3317,Newtown,Shared room,199.47,3.9,Extremely clean and modern apartment with high-speed wifi.
3318,Newtown,Entire home/apt,709.06,3.2,"Very noisy and bustling, great for nightlife but hard to sleep."
3319,Parramatta,Shared room,621.14,3.9,"Basic room, clean but tiny. The host was very friendly."
3320,Surry Hills,Shared room,579.82,3.7,"Basic room, clean but tiny. The host was very friendly."
3321,Newtown,Entire home/apt,335.12,3.4,"Basic room, clean but tiny. The host was very friendly."
3322,Manly,Private room,471.32,3.6,"A lovely, quiet neighborhood perfect for families. Close to the beach."
3323,Darlinghurst,Shared room,473.49,4.5,"Terrible experience, the place was dirty and loud."
3324,Newtown,Private room,592.26,4.1,A bit outdated but very affordable and cozy.
3325,Surry Hills,Entire home/apt,626.9,4.0,"Very noisy and bustling, great for nightlife but hard to sleep."
3326,Darlinghurst,Shared room,602.91,3.6,"Quiet and peaceful, the perfect romantic getaway."
3327,Manly,Entire home/apt,516.7,4.5,"Terrible experience, the place was dirty and loud."
3328,Darlinghurst,Private room,607.59,3.2,"Quiet and peaceful, the perfect romantic getaway."
3329,Darlinghurst,Private room,409.35,4.1,"Basic room, clean but tiny. The host was very friendly."
3330,Surry Hills,Entire home/apt,343.69,3.4,"Basic room, clean but tiny. The host was very friendly."
3331,Darlinghurst,Shared room,205.66,3.8,"Very noisy and bustling, great for nightlife but hard to sleep."
3332,Parramatta,Entire home/apt,786.41,2.9,"A lovely, quiet neighborhood perfect for families. Close to the beach."
3333,Newtown,Private room,276.81,3.0,Luxury villa with a pool and ocean views. Incredible experience.
3334,Newtown,Entire home/apt,288.69,2.6,"Terrible experience, the place was dirty and loud."
3335,Parramatta,Shared room,566.85,3.2,"Quiet and peaceful, the perfect romantic getaway."
3336,Bondi,Entire home/apt,88.18,4.6,"Very noisy and bustling, great for nightlife but hard to sleep."
3337,Bondi,Shared room,659.72,3.8,Extremely clean and modern apartment with high-speed wifi.
3338,Darlinghurst,Entire home/apt,434.6,4.3,Luxury villa with a pool and ocean views. Incredible experience.
3339,Surry Hills,Entire home/apt,367.46,4.5,"Terrible experience, the place was dirty and loud."
3340,Parramatta,Entire home/apt,193.09,4.0,"Very noisy and bustling, great for nightlife but hard to sleep."
3341,Darlinghurst,Private room,751.45,4.2,"A lovely, quiet neighborhood perfect for families. Close to the beach."
3342,Newtown,Private room,389.2,2.8,"Very noisy and bustling, great for nightlife but hard to sleep."
3343,Darlinghurst,Entire home/apt,367.09,4.1,Extremely clean and modern apartment with high-speed wifi.
3344,Manly,Shared room,631.31,2.6,"Basic room, clean but tiny. The host was very friendly."
3345,Surry Hills,Entire home/apt,123.76,4.0,A bit outdated but very affordable and cozy.
3346,Manly,Entire home/apt,480.99,4.2,A bit outdated but very affordable and cozy.
3347,Newtown,Shared room,591.54,3.8,A bit outdated but very affordable and cozy.
3348,Darlinghurst,Private room,456.75,4.1,"Basic room, clean but tiny. The host was very friendly."
3349,Manly,Entire home/apt,69.04,4.6,A bit outdated but very affordable and cozy.
3350,Parramatta,Private room,513.42,3.9,Extremely clean and modern apartment with high-speed wifi.
3351,Newtown,Private room,99.0,5.0,"Quiet and peaceful, the perfect romantic getaway."
3352,Newtown,Shared room,593.77,4.5,A bit outdated but very affordable and cozy.
3353,Bondi,Entire home/apt,724.13,3.3,"Basic room, clean but tiny. The host was very friendly."
3354,Surry Hills,Private room,389.28,4.6,A bit outdated but very affordable and cozy.
3355,Manly,Shared room,255.39,4.1,"Basic room, clean but tiny. The host was very friendly."
3356,Darlinghurst,Entire home/apt,159.9,4.5,"Basic room, clean but tiny. The host was very friendly."
3357,Bondi,Entire home/apt,280.26,5.0,"Terrible experience, the place was dirty and loud."
3358,Newtown,Entire home/apt,391.31,3.8,Extremely clean and modern apartment with high-speed wifi.
3359,Manly,Entire home/apt,759.81,4.9,"Quiet and peaceful, the perfect romantic getaway."
3360,Bondi,Entire home/apt,225.45,2.9,"Terrible experience, the place was dirty and loud."
3361,Parramatta,Entire home/apt,359.74,2.6,"Terrible experience, the place was dirty and loud."
3362,Parramatta,Entire home/apt,77.14,3.4,Luxury villa with a pool and ocean views. Incredible experience.
3363,Manly,Shared room,186.92,3.2,"A lovely, quiet neighborhood perfect for families. Close to the beach."
3364,Parramatta,Shared room,663.83,4.1,"Basic room, clean but tiny. The host was very friendly."
3365,Manly,Shared room,113.25,3.0,"Quiet and peaceful, the perfect romantic getaway."
3366,Newtown,Shared room,71.4,2.6,"Very noisy and bustling, great for nightlife but hard to sleep."
3367,Parramatta,Private room,796.65,4.1,"Basic room, clean but tiny. The host was very friendly."
3368,Newtown,Entire home/apt,91.54,3.9,"Very noisy and bustling, great for nightlife but hard to sleep."
3369,Parramatta,Private room,592.11,4.8,"A lovely, quiet neighborhood perfect for families. Close to the beach."
3370,Newtown,Shared room,596.67,2.9,"A lovely, quiet neighborhood perfect for families. Close to the beach."
3371,Surry Hills,Private room,130.97,4.2,Luxury villa with a pool and ocean views. Incredible experience.
3372,Manly,Entire home/apt,355.73,3.5,"Very noisy and bustling, great for nightlife but hard to sleep."
3373,Parramatta,Entire home/apt,502.64,2.9,"Very noisy and bustling, great for nightlife but hard to sleep."
3374,Manly,Entire home/apt,658.68,3.8,"Quiet and peaceful, the perfect romantic getaway."
3375,Darlinghurst,Shared room,625.96,4.7,"Basic room, clean but tiny. The host was very friendly."
3376,Bondi,Shared room,759.05,4.3,"A lovely, quiet neighborhood perfect for families. Close to the beach."
3377,Manly,Private room,286.93,4.5,"Very noisy and bustling, great for nightlife but hard to sleep."
3378,Bondi,Shared room,406.83,4.8,"Very noisy and bustling, great for nightlife but hard to sleep."
3379,Newtown,Entire home/apt,178.66,2.8,"Basic room, clean but tiny. The host was very friendly."
3380,Bondi,Private room,361.2,2.7,A bit outdated but very affordable and cozy.
3381,Manly,Entire home/apt,69.65,2.6,"Basic room, clean but tiny. The host was very friendly."
3382,Parramatta,Private room,336.42,4.6,Extremely clean and modern apartment with high-speed wifi.
3383,Surry Hills,Entire home/apt,284.11,3.3,"Quiet and peaceful, the perfect romantic getaway."
3384,Newtown,Shared room,126.25,4.4,"Very noisy and bustling, great for nightlife but hard to sleep."
3385,Darlinghurst,Entire home/apt,536.64,3.8,Extremely clean and modern apartment with high-speed wifi.
3386,Bondi,Private room,217.92,2.7,"Terrible experience, the place was dirty and loud."
3387,Darlinghurst,Entire home/apt,744.17,4.3,Luxury villa with a pool and ocean views. Incredible experience.
3388,Newtown,Shared room,198.31,2.6,Luxury villa with a pool and ocean views. Incredible experience.
3389,Bondi,Shared room,793.78,4.1,"Very noisy and bustling, great for nightlife but hard to sleep."
3390,Surry Hills,Private room,772.41,3.3,"Quiet and peaceful, the perfect romantic getaway."
3391,Newtown,Private room,375.57,2.6,"Terrible experience, the place was dirty and loud."
3392,Parramatta,Entire home/apt,668.12,2.8,Extremely clean and modern apartment with high-speed wifi.
3393,Surry Hills,Private room,311.78,4.7,"Basic room, clean but tiny. The host was very friendly."
3394,Newtown,Shared room,306.34,2.7,"Very noisy and bustling, great for nightlife but hard to sleep."
3395,Bondi,Entire home/apt,667.06,4.2,"Very noisy and bustling, great for nightlife but hard to sleep."
3396,Surry Hills,Entire home/apt,427.43,2.6,"Very noisy and bustling, great for nightlife but hard to sleep."
3397,Parramatta,Shared room,86.12,4.1,A bit outdated but very affordable and cozy.
3398,Darlinghurst,Private room,79.31,3.0,A bit outdated but very affordable and cozy.
3399,Newtown,Private room,659.42,3.8,Extremely clean and modern apartment with high-speed wifi.
3400,Surry Hills,Private room,674.86,3.7,"A lovely, quiet neighborhood perfect for families. Close to the beach."
3401,Newtown,Shared room,758.95,3.5,"Very noisy and bustling, great for nightlife but hard to sleep."
3402,Bondi,Shared room,698.33,3.6,"Quiet and peaceful, the perfect romantic getaway."
3403,Bondi,Shared room,685.84,4.1,A bit outdated but very affordable and cozy.
3404,Surry Hills,Private room,608.32,3.6,A bit outdated but very affordable and cozy.
3405,Surry Hills,Shared room,134.58,4.8,"Terrible experience, the place was dirty and loud."
3406,Darlinghurst,Private room,271.98,4.3,"Very noisy and bustling, great for nightlife but hard to sleep."
3407,Bondi,Shared room,385.31,2.8,Extremely clean and modern apartment with high-speed wifi.
3408,Darlinghurst,Private room,582.91,2.9,Luxury villa with a pool and ocean views. Incredible experience.
3409,Manly,Private room,511.6,3.7,Luxury villa with a pool and ocean views. Incredible experience.
3410,Parramatta,Entire home/apt,307.65,4.9,Extremely clean and modern apartment with high-speed wifi.
3411,Bondi,Private room,295.11,4.3,"Terrible experience, the place was dirty and loud."
3412,Darlinghurst,Shared room,222.26,3.2,"A lovely, quiet neighborhood perfect for families. Close to the beach."
3413,Parramatta,Shared room,770.23,2.7,"A lovely, quiet neighborhood perfect for families. Close to the beach."
3414,Surry Hills,Private room,459.2,4.1,"Terrible experience, the place was dirty and loud."
3415,Surry Hills,Shared room,545.41,3.1,Luxury villa with a pool and ocean views. Incredible experience.
3416,Newtown,Shared room,125.07,3.5,A bit outdated but very affordable and cozy.
3417,Manly,Entire home/apt,654.65,4.1,"Very noisy and bustling, great for nightlife but hard to sleep."
3418,Darlinghurst,Entire home/apt,314.91,4.0,Extremely clean and modern apartment with high-speed wifi.
3419,Parramatta,Entire home/apt,245.78,3.2,"Terrible experience, the place was dirty and loud."
3420,Surry Hills,Private room,734.04,2.7,"Basic room, clean but tiny. The host was very friendly."
3421,Surry Hills,Shared room,728.36,2.5,A bit outdated but very affordable and cozy.
3422,Bondi,Private room,548.16,5.0,"Quiet and peaceful, the perfect romantic getaway."
3423,Bondi,Private room,444.29,3.5,"Very noisy and bustling, great for nightlife but hard to sleep."
3424,Newtown,Private room,199.29,3.8,"Very noisy and bustling, great for nightlife but hard to sleep."
3425,Bondi,Entire home/apt,683.67,2.8,"A lovely, quiet neighborhood perfect for families. Close to the beach."
3426,Surry Hills,Private room,432.56,4.9,Extremely clean and modern apartment with high-speed wifi.
3427,Surry Hills,Private room,461.71,4.5,Extremely clean and modern apartment with high-speed wifi.
3428,Surry Hills,Entire home/apt,520.86,3.8,"Quiet and peaceful, the perfect romantic getaway."
3429,Bondi,Shared room,515.82,4.0,"Basic room, clean but tiny. The host was very friendly."
3430,Darlinghurst,Shared room,372.1,3.7,"Terrible experience, the place was dirty and loud."
3431,Darlinghurst,Shared room,270.33,2.6,"Quiet and peaceful, the perfect romantic getaway."
3432,Surry Hills,Shared room,769.31,3.2,A bit outdated but very affordable and cozy.
3433,Surry Hills,Shared room,553.32,3.7,Luxury villa with a pool and ocean views. Incredible experience.
3434,Bondi,Shared room,385.88,4.9,Extremely clean and modern apartment with high-speed wifi.
3435,Parramatta,Private room,387.75,2.6,"Quiet and peaceful, the perfect romantic getaway."
3436,Parramatta,Shared room,448.24,3.9,"Quiet and peaceful, the perfect romantic getaway."
3437,Bondi,Shared room,202.45,3.5,"Terrible experience, the place was dirty and loud."
3438,Bondi,Shared room,583.41,2.7,"Very noisy and bustling, great for nightlife but hard to sleep."
3439,Bondi,Entire home/apt,495.54,5.0,"Quiet and peaceful, the perfect romantic getaway."
3440,Bondi,Shared room,526.2,2.6,"Quiet and peaceful, the perfect romantic getaway."
3441,Parramatta,Shared room,651.91,4.1,"A lovely, quiet neighborhood perfect for families. Close to the beach."
3442,Bondi,Private room,539.91,3.2,"Terrible experience, the place was dirty and loud."
3443,Newtown,Shared room,157.91,3.9,"Basic room, clean but tiny. The host was very friendly."
3444,Bondi,Entire home/apt,794.83,4.4,A bit outdated but very affordable and cozy.
3445,Bondi,Shared room,271.53,3.5,"Quiet and peaceful, the perfect romantic getaway."
3446,Manly,Entire home/apt,301.64,4.2,"Terrible experience, the place was dirty and loud."
3447,Bondi,Shared room,569.08,2.7,A bit outdated but very affordable and cozy.
3448,Bondi,Entire home/apt,784.44,2.9,"A lovely, quiet neighborhood perfect for families. Close to the beach."
3449,Darlinghurst,Private room,744.23,3.3,"Terrible experience, the place was dirty and loud."
3450,Surry Hills,Shared room,96.17,3.6,Luxury villa with a pool and ocean views. Incredible experience.
3451,Parramatta,Shared room,699.57,4.6,"Quiet and peaceful, the perfect romantic getaway."
3452,Manly,Private room,255.2,4.5,"Quiet and peaceful, the perfect romantic getaway."
3453,Bondi,Private room,277.01,2.6,"Quiet and peaceful, the perfect romantic getaway."
3454,Parramatta,Private room,741.94,4.2,"Very noisy and bustling, great for nightlife but hard to sleep."
3455,Parramatta,Entire home/apt,632.92,4.4,"Basic room, clean but tiny. The host was very friendly."
3456,Bondi,Entire home/apt,266.6,4.9,"Quiet and peaceful, the perfect romantic getaway."
3457,Surry Hills,Shared room,149.53,3.9,"Very noisy and bustling, great for nightlife but hard to sleep."
3458,Bondi,Entire home/apt,468.25,4.1,"Quiet and peaceful, the perfect romantic getaway."
3459,Newtown,Entire home/apt,494.09,4.2,"Quiet and peaceful, the perfect romantic getaway."
3460,Parramatta,Shared room,115.77,3.4,"A lovely, quiet neighborhood perfect for families. Close to the beach."
3461,Bondi,Private room,650.62,3.8,"Very noisy and bustling, great for nightlife but hard to sleep."
3462,Parramatta,Shared room,398.74,2.9,Extremely clean and modern apartment with high-speed wifi.
3463,Manly,Private room,380.41,3.2,"Terrible experience, the place was dirty and loud."
3464,Bondi,Shared room,422.33,5.0,A bit outdated but very affordable and cozy.
3465,Surry Hills,Entire home/apt,537.61,4.3,"Basic room, clean but tiny. The host was very friendly."
3466,Bondi,Shared room,709.71,3.8,"Terrible experience, the place was dirty and loud."
3467,Newtown,Entire home/apt,543.02,3.7,"Basic room, clean but tiny. The host was very friendly."
3468,Manly,Entire home/apt,298.72,2.8,"Quiet and peaceful, the perfect romantic getaway."
3469,Parramatta,Entire home/apt,426.3,3.9,"Quiet and peaceful, the perfect romantic getaway."
3470,Darlinghurst,Shared room,348.56,4.0,"A lovely, quiet neighborhood perfect for families. Close to the beach."
3471,Manly,Shared room,628.18,3.8,Extremely clean and modern apartment with high-speed wifi.
3472,Parramatta,Private room,212.21,3.9,"A lovely, quiet neighborhood perfect for families. Close to the beach."
3473,Bondi,Shared room,673.17,4.6,Luxury villa with a pool and ocean views. Incredible experience.
3474,Newtown,Entire home/apt,541.81,3.7,"Terrible experience, the place was dirty and loud."
3475,Surry Hills,Private room,765.68,4.6,"A lovely, quiet neighborhood perfect for families. Close to the beach."
3476,Bondi,Private room,145.11,3.6,"Very noisy and bustling, great for nightlife but hard to sleep."
3477,Newtown,Private room,314.43,4.6,A bit outdated but very affordable and cozy.
3478,Darlinghurst,Entire home/apt,668.56,2.8,Extremely clean and modern apartment with high-speed wifi.
3479,Bondi,Entire home/apt,623.24,4.2,"Basic room, clean but tiny. The host was very friendly."
3480,Parramatta,Entire home/apt,439.77,3.0,"Quiet and peaceful, the perfect romantic getaway."
3481,Darlinghurst,Private room,87.31,4.4,"Terrible experience, the place was dirty and loud."
3482,Darlinghurst,Private room,167.63,2.8,A bit outdated but very affordable and cozy.
3483,Surry Hills,Shared room,502.33,4.1,"A lovely, quiet neighborhood perfect for families. Close to the beach."
3484,Bondi,Shared room,769.79,3.9,"Quiet and peaceful, the perfect romantic getaway."
3485,Manly,Shared room,424.02,4.3,"A lovely, quiet neighborhood perfect for families. Close to the beach."
3486,Parramatta,Entire home/apt,718.71,3.9,"A lovely, quiet neighborhood perfect for families. Close to the beach."
3487,Parramatta,Shared room,746.15,4.3,"Very noisy and bustling, great for nightlife but hard to sleep."
3488,Manly,Shared room,618.57,3.9,A bit outdated but very affordable and cozy.
3489,Manly,Entire home/apt,331.99,4.6,"Terrible experience, the place was dirty and loud."
3490,Surry Hills,Entire home/apt,699.89,3.1,A bit outdated but very affordable and cozy.
3491,Surry Hills,Shared room,207.03,2.8,Luxury villa with a pool and ocean views. Incredible experience.
3492,Parramatta,Shared room,136.77,4.6,Luxury villa with a pool and ocean views. Incredible experience.
3493,Newtown,Private room,370.97,4.8,Extremely clean and modern apartment with high-speed wifi.
3494,Surry Hills,Private room,512.68,3.4,"Basic room, clean but tiny. The host was very friendly."
3495,Darlinghurst,Private room,383.46,3.7,Luxury villa with a pool and ocean views. Incredible experience.
3496,Newtown,Entire home/apt,543.27,3.8,A bit outdated but very affordable and cozy.
3497,Surry Hills,Shared room,564.83,3.4,"Terrible experience, the place was dirty and loud."
3498,Surry Hills,Entire home/apt,411.01,3.1,"Quiet and peaceful, the perfect romantic getaway."
3499,Parramatta,Shared room,271.02,3.3,Luxury villa with a pool and ocean views. Incredible experience.
3500,Surry Hills,Private room,105.27,3.7,"Basic room, clean but tiny. The host was very friendly."
3501,Darlinghurst,Shared room,360.51,2.8,Extremely clean and modern apartment with high-speed wifi.
3502,Darlinghurst,Shared room,295.91,4.4,"Terrible experience, the place was dirty and loud."
3503,Bondi,Entire home/apt,471.38,3.8,A bit outdated but very affordable and cozy.
3504,Newtown,Private room,101.26,2.5,Luxury villa with a pool and ocean views. Incredible experience.
3505,Manly,Private room,164.11,2.9,Extremely clean and modern apartment with high-speed wifi.
3506,Surry Hills,Shared room,321.52,3.2,"Quiet and peaceful, the perfect romantic getaway."
3507,Darlinghurst,Entire home/apt,455.23,3.9,"Basic room, clean but tiny. The host was very friendly."
3508,Manly,Private room,624.68,2.7,"Basic room, clean but tiny. The host was very friendly."
3509,Parramatta,Shared room,275.48,2.6,Luxury villa with a pool and ocean views. Incredible experience.
3510,Newtown,Entire home/apt,600.08,2.8,"A lovely, quiet neighborhood perfect for families. Close to the beach."
3511,Surry Hills,Entire home/apt,111.94,3.7,Extremely clean and modern apartment with high-speed wifi.
3512,Bondi,Private room,244.95,4.5,A bit outdated but very affordable and cozy.
3513,Surry Hills,Shared room,687.21,4.3,Luxury villa with a pool and ocean views. Incredible experience.
3514,Newtown,Shared room,555.94,5.0,"Terrible experience, the place was dirty and loud."
3515,Surry Hills,Shared room,702.02,4.1,A bit outdated but very affordable and cozy.
3516,Manly,Shared room,357.6,3.3,"Basic room, clean but tiny. The host was very friendly."
3517,Darlinghurst,Shared room,258.59,2.5,"Very noisy and bustling, great for nightlife but hard to sleep."
3518,Newtown,Shared room,761.16,2.7,"A lovely, quiet neighborhood perfect for families. Close to the beach."
3519,Bondi,Entire home/apt,664.61,5.0,A bit outdated but very affordable and cozy.
3520,Newtown,Entire home/apt,371.29,3.9,"Quiet and peaceful, the perfect romantic getaway."
3521,Darlinghurst,Shared room,51.2,2.9,"Basic room, clean but tiny. The host was very friendly."
3522,Darlinghurst,Entire home/apt,436.33,4.5,"Terrible experience, the place was dirty and loud."
3523,Surry Hills,Shared room,796.85,3.2,"A lovely, quiet neighborhood perfect for families. Close to the beach."
3524,Manly,Private room,174.25,3.0,A bit outdated but very affordable and cozy.
3525,Newtown,Entire home/apt,68.76,3.9,"Very noisy and bustling, great for nightlife but hard to sleep."
3526,Bondi,Private room,411.46,4.0,"Quiet and peaceful, the perfect romantic getaway."
3527,Darlinghurst,Entire home/apt,652.83,4.7,Extremely clean and modern apartment with high-speed wifi.
3528,Surry Hills,Entire home/apt,374.95,4.4,Luxury villa with a pool and ocean views. Incredible experience.
3529,Bondi,Shared room,484.62,4.4,"Terrible experience, the place was dirty and loud."
3530,Surry Hills,Private room,565.56,3.4,Extremely clean and modern apartment with high-speed wifi.
3531,Manly,Shared room,667.86,3.1,A bit outdated but very affordable and cozy.
3532,Surry Hills,Private room,486.83,3.3,"Very noisy and bustling, great for nightlife but hard to sleep."
3533,Manly,Entire home/apt,724.94,2.8,"Quiet and peaceful, the perfect romantic getaway."
3534,Darlinghurst,Entire home/apt,440.85,4.5,"A lovely, quiet neighborhood perfect for families. Close to the beach."
3535,Newtown,Shared room,395.73,4.0,"A lovely, quiet neighborhood perfect for families. Close to the beach."
3536,Manly,Entire home/apt,792.8,2.9,Luxury villa with a pool and ocean views. Incredible experience.
3537,Parramatta,Private room,300.94,4.7,"Quiet and peaceful, the perfect romantic getaway."
3538,Bondi,Entire home/apt,572.89,3.0,"A lovely, quiet neighborhood perfect for families. Close to the beach."
3539,Darlinghurst,Shared room,248.15,3.6,"Very noisy and bustling, great for nightlife but hard to sleep."
3540,Bondi,Shared room,255.97,3.2,"A lovely, quiet neighborhood perfect for families. Close to the beach."
3541,Darlinghurst,Private room,581.69,3.9,Luxury villa with a pool and ocean views. Incredible experience.
3542,Surry Hills,Shared room,133.07,4.9,Extremely clean and modern apartment with high-speed wifi.
3543,Bondi,Shared room,482.91,3.5,"Basic room, clean but tiny. The host was very friendly."
3544,Darlinghurst,Entire home/apt,386.9,2.7,Luxury villa with a pool and ocean views. Incredible experience.
3545,Bondi,Private room,115.01,3.4,A bit outdated but very affordable and cozy.
3546,Parramatta,Private room,572.99,3.8,Extremely clean and modern apartment with high-speed wifi.
3547,Bondi,Shared room,107.03,5.0,A bit outdated but very affordable and cozy.
3548,Darlinghurst,Entire home/apt,723.61,4.9,"A lovely, quiet neighborhood perfect for families. Close to the beach."
3549,Darlinghurst,Shared room,639.58,3.1,Extremely clean and modern apartment with high-speed wifi.
3550,Newtown,Entire home/apt,57.22,3.3,Luxury villa with a pool and ocean views. Incredible experience.
3551,Newtown,Entire home/apt,81.62,3.3,Extremely clean and modern apartment with high-speed wifi.
3552,Manly,Private room,405.44,3.7,Extremely clean and modern apartment with high-speed wifi.
3553,Newtown,Shared room,790.98,4.6,"Terrible experience, the place was dirty and loud."
3554,Surry Hills,Entire home/apt,314.93,3.8,Luxury villa with a pool and ocean views. Incredible experience.
3555,Darlinghurst,Private room,409.78,2.8,Luxury villa with a pool and ocean views. Incredible experience.
3556,Manly,Entire home/apt,226.27,4.1,Extremely clean and modern apartment with high-speed wifi.
3557,Bondi,Private room,520.32,4.3,"A lovely, quiet neighborhood perfect for families. Close to the beach."
3558,Newtown,Entire home/apt,530.21,4.8,Luxury villa with a pool and ocean views. Incredible experience.
3559,Parramatta,Shared room,575.94,4.5,"Very noisy and bustling, great for nightlife but hard to sleep."
3560,Surry Hills,Shared room,495.03,3.1,"A lovely, quiet neighborhood perfect for families. Close to the beach."
3561,Manly,Shared room,570.39,3.4,"A lovely, quiet neighborhood perfect for families. Close to the beach."
3562,Bondi,Shared room,242.45,3.4,Luxury villa with a pool and ocean views. Incredible experience.
3563,Newtown,Entire home/apt,501.98,4.0,A bit outdated but very affordable and cozy.
3564,Parramatta,Shared room,179.74,3.1,"Basic room, clean but tiny. The host was very friendly."
3565,Manly,Shared room,562.14,4.9,"Very noisy and bustling, great for nightlife but hard to sleep."
3566,Bondi,Entire home/apt,250.59,4.9,Extremely clean and modern apartment with high-speed wifi.
3567,Parramatta,Entire home/apt,67.77,2.6,"A lovely, quiet neighborhood perfect for families. Close to the beach."
3568,Newtown,Shared room,308.87,3.0,"Very noisy and bustling, great for nightlife but hard to sleep."
3569,Darlinghurst,Private room,637.06,2.9,Luxury villa with a pool and ocean views. Incredible experience.
3570,Newtown,Private room,206.93,2.7,A bit outdated but very affordable and cozy.
3571,Parramatta,Shared room,791.63,4.6,A bit outdated but very affordable and cozy.
3572,Parramatta,Entire home/apt,484.48,4.7,Extremely clean and modern apartment with high-speed wifi.
3573,Darlinghurst,Private room,640.35,2.8,Luxury villa with a pool and ocean views. Incredible experience.
3574,Parramatta,Entire home/apt,699.59,3.5,"Basic room, clean but tiny. The host was very friendly."
3575,Newtown,Entire home/apt,241.3,3.0,Luxury villa with a pool and ocean views. Incredible experience.
3576,Bondi,Private room,618.73,4.1,"Quiet and peaceful, the perfect romantic getaway."
3577,Parramatta,Shared room,716.23,2.9,"A lovely, quiet neighborhood perfect for families. Close to the beach."
3578,Surry Hills,Shared room,82.38,3.5,A bit outdated but very affordable and cozy.
3579,Bondi,Private room,230.76,2.8,A bit outdated but very affordable and cozy.
3580,Newtown,Shared room,460.7,4.8,A bit outdated but very affordable and cozy.
3581,Parramatta,Entire home/apt,698.4,3.8,"Quiet and peaceful, the perfect romantic getaway."
3582,Darlinghurst,Entire home/apt,313.52,3.1,Extremely clean and modern apartment with high-speed wifi.
3583,Parramatta,Shared room,798.97,4.3,Luxury villa with a pool and ocean views. Incredible experience.
3584,Darlinghurst,Shared room,237.4,3.0,Extremely clean and modern apartment with high-speed wifi.
3585,Surry Hills,Shared room,669.07,4.2,"Quiet and peaceful, the perfect romantic getaway."
3586,Bondi,Entire home/apt,70.83,2.9,"Basic room, clean but tiny. The host was very friendly."
3587,Parramatta,Private room,570.58,4.6,Luxury villa with a pool and ocean views. Incredible experience.
3588,Bondi,Private room,267.82,3.0,"Terrible experience, the place was dirty and loud."
3589,Newtown,Shared room,199.77,2.7,A bit outdated but very affordable and cozy.
3590,Parramatta,Entire home/apt,163.73,2.8,"Terrible experience, the place was dirty and loud."
3591,Darlinghurst,Entire home/apt,103.79,2.9,"Quiet and peaceful, the perfect romantic getaway."
3592,Newtown,Private room,64.08,4.2,"Quiet and peaceful, the perfect romantic getaway."
3593,Newtown,Shared room,541.69,3.4,"A lovely, quiet neighborhood perfect for families. Close to the beach."
3594,Manly,Shared room,202.65,3.5,"Terrible experience, the place was dirty and loud."
3595,Surry Hills,Entire home/apt,619.5,3.9,"Terrible experience, the place was dirty and loud."
3596,Darlinghurst,Entire home/apt,411.85,4.7,"Very noisy and bustling, great for nightlife but hard to sleep."
3597,Manly,Shared room,796.49,3.8,A bit outdated but very affordable and cozy.
3598,Manly,Private room,640.83,3.1,A bit outdated but very affordable and cozy.
3599,Manly,Private room,395.21,3.1,Luxury villa with a pool and ocean views. Incredible experience.
3600,Parramatta,Shared room,170.63,2.9,"Quiet and peaceful, the perfect romantic getaway."
3601,Parramatta,Shared room,699.99,3.5,"Quiet and peaceful, the perfect romantic getaway."
3602,Surry Hills,Shared room,152.15,4.5,"Terrible experience, the place was dirty and loud."
3603,Bondi,Private room,374.03,3.2,"Quiet and peaceful, the perfect romantic getaway."
3604,Darlinghurst,Private room,643.07,2.9,Luxury villa with a pool and ocean views. Incredible experience.
3605,Manly,Private room,420.39,3.2,"Terrible experience, the place was dirty and loud."
3606,Darlinghurst,Shared room,186.45,5.0,"Terrible experience, the place was dirty and loud."
3607,Newtown,Shared room,512.09,2.7,"Very noisy and bustling, great for nightlife but hard to sleep."
3608,Bondi,Entire home/apt,68.51,4.0,"Basic room, clean but tiny. The host was very friendly."
3609,Newtown,Shared room,522.55,3.5,"Quiet and peaceful, the perfect romantic getaway."
3610,Newtown,Entire home/apt,54.83,4.9,"Basic room, clean but tiny. The host was very friendly."
3611,Bondi,Shared room,79.31,4.5,Luxury villa with a pool and ocean views. Incredible experience.
3612,Parramatta,Private room,541.12,5.0,"Basic room, clean but tiny. The host was very friendly."
3613,Newtown,Shared room,583.17,4.9,"Terrible experience, the place was dirty and loud."
3614,Surry Hills,Shared room,292.17,4.5,Extremely clean and modern apartment with high-speed wifi.
3615,Bondi,Entire home/apt,187.95,4.5,"Very noisy and bustling, great for nightlife but hard to sleep."
3616,Parramatta,Private room,720.82,4.9,"Basic room, clean but tiny. The host was very friendly."
3617,Bondi,Private room,272.56,4.7,"Terrible experience, the place was dirty and loud."
3618,Parramatta,Private room,454.94,4.9,"Terrible experience, the place was dirty and loud."
3619,Bondi,Private room,145.01,3.9,"Quiet and peaceful, the perfect romantic getaway."
3620,Manly,Entire home/apt,283.74,4.4,"Quiet and peaceful, the perfect romantic getaway."
3621,Newtown,Shared room,285.66,3.9,A bit outdated but very affordable and cozy.
3622,Manly,Private room,775.21,2.6,"Very noisy and bustling, great for nightlife but hard to sleep."
3623,Newtown,Entire home/apt,226.88,3.6,"Basic room, clean but tiny. The host was very friendly."
3624,Surry Hills,Private room,439.92,3.9,"Quiet and peaceful, the perfect romantic getaway."
3625,Parramatta,Shared room,64.83,3.3,"A lovely, quiet neighborhood perfect for families. Close to the beach."
3626,Darlinghurst,Shared room,200.17,3.8,Extremely clean and modern apartment with high-speed wifi.
3627,Bondi,Private room,756.37,4.7,"Terrible experience, the place was dirty and loud."
3628,Darlinghurst,Private room,693.96,3.6,"A lovely, quiet neighborhood perfect for families. Close to the beach."
3629,Surry Hills,Private room,90.13,3.9,"A lovely, quiet neighborhood perfect for families. Close to the beach."
3630,Surry Hills,Shared room,425.24,2.5,"Very noisy and bustling, great for nightlife but hard to sleep."
3631,Manly,Shared room,468.29,3.9,Extremely clean and modern apartment with high-speed wifi.
3632,Manly,Private room,673.93,4.1,"Quiet and peaceful, the perfect romantic getaway."
3633,Manly,Private room,782.33,4.9,"Very noisy and bustling, great for nightlife but hard to sleep."
3634,Parramatta,Shared room,411.49,4.6,"A lovely, quiet neighborhood perfect for families. Close to the beach."
3635,Darlinghurst,Shared room,421.08,3.9,"Very noisy and bustling, great for nightlife but hard to sleep."
3636,Surry Hills,Private room,347.23,3.3,"Very noisy and bustling, great for nightlife but hard to sleep."
3637,Darlinghurst,Private room,269.41,4.4,"Quiet and peaceful, the perfect romantic getaway."
3638,Newtown,Private room,770.8,3.9,"A lovely, quiet neighborhood perfect for families. Close to the beach."
3639,Parramatta,Shared room,88.14,4.0,A bit outdated but very affordable and cozy.
3640,Bondi,Shared room,63.93,4.5,"A lovely, quiet neighborhood perfect for families. Close to the beach."
3641,Bondi,Shared room,174.41,4.0,Luxury villa with a pool and ocean views. Incredible experience.
3642,Bondi,Private room,481.19,4.3,"Terrible experience, the place was dirty and loud."
3643,Manly,Shared room,159.76,4.1,"Terrible experience, the place was dirty and loud."
3644,Manly,Shared room,731.44,3.0,"Terrible experience, the place was dirty and loud."
3645,Parramatta,Shared room,398.44,4.3,"Very noisy and bustling, great for nightlife but hard to sleep."
3646,Surry Hills,Entire home/apt,425.09,4.1,Luxury villa with a pool and ocean views. Incredible experience.
3647,Darlinghurst,Private room,178.71,3.0,A bit outdated but very affordable and cozy.
3648,Newtown,Entire home/apt,393.34,4.9,Extremely clean and modern apartment with high-speed wifi.
3649,Bondi,Private room,532.04,3.8,Luxury villa with a pool and ocean views. Incredible experience.
3650,Surry Hills,Shared room,451.04,3.1,"Very noisy and bustling, great for nightlife but hard to sleep."
3651,Darlinghurst,Entire home/apt,290.41,3.8,A bit outdated but very affordable and cozy.
3652,Newtown,Shared room,518.98,4.4,"Basic room, clean but tiny. The host was very friendly."
3653,Darlinghurst,Shared room,578.21,4.6,"Quiet and peaceful, the perfect romantic getaway."
3654,Bondi,Private room,552.19,3.4,Luxury villa with a pool and ocean views. Incredible experience.
3655,Darlinghurst,Shared room,298.42,4.2,"Basic room, clean but tiny. The host was very friendly."
3656,Surry Hills,Private room,640.43,2.8,"Terrible experience, the place was dirty and loud."
3657,Parramatta,Private room,432.42,3.1,"Quiet and peaceful, the perfect romantic getaway."
3658,Newtown,Entire home/apt,454.17,4.2,"Basic room, clean but tiny. The host was very friendly."
3659,Bondi,Private room,367.69,3.8,"Quiet and peaceful, the perfect romantic getaway."
3660,Newtown,Private room,717.06,4.8,Luxury villa with a pool and ocean views. Incredible experience.
3661,Surry Hills,Private room,173.22,4.7,A bit outdated but very affordable and cozy.
3662,Darlinghurst,Shared room,446.13,3.7,"Terrible experience, the place was dirty and loud."
3663,Surry Hills,Entire home/apt,593.59,3.8,"Terrible experience, the place was dirty and loud."
3664,Newtown,Private room,615.0,3.3,"Basic room, clean but tiny. The host was very friendly."
3665,Darlinghurst,Shared room,201.14,4.7,"A lovely, quiet neighborhood perfect for families. Close to the beach."
3666,Bondi,Shared room,278.0,3.7,"Quiet and peaceful, the perfect romantic getaway."
3667,Manly,Shared room,768.96,4.3,Extremely clean and modern apartment with high-speed wifi.
3668,Newtown,Private room,560.72,2.5,"Very noisy and bustling, great for nightlife but hard to sleep."
3669,Bondi,Shared room,413.53,3.3,Luxury villa with a pool and ocean views. Incredible experience.
3670,Bondi,Entire home/apt,503.17,4.9,A bit outdated but very affordable and cozy.
3671,Parramatta,Shared room,734.52,2.5,"Very noisy and bustling, great for nightlife but hard to sleep."
3672,Manly,Entire home/apt,409.39,2.6,"Quiet and peaceful, the perfect romantic getaway."
3673,Bondi,Entire home/apt,521.79,4.3,"A lovely, quiet neighborhood perfect for families. Close to the beach."
3674,Newtown,Private room,329.32,3.3,"Quiet and peaceful, the perfect romantic getaway."
3675,Surry Hills,Shared room,780.09,3.0,"Very noisy and bustling, great for nightlife but hard to sleep."
3676,Surry Hills,Shared room,155.54,3.3,A bit outdated but very affordable and cozy.
3677,Bondi,Private room,678.87,4.2,"Quiet and peaceful, the perfect romantic getaway."
3678,Bondi,Shared room,250.66,3.5,"A lovely, quiet neighborhood perfect for families. Close to the beach."
3679,Surry Hills,Private room,717.96,4.4,"Basic room, clean but tiny. The host was very friendly."
3680,Surry Hills,Private room,612.89,3.9,"Quiet and peaceful, the perfect romantic getaway."
3681,Parramatta,Private room,773.43,4.1,A bit outdated but very affordable and cozy.
3682,Surry Hills,Private room,670.4,3.0,A bit outdated but very affordable and cozy.
3683,Darlinghurst,Shared room,748.85,4.5,Extremely clean and modern apartment with high-speed wifi.
3684,Bondi,Shared room,797.41,3.6,"Very noisy and bustling, great for nightlife but hard to sleep."
3685,Parramatta,Private room,392.31,3.5,"A lovely, quiet neighborhood perfect for families. Close to the beach."
3686,Bondi,Private room,421.03,3.6,"Terrible experience, the place was dirty and loud."
3687,Surry Hills,Entire home/apt,559.82,3.2,"Terrible experience, the place was dirty and loud."
3688,Bondi,Private room,340.81,4.1,Extremely clean and modern apartment with high-speed wifi.
3689,Manly,Shared room,694.42,2.6,"Quiet and peaceful, the perfect romantic getaway."
3690,Parramatta,Shared room,722.28,3.2,Luxury villa with a pool and ocean views. Incredible experience.
3691,Surry Hills,Shared room,189.78,4.0,Extremely clean and modern apartment with high-speed wifi.
3692,Parramatta,Entire home/apt,413.95,3.3,"Basic room, clean but tiny. The host was very friendly."
3693,Surry Hills,Shared room,312.17,2.9,"A lovely, quiet neighborhood perfect for families. Close to the beach."
3694,Surry Hills,Entire home/apt,74.63,3.1,"Terrible experience, the place was dirty and loud."
3695,Manly,Private room,608.08,4.7,"Terrible experience, the place was dirty and loud."
3696,Parramatta,Private room,479.28,3.3,"Terrible experience, the place was dirty and loud."
3697,Manly,Private room,649.25,3.4,"Quiet and peaceful, the perfect romantic getaway."
3698,Darlinghurst,Shared room,544.62,4.0,"A lovely, quiet neighborhood perfect for families. Close to the beach."
3699,Darlinghurst,Entire home/apt,157.77,2.9,"Quiet and peaceful, the perfect romantic getaway."
3700,Surry Hills,Shared room,729.03,3.8,Extremely clean and modern apartment with high-speed wifi.
3701,Surry Hills,Private room,741.51,3.2,Extremely clean and modern apartment with high-speed wifi.
3702,Newtown,Entire home/apt,197.84,3.7,"Terrible experience, the place was dirty and loud."
3703,Darlinghurst,Shared room,85.74,3.1,"Basic room, clean but tiny. The host was very friendly."
3704,Surry Hills,Entire home/apt,314.73,4.7,"Basic room, clean but tiny. The host was very friendly."
3705,Manly,Private room,718.77,2.7,"Quiet and peaceful, the perfect romantic getaway."
3706,Manly,Entire home/apt,629.54,4.2,Luxury villa with a pool and ocean views. Incredible experience.
3707,Parramatta,Entire home/apt,566.87,3.0,Luxury villa with a pool and ocean views. Incredible experience.
3708,Surry Hills,Private room,366.42,3.7,Extremely clean and modern apartment with high-speed wifi.
3709,Surry Hills,Entire home/apt,675.75,3.2,"Very noisy and bustling, great for nightlife but hard to sleep."
3710,Manly,Private room,621.05,3.5,Extremely clean and modern apartment with high-speed wifi.
3711,Darlinghurst,Shared room,132.19,3.8,Luxury villa with a pool and ocean views. Incredible experience.
3712,Bondi,Shared room,681.49,3.5,"Terrible experience, the place was dirty and loud."
3713,Surry Hills,Shared room,703.24,4.5,Extremely clean and modern apartment with high-speed wifi.
3714,Surry Hills,Private room,53.2,2.8,"Very noisy and bustling, great for nightlife but hard to sleep."
3715,Parramatta,Entire home/apt,529.67,2.7,"Quiet and peaceful, the perfect romantic getaway."
3716,Newtown,Entire home/apt,458.86,4.2,"Very noisy and bustling, great for nightlife but hard to sleep."
3717,Manly,Shared room,770.83,3.1,"Very noisy and bustling, great for nightlife but hard to sleep."
3718,Surry Hills,Entire home/apt,732.18,4.9,"Very noisy and bustling, great for nightlife but hard to sleep."
3719,Manly,Entire home/apt,91.31,3.5,Extremely clean and modern apartment with high-speed wifi.
3720,Bondi,Shared room,415.7,3.6,Extremely clean and modern apartment with high-speed wifi.
3721,Newtown,Private room,572.59,3.5,"Quiet and peaceful, the perfect romantic getaway."
3722,Darlinghurst,Shared room,253.71,3.3,"Very noisy and bustling, great for nightlife but hard to sleep."
3723,Bondi,Shared room,773.94,2.5,Luxury villa with a pool and ocean views. Incredible experience.
3724,Parramatta,Shared room,594.84,3.2,"Basic room, clean but tiny. The host was very friendly."
3725,Manly,Entire home/apt,146.9,3.5,A bit outdated but very affordable and cozy.
3726,Bondi,Shared room,445.99,2.6,A bit outdated but very affordable and cozy.
3727,Parramatta,Private room,100.75,2.9,"Terrible experience, the place was dirty and loud."
3728,Newtown,Private room,95.58,3.9,Extremely clean and modern apartment with high-speed wifi.
3729,Bondi,Private room,651.75,3.1,A bit outdated but very affordable and cozy.
3730,Bondi,Shared room,644.3,4.8,"Quiet and peaceful, the perfect romantic getaway."
3731,Parramatta,Entire home/apt,173.15,3.7,A bit outdated but very affordable and cozy.
3732,Newtown,Private room,583.32,3.9,Extremely clean and modern apartment with high-speed wifi.
3733,Parramatta,Private room,367.33,3.1,"A lovely, quiet neighborhood perfect for families. Close to the beach."
3734,Newtown,Shared room,102.25,3.2,"Very noisy and bustling, great for nightlife but hard to sleep."
3735,Surry Hills,Private room,202.31,2.6,A bit outdated but very affordable and cozy.
3736,Newtown,Entire home/apt,136.62,4.4,"Very noisy and bustling, great for nightlife but hard to sleep."
3737,Parramatta,Shared room,620.78,3.3,"Quiet and peaceful, the perfect romantic getaway."
3738,Bondi,Shared room,335.69,4.6,"A lovely, quiet neighborhood perfect for families. Close to the beach."
3739,Surry Hills,Entire home/apt,538.23,4.1,"A lovely, quiet neighborhood perfect for families. Close to the beach."
3740,Surry Hills,Shared room,150.68,3.8,"A lovely, quiet neighborhood perfect for families. Close to the beach."
3741,Parramatta,Private room,105.08,2.9,"Basic room, clean but tiny. The host was very friendly."
3742,Manly,Shared room,164.73,2.8,A bit outdated but very affordable and cozy.
3743,Newtown,Private room,173.69,2.9,"A lovely, quiet neighborhood perfect for families. Close to the beach."
3744,Darlinghurst,Private room,320.35,2.6,"Very noisy and bustling, great for nightlife but hard to sleep."
3745,Newtown,Shared room,485.79,2.6,Luxury villa with a pool and ocean views. Incredible experience.
3746,Darlinghurst,Private room,714.97,4.2,A bit outdated but very affordable and cozy.
3747,Darlinghurst,Private room,215.35,3.7,"Quiet and peaceful, the perfect romantic getaway."
3748,Darlinghurst,Private room,559.62,3.6,"Quiet and peaceful, the perfect romantic getaway."
3749,Surry Hills,Private room,230.79,3.9,A bit outdated but very affordable and cozy.
3750,Bondi,Entire home/apt,552.59,4.2,"A lovely, quiet neighborhood perfect for families. Close to the beach."
3751,Surry Hills,Private room,612.99,3.8,"Basic room, clean but tiny. The host was very friendly."
3752,Parramatta,Shared room,246.06,4.6,Extremely clean and modern apartment with high-speed wifi.
3753,Parramatta,Private room,212.62,2.8,"Quiet and peaceful, the perfect romantic getaway."
3754,Parramatta,Shared room,602.02,4.9,"Basic room, clean but tiny. The host was very friendly."
3755,Darlinghurst,Entire home/apt,484.93,4.4,"Basic room, clean but tiny. The host was very friendly."
3756,Newtown,Shared room,88.7,2.9,"A lovely, quiet neighborhood perfect for families. Close to the beach."
3757,Newtown,Entire home/apt,96.12,3.4,"Basic room, clean but tiny. The host was very friendly."
3758,Parramatta,Entire home/apt,342.76,4.6,"Very noisy and bustling, great for nightlife but hard to sleep."
3759,Darlinghurst,Entire home/apt,124.52,4.2,"A lovely, quiet neighborhood perfect for families. Close to the beach."
3760,Surry Hills,Private room,204.65,3.4,Luxury villa with a pool and ocean views. Incredible experience.
3761,Bondi,Entire home/apt,748.61,2.7,"Very noisy and bustling, great for nightlife but hard to sleep."
3762,Parramatta,Shared room,707.55,4.3,"A lovely, quiet neighborhood perfect for families. Close to the beach."
3763,Parramatta,Private room,311.07,2.6,"Very noisy and bustling, great for nightlife but hard to sleep."
3764,Bondi,Shared room,742.12,4.1,Luxury villa with a pool and ocean views. Incredible experience.
3765,Parramatta,Private room,614.58,2.7,"Basic room, clean but tiny. The host was very friendly."
3766,Parramatta,Private room,93.38,2.8,"Basic room, clean but tiny. The host was very friendly."
3767,Parramatta,Shared room,425.96,3.8,A bit outdated but very affordable and cozy.
3768,Darlinghurst,Private room,536.45,3.3,"Basic room, clean but tiny. The host was very friendly."
3769,Bondi,Private room,249.03,4.6,"Basic room, clean but tiny. The host was very friendly."
3770,Darlinghurst,Private room,365.28,3.8,"Very noisy and bustling, great for nightlife but hard to sleep."
3771,Newtown,Shared room,270.95,4.9,"Terrible experience, the place was dirty and loud."
3772,Manly,Entire home/apt,585.54,4.9,"Quiet and peaceful, the perfect romantic getaway."
3773,Surry Hills,Private room,420.31,3.1,Extremely clean and modern apartment with high-speed wifi.
3774,Newtown,Shared room,266.2,4.8,Luxury villa with a pool and ocean views. Incredible experience.
3775,Bondi,Shared room,139.29,2.7,A bit outdated but very affordable and cozy.
3776,Manly,Shared room,317.57,3.5,"Very noisy and bustling, great for nightlife but hard to sleep."
3777,Bondi,Entire home/apt,105.9,4.1,Extremely clean and modern apartment with high-speed wifi.
3778,Surry Hills,Entire home/apt,160.62,4.2,A bit outdated but very affordable and cozy.
3779,Newtown,Private room,770.49,4.0,"Terrible experience, the place was dirty and loud."
3780,Parramatta,Entire home/apt,720.36,4.0,"A lovely, quiet neighborhood perfect for families. Close to the beach."
3781,Manly,Shared room,248.77,4.4,Luxury villa with a pool and ocean views. Incredible experience.
3782,Bondi,Shared room,496.98,3.7,A bit outdated but very affordable and cozy.
3783,Manly,Private room,483.32,4.2,"Very noisy and bustling, great for nightlife but hard to sleep."
3784,Parramatta,Entire home/apt,714.71,2.8,"Very noisy and bustling, great for nightlife but hard to sleep."
3785,Bondi,Private room,785.0,3.6,"Quiet and peaceful, the perfect romantic getaway."
3786,Newtown,Shared room,795.75,2.6,A bit outdated but very affordable and cozy.
3787,Manly,Shared room,771.89,4.9,Luxury villa with a pool and ocean views. Incredible experience.
3788,Bondi,Private room,191.15,3.7,"Basic room, clean but tiny. The host was very friendly."
3789,Darlinghurst,Shared room,735.61,4.0,"Terrible experience, the place was dirty and loud."
3790,Newtown,Private room,291.59,3.0,Extremely clean and modern apartment with high-speed wifi.
3791,Darlinghurst,Entire home/apt,528.05,3.9,A bit outdated but very affordable and cozy.
3792,Manly,Entire home/apt,774.58,4.5,Extremely clean and modern apartment with high-speed wifi.
3793,Darlinghurst,Private room,113.44,3.0,A bit outdated but very affordable and cozy.
3794,Manly,Entire home/apt,472.53,2.6,Luxury villa with a pool and ocean views. Incredible experience.
3795,Parramatta,Private room,164.45,4.5,A bit outdated but very affordable and cozy.
3796,Parramatta,Shared room,438.64,2.8,A bit outdated but very affordable and cozy.
3797,Manly,Private room,224.96,4.1,"A lovely, quiet neighborhood perfect for families. Close to the beach."
3798,Parramatta,Shared room,98.66,2.7,"Quiet and peaceful, the perfect romantic getaway."
3799,Manly,Private room,209.75,2.5,Luxury villa with a pool and ocean views. Incredible experience.
3800,Bondi,Shared room,92.56,2.8,Extremely clean and modern apartment with high-speed wifi.
3801,Newtown,Shared room,289.41,3.8,"Quiet and peaceful, the perfect romantic getaway."
3802,Parramatta,Private room,416.6,4.6,"Basic room, clean but tiny. The host was very friendly."
3803,Darlinghurst,Private room,657.19,4.6,"Very noisy and bustling, great for nightlife but hard to sleep."
3804,Newtown,Private room,173.19,3.8,Luxury villa with a pool and ocean views. Incredible experience.
3805,Newtown,Shared room,390.2,3.1,"Quiet and peaceful, the perfect romantic getaway."
3806,Surry Hills,Private room,623.06,4.7,"A lovely, quiet neighborhood perfect for families. Close to the beach."
3807,Newtown,Entire home/apt,297.13,4.4,"Quiet and peaceful, the perfect romantic getaway."
3808,Surry Hills,Private room,352.85,5.0,A bit outdated but very affordable and cozy.
3809,Darlinghurst,Entire home/apt,402.54,4.3,"Quiet and peaceful, the perfect romantic getaway."
3810,Darlinghurst,Shared room,360.51,3.9,"Terrible experience, the place was dirty and loud."
3811,Darlinghurst,Shared room,513.77,4.8,Luxury villa with a pool and ocean views. Incredible experience.
3812,Bondi,Shared room,109.95,2.8,"Very noisy and bustling, great for nightlife but hard to sleep."
3813,Bondi,Shared room,757.99,4.6,"A lovely, quiet neighborhood perfect for families. Close to the beach."
3814,Bondi,Private room,145.65,4.0,A bit outdated but very affordable and cozy.
3815,Parramatta,Shared room,728.52,3.3,"Terrible experience, the place was dirty and loud."
3816,Newtown,Entire home/apt,191.56,3.9,Luxury villa with a pool and ocean views. Incredible experience.
3817,Surry Hills,Shared room,217.95,4.3,"Terrible experience, the place was dirty and loud."
3818,Bondi,Private room,733.47,4.9,Extremely clean and modern apartment with high-speed wifi.
3819,Bondi,Entire home/apt,269.79,2.5,"Basic room, clean but tiny. The host was very friendly."
3820,Manly,Private room,541.94,4.2,"Basic room, clean but tiny. The host was very friendly."
3821,Surry Hills,Shared room,524.2,3.7,"A lovely, quiet neighborhood perfect for families. Close to the beach."
3822,Parramatta,Entire home/apt,468.51,3.2,"Basic room, clean but tiny. The host was very friendly."
3823,Darlinghurst,Entire home/apt,770.89,4.4,A bit outdated but very affordable and cozy.
3824,Darlinghurst,Private room,312.32,5.0,"Terrible experience, the place was dirty and loud."
3825,Newtown,Shared room,93.39,2.9,Extremely clean and modern apartment with high-speed wifi.
3826,Bondi,Private room,213.85,4.6,"Terrible experience, the place was dirty and loud."
3827,Bondi,Private room,735.37,5.0,Luxury villa with a pool and ocean views. Incredible experience.
3828,Newtown,Private room,461.4,4.2,"A lovely, quiet neighborhood perfect for families. Close to the beach."
3829,Surry Hills,Entire home/apt,301.58,3.3,"A lovely, quiet neighborhood perfect for families. Close to the beach."
3830,Parramatta,Private room,555.96,3.3,A bit outdated but very affordable and cozy.
3831,Manly,Entire home/apt,271.46,4.4,"Very noisy and bustling, great for nightlife but hard to sleep."
3832,Parramatta,Entire home/apt,127.07,3.0,Extremely clean and modern apartment with high-speed wifi.
3833,Surry Hills,Shared room,600.84,3.2,Luxury villa with a pool and ocean views. Incredible experience.
3834,Newtown,Shared room,630.0,4.8,A bit outdated but very affordable and cozy.
3835,Parramatta,Shared room,416.44,2.9,"Quiet and peaceful, the perfect romantic getaway."
3836,Bondi,Private room,544.64,2.7,"Basic room, clean but tiny. The host was very friendly."
3837,Darlinghurst,Shared room,605.0,3.9,"Quiet and peaceful, the perfect romantic getaway."
3838,Parramatta,Private room,75.17,4.4,"Basic room, clean but tiny. The host was very friendly."
3839,Newtown,Shared room,182.96,3.0,"Quiet and peaceful, the perfect romantic getaway."
3840,Parramatta,Entire home/apt,518.5,4.2,"Very noisy and bustling, great for nightlife but hard to sleep."
3841,Newtown,Private room,681.99,3.3,"A lovely, quiet neighborhood perfect for families. Close to the beach."
3842,Manly,Entire home/apt,307.35,2.6,"A lovely, quiet neighborhood perfect for families. Close to the beach."
3843,Darlinghurst,Shared room,80.56,4.4,"A lovely, quiet neighborhood perfect for families. Close to the beach."
3844,Manly,Shared room,266.37,4.3,"Terrible experience, the place was dirty and loud."
3845,Bondi,Shared room,264.28,3.4,"Very noisy and bustling, great for nightlife but hard to sleep."
3846,Bondi,Shared room,606.62,4.5,"A lovely, quiet neighborhood perfect for families. Close to the beach."
3847,Newtown,Entire home/apt,261.89,4.0,"A lovely, quiet neighborhood perfect for families. Close to the beach."
3848,Surry Hills,Shared room,645.27,4.1,Extremely clean and modern apartment with high-speed wifi.
3849,Darlinghurst,Entire home/apt,618.05,3.6,"Basic room, clean but tiny. The host was very friendly."
3850,Surry Hills,Shared room,659.64,4.0,"Basic room, clean but tiny. The host was very friendly."
3851,Surry Hills,Entire home/apt,296.73,2.5,"Very noisy and bustling, great for nightlife but hard to sleep."
3852,Manly,Shared room,719.33,3.1,"Quiet and peaceful, the perfect romantic getaway."
3853,Bondi,Private room,646.43,4.6,"A lovely, quiet neighborhood perfect for families. Close to the beach."
3854,Newtown,Private room,303.46,4.0,"Basic room, clean but tiny. The host was very friendly."
3855,Newtown,Entire home/apt,482.06,3.3,"Very noisy and bustling, great for nightlife but hard to sleep."
3856,Darlinghurst,Entire home/apt,797.57,3.0,"Quiet and peaceful, the perfect romantic getaway."
3857,Parramatta,Entire home/apt,104.21,4.0,"Terrible experience, the place was dirty and loud."
3858,Manly,Shared room,127.98,4.7,Extremely clean and modern apartment with high-speed wifi.
3859,Parramatta,Shared room,748.83,4.5,"Quiet and peaceful, the perfect romantic getaway."
3860,Surry Hills,Shared room,347.53,4.2,Extremely clean and modern apartment with high-speed wifi.
3861,Manly,Entire home/apt,156.15,3.2,"A lovely, quiet neighborhood perfect for families. Close to the beach."
3862,Darlinghurst,Private room,102.13,3.4,"Very noisy and bustling, great for nightlife but hard to sleep."
3863,Darlinghurst,Private room,770.08,2.7,"Very noisy and bustling, great for nightlife but hard to sleep."
3864,Newtown,Private room,97.92,4.0,"Terrible experience, the place was dirty and loud."
3865,Newtown,Entire home/apt,765.24,3.5,A bit outdated but very affordable and cozy.
3866,Bondi,Shared room,212.0,2.5,"Very noisy and bustling, great for nightlife but hard to sleep."
3867,Darlinghurst,Shared room,511.85,4.6,"A lovely, quiet neighborhood perfect for families. Close to the beach."
3868,Newtown,Entire home/apt,326.02,4.7,Extremely clean and modern apartment with high-speed wifi.
3869,Manly,Entire home/apt,84.3,3.2,"Quiet and peaceful, the perfect romantic getaway."
3870,Darlinghurst,Entire home/apt,393.98,4.6,"Quiet and peaceful, the perfect romantic getaway."
3871,Darlinghurst,Shared room,267.94,4.0,"Very noisy and bustling, great for nightlife but hard to sleep."
3872,Parramatta,Entire home/apt,291.03,4.9,A bit outdated but very affordable and cozy.
3873,Surry Hills,Private room,746.12,4.3,Extremely clean and modern apartment with high-speed wifi.
3874,Bondi,Entire home/apt,135.71,3.2,"A lovely, quiet neighborhood perfect for families. Close to the beach."
3875,Manly,Entire home/apt,481.1,4.7,Extremely clean and modern apartment with high-speed wifi.
3876,Darlinghurst,Entire home/apt,280.03,3.6,Luxury villa with a pool and ocean views. Incredible experience.
3877,Newtown,Shared room,251.57,4.8,"Quiet and peaceful, the perfect romantic getaway."
3878,Newtown,Shared room,369.35,4.6,"Very noisy and bustling, great for nightlife but hard to sleep."
3879,Parramatta,Private room,691.46,4.2,"Quiet and peaceful, the perfect romantic getaway."
3880,Darlinghurst,Entire home/apt,698.93,4.1,"A lovely, quiet neighborhood perfect for families. Close to the beach."
3881,Darlinghurst,Shared room,140.91,4.9,Extremely clean and modern apartment with high-speed wifi.
3882,Newtown,Entire home/apt,152.44,5.0,Extremely clean and modern apartment with high-speed wifi.
3883,Bondi,Private room,341.51,3.1,Luxury villa with a pool and ocean views. Incredible experience.
3884,Darlinghurst,Entire home/apt,209.58,4.3,"Terrible experience, the place was dirty and loud."
3885,Parramatta,Entire home/apt,595.47,3.4,"Quiet and peaceful, the perfect romantic getaway."
3886,Parramatta,Shared room,357.69,3.0,Luxury villa with a pool and ocean views. Incredible experience.
3887,Newtown,Entire home/apt,734.9,3.7,"Terrible experience, the place was dirty and loud."
3888,Surry Hills,Shared room,466.26,3.7,"Basic room, clean but tiny. The host was very friendly."
3889,Manly,Entire home/apt,656.44,3.1,"Quiet and peaceful, the perfect romantic getaway."
3890,Newtown,Private room,499.88,4.4,A bit outdated but very affordable and cozy.
3891,Newtown,Shared room,253.68,3.7,A bit outdated but very affordable and cozy.
3892,Darlinghurst,Shared room,157.82,4.8,Luxury villa with a pool and ocean views. Incredible experience.
3893,Bondi,Shared room,684.02,3.9,A bit outdated but very affordable and cozy.
3894,Newtown,Private room,89.17,3.1,Extremely clean and modern apartment with high-speed wifi.
3895,Bondi,Shared room,178.07,3.2,"Terrible experience, the place was dirty and loud."
3896,Newtown,Entire home/apt,54.15,3.2,Luxury villa with a pool and ocean views. Incredible experience.
3897,Bondi,Private room,58.86,3.3,"Quiet and peaceful, the perfect romantic getaway."
3898,Bondi,Private room,514.36,2.9,Luxury villa with a pool and ocean views. Incredible experience.
3899,Darlinghurst,Entire home/apt,148.61,2.6,A bit outdated but very affordable and cozy.
3900,Surry Hills,Entire home/apt,177.48,3.3,"Quiet and peaceful, the perfect romantic getaway."
3901,Parramatta,Shared room,363.98,4.8,"Quiet and peaceful, the perfect romantic getaway."
3902,Parramatta,Shared room,469.71,4.3,"Quiet and peaceful, the perfect romantic getaway."
3903,Surry Hills,Shared room,572.35,4.6,"Terrible experience, the place was dirty and loud."
3904,Newtown,Shared room,402.42,3.8,"Terrible experience, the place was dirty and loud."
3905,Bondi,Shared room,565.16,3.3,"Very noisy and bustling, great for nightlife but hard to sleep."
3906,Parramatta,Entire home/apt,125.37,4.2,A bit outdated but very affordable and cozy.
3907,Manly,Entire home/apt,337.76,4.0,"A lovely, quiet neighborhood perfect for families. Close to the beach."
3908,Surry Hills,Shared room,104.22,3.7,Luxury villa with a pool and ocean views. Incredible experience.
3909,Darlinghurst,Private room,107.6,3.5,Luxury villa with a pool and ocean views. Incredible experience.
3910,Bondi,Shared room,89.83,4.4,Luxury villa with a pool and ocean views. Incredible experience.
3911,Surry Hills,Entire home/apt,306.37,3.8,"Basic room, clean but tiny. The host was very friendly."
3912,Bondi,Entire home/apt,229.23,2.8,Luxury villa with a pool and ocean views. Incredible experience.
3913,Surry Hills,Private room,147.64,2.5,"Terrible experience, the place was dirty and loud."
3914,Bondi,Private room,707.81,4.9,"Basic room, clean but tiny. The host was very friendly."
3915,Manly,Private room,602.18,3.4,"Terrible experience, the place was dirty and loud."
3916,Parramatta,Private room,289.06,3.9,Extremely clean and modern apartment with high-speed wifi.
3917,Parramatta,Private room,762.91,4.8,"Quiet and peaceful, the perfect romantic getaway."
3918,Darlinghurst,Shared room,80.97,4.1,"Terrible experience, the place was dirty and loud."
3919,Bondi,Private room,465.09,4.4,"Very noisy and bustling, great for nightlife but hard to sleep."
3920,Newtown,Shared room,199.39,3.5,Luxury villa with a pool and ocean views. Incredible experience.
3921,Parramatta,Shared room,73.67,4.3,"Terrible experience, the place was dirty and loud."
3922,Surry Hills,Shared room,794.61,3.5,"Quiet and peaceful, the perfect romantic getaway."
3923,Surry Hills,Private room,374.48,3.9,A bit outdated but very affordable and cozy.
3924,Darlinghurst,Private room,89.02,3.2,"Terrible experience, the place was dirty and loud."
3925,Newtown,Private room,729.74,4.6,"Quiet and peaceful, the perfect romantic getaway."
3926,Bondi,Shared room,205.51,3.0,Luxury villa with a pool and ocean views. Incredible experience.
3927,Parramatta,Entire home/apt,201.23,4.0,Luxury villa with a pool and ocean views. Incredible experience.
3928,Parramatta,Private room,560.26,3.3,"Basic room, clean but tiny. The host was very friendly."
3929,Parramatta,Shared room,776.03,4.9,Luxury villa with a pool and ocean views. Incredible experience.
3930,Manly,Entire home/apt,332.89,4.4,"A lovely, quiet neighborhood perfect for families. Close to the beach."
3931,Darlinghurst,Entire home/apt,705.82,2.8,Luxury villa with a pool and ocean views. Incredible experience.
3932,Bondi,Private room,494.92,4.4,"A lovely, quiet neighborhood perfect for families. Close to the beach."
3933,Surry Hills,Entire home/apt,96.71,4.9,"Quiet and peaceful, the perfect romantic getaway."
3934,Parramatta,Entire home/apt,606.44,4.6,A bit outdated but very affordable and cozy.
3935,Darlinghurst,Entire home/apt,612.07,4.1,Extremely clean and modern apartment with high-speed wifi.
3936,Darlinghurst,Private room,703.08,2.8,Extremely clean and modern apartment with high-speed wifi.
3937,Darlinghurst,Entire home/apt,563.21,3.5,Extremely clean and modern apartment with high-speed wifi.
3938,Manly,Shared room,192.98,2.5,Extremely clean and modern apartment with high-speed wifi.
3939,Surry Hills,Private room,199.52,3.3,"Terrible experience, the place was dirty and loud."
3940,Newtown,Entire home/apt,156.08,3.6,"Basic room, clean but tiny. The host was very friendly."
3941,Darlinghurst,Private room,395.98,4.8,Luxury villa with a pool and ocean views. Incredible experience.
3942,Surry Hills,Entire home/apt,486.26,2.5,Luxury villa with a pool and ocean views. Incredible experience.
3943,Parramatta,Private room,740.76,3.1,"Terrible experience, the place was dirty and loud."
3944,Darlinghurst,Entire home/apt,176.88,3.4,"Quiet and peaceful, the perfect romantic getaway."
3945,Bondi,Shared room,394.04,4.1,"Basic room, clean but tiny. The host was very friendly."
3946,Parramatta,Entire home/apt,673.16,3.3,Extremely clean and modern apartment with high-speed wifi.
3947,Bondi,Shared room,161.05,4.4,Luxury villa with a pool and ocean views. Incredible experience.
3948,Surry Hills,Entire home/apt,181.07,4.8,"Basic room, clean but tiny. The host was very friendly."
3949,Darlinghurst,Private room,417.54,3.3,"A lovely, quiet neighborhood perfect for families. Close to the beach."
3950,Manly,Entire home/apt,794.71,3.9,Luxury villa with a pool and ocean views. Incredible experience.
3951,Parramatta,Shared room,552.09,3.7,"Quiet and peaceful, the perfect romantic getaway."
3952,Darlinghurst,Shared room,411.59,5.0,"Quiet and peaceful, the perfect romantic getaway."
3953,Manly,Entire home/apt,249.03,4.5,Extremely clean and modern apartment with high-speed wifi.
3954,Manly,Shared room,363.98,4.0,"Quiet and peaceful, the perfect romantic getaway."
3955,Newtown,Entire home/apt,747.12,3.8,Extremely clean and modern apartment with high-speed wifi.
3956,Bondi,Private room,767.02,3.2,"Basic room, clean but tiny. The host was very friendly."
3957,Bondi,Private room,345.44,4.2,"Basic room, clean but tiny. The host was very friendly."
3958,Manly,Private room,581.06,4.5,"Quiet and peaceful, the perfect romantic getaway."
3959,Newtown,Entire home/apt,544.23,2.9,"Quiet and peaceful, the perfect romantic getaway."
3960,Surry Hills,Entire home/apt,640.62,4.0,"Very noisy and bustling, great for nightlife but hard to sleep."
3961,Bondi,Shared room,527.47,3.9,"Basic room, clean but tiny. The host was very friendly."
3962,Bondi,Entire home/apt,72.3,3.6,"Quiet and peaceful, the perfect romantic getaway."
3963,Surry Hills,Private room,432.76,2.8,"Very noisy and bustling, great for nightlife but hard to sleep."
3964,Surry Hills,Entire home/apt,628.51,3.1,"Terrible experience, the place was dirty and loud."
3965,Bondi,Private room,434.01,4.6,"Very noisy and bustling, great for nightlife but hard to sleep."
3966,Newtown,Entire home/apt,679.19,3.1,"A lovely, quiet neighborhood perfect for families. Close to the beach."
3967,Manly,Shared room,653.84,4.3,A bit outdated but very affordable and cozy.
3968,Bondi,Entire home/apt,324.77,4.1,"Terrible experience, the place was dirty and loud."
3969,Surry Hills,Entire home/apt,405.64,2.7,"A lovely, quiet neighborhood perfect for families. Close to the beach."
3970,Surry Hills,Private room,780.41,3.5,Luxury villa with a pool and ocean views. Incredible experience.
3971,Newtown,Private room,337.7,3.6,Luxury villa with a pool and ocean views. Incredible experience.
3972,Parramatta,Entire home/apt,102.83,4.8,Luxury villa with a pool and ocean views. Incredible experience.
3973,Bondi,Entire home/apt,105.26,4.8,"Basic room, clean but tiny. The host was very friendly."
3974,Parramatta,Private room,354.01,4.6,"Basic room, clean but tiny. The host was very friendly."
3975,Surry Hills,Private room,294.96,4.3,A bit outdated but very affordable and cozy.
3976,Surry Hills,Private room,387.84,2.7,Luxury villa with a pool and ocean views. Incredible experience.
3977,Darlinghurst,Entire home/apt,778.75,4.0,"Quiet and peaceful, the perfect romantic getaway."
3978,Surry Hills,Shared room,586.75,4.5,"Terrible experience, the place was dirty and loud."
3979,Surry Hills,Entire home/apt,240.09,4.0,"Very noisy and bustling, great for nightlife but hard to sleep."
3980,Bondi,Shared room,139.26,3.4,"Basic room, clean but tiny. The host was very friendly."
3981,Parramatta,Shared room,383.15,2.9,"Quiet and peaceful, the perfect romantic getaway."
3982,Newtown,Shared room,240.81,3.6,Extremely clean and modern apartment with high-speed wifi.
3983,Newtown,Entire home/apt,700.68,3.3,"Basic room, clean but tiny. The host was very friendly."
3984,Bondi,Private room,172.22,4.1,"Basic room, clean but tiny. The host was very friendly."
3985,Surry Hills,Shared room,575.04,3.2,Extremely clean and modern apartment with high-speed wifi.
3986,Darlinghurst,Private room,53.57,4.4,"A lovely, quiet neighborhood perfect for families. Close to the beach."
3987,Parramatta,Shared room,524.69,2.9,"Terrible experience, the place was dirty and loud."
3988,Newtown,Shared room,271.67,2.6,"Terrible experience, the place was dirty and loud."
3989,Darlinghurst,Shared room,555.78,4.3,Extremely clean and modern apartment with high-speed wifi.
3990,Parramatta,Entire home/apt,302.35,4.1,Extremely clean and modern apartment with high-speed wifi.
3991,Surry Hills,Private room,498.61,3.5,"Terrible experience, the place was dirty and loud."
3992,Surry Hills,Shared room,267.72,4.4,Luxury villa with a pool and ocean views. Incredible experience.
3993,Parramatta,Private room,727.38,4.9,A bit outdated but very affordable and cozy.
3994,Parramatta,Entire home/apt,455.34,4.5,A bit outdated but very affordable and cozy.
3995,Bondi,Private room,286.4,3.6,Extremely clean and modern apartment with high-speed wifi.
3996,Newtown,Private room,536.81,4.9,"Basic room, clean but tiny. The host was very friendly."
3997,Manly,Private room,309.28,3.9,"Terrible experience, the place was dirty and loud."
3998,Parramatta,Entire home/apt,72.9,2.6,Luxury villa with a pool and ocean views. Incredible experience.
3999,Parramatta,Shared room,192.47,3.9,Luxury villa with a pool and ocean views. Incredible experience.
4000,Parramatta,Private room,506.69,3.5,"Terrible experience, the place was dirty and loud."
4001,Surry Hills,Entire home/apt,593.76,4.4,"A lovely, quiet neighborhood perfect for families. Close to the beach."
4002,Surry Hills,Shared room,653.42,4.4,"Very noisy and bustling, great for nightlife but hard to sleep."
4003,Manly,Private room,67.43,3.7,"Quiet and peaceful, the perfect romantic getaway."
4004,Bondi,Entire home/apt,270.91,3.9,"Terrible experience, the place was dirty and loud."
4005,Newtown,Private room,317.23,3.1,"Basic room, clean but tiny. The host was very friendly."
4006,Surry Hills,Shared room,383.01,4.9,Extremely clean and modern apartment with high-speed wifi.
4007,Manly,Shared room,414.65,4.7,"Terrible experience, the place was dirty and loud."
4008,Newtown,Private room,282.9,2.7,"Very noisy and bustling, great for nightlife but hard to sleep."
4009,Manly,Shared room,311.32,3.1,"Terrible experience, the place was dirty and loud."
4010,Manly,Entire home/apt,544.85,5.0,Luxury villa with a pool and ocean views. Incredible experience.
4011,Manly,Entire home/apt,142.03,4.8,"Terrible experience, the place was dirty and loud."
4012,Manly,Shared room,721.54,3.1,"A lovely, quiet neighborhood perfect for families. Close to the beach."
4013,Darlinghurst,Private room,744.33,4.6,A bit outdated but very affordable and cozy.
4014,Parramatta,Private room,235.84,3.3,A bit outdated but very affordable and cozy.
4015,Surry Hills,Entire home/apt,200.05,3.7,Luxury villa with a pool and ocean views. Incredible experience.
4016,Bondi,Private room,669.79,4.2,A bit outdated but very affordable and cozy.
4017,Surry Hills,Shared room,292.5,3.4,Extremely clean and modern apartment with high-speed wifi.
4018,Darlinghurst,Private room,762.8,4.9,"Terrible experience, the place was dirty and loud."
4019,Newtown,Entire home/apt,172.25,3.4,A bit outdated but very affordable and cozy.
4020,Bondi,Entire home/apt,247.57,2.9,"Quiet and peaceful, the perfect romantic getaway."
4021,Bondi,Entire home/apt,514.03,3.1,"A lovely, quiet neighborhood perfect for families. Close to the beach."
4022,Newtown,Entire home/apt,468.89,3.8,"Very noisy and bustling, great for nightlife but hard to sleep."
4023,Parramatta,Private room,320.04,3.8,A bit outdated but very affordable and cozy.
4024,Darlinghurst,Private room,515.77,3.0,Extremely clean and modern apartment with high-speed wifi.
4025,Parramatta,Entire home/apt,434.68,3.4,"Very noisy and bustling, great for nightlife but hard to sleep."
4026,Newtown,Entire home/apt,319.35,3.4,"Very noisy and bustling, great for nightlife but hard to sleep."
4027,Parramatta,Entire home/apt,577.78,4.6,A bit outdated but very affordable and cozy.
4028,Manly,Shared room,599.93,3.0,"Very noisy and bustling, great for nightlife but hard to sleep."
4029,Manly,Entire home/apt,128.57,4.2,A bit outdated but very affordable and cozy.
4030,Parramatta,Private room,282.19,4.4,"Terrible experience, the place was dirty and loud."
4031,Newtown,Shared room,405.28,3.7,Luxury villa with a pool and ocean views. Incredible experience.
4032,Newtown,Entire home/apt,597.41,3.5,"Basic room, clean but tiny. The host was very friendly."
4033,Manly,Shared room,174.72,4.2,"Very noisy and bustling, great for nightlife but hard to sleep."
4034,Darlinghurst,Private room,369.88,4.4,"Very noisy and bustling, great for nightlife but hard to sleep."
4035,Newtown,Entire home/apt,65.66,3.1,"A lovely, quiet neighborhood perfect for families. Close to the beach."
4036,Manly,Shared room,714.99,4.5,"Quiet and peaceful, the perfect romantic getaway."
4037,Manly,Entire home/apt,643.51,3.5,"Quiet and peaceful, the perfect romantic getaway."
4038,Bondi,Shared room,309.8,3.2,"Terrible experience, the place was dirty and loud."
4039,Bondi,Entire home/apt,710.51,3.2,"Very noisy and bustling, great for nightlife but hard to sleep."
4040,Darlinghurst,Entire home/apt,151.06,4.0,"Quiet and peaceful, the perfect romantic getaway."
4041,Newtown,Shared room,289.39,4.8,"A lovely, quiet neighborhood perfect for families. Close to the beach."
4042,Surry Hills,Entire home/apt,779.23,3.4,"A lovely, quiet neighborhood perfect for families. Close to the beach."
4043,Surry Hills,Private room,565.42,3.1,A bit outdated but very affordable and cozy.
4044,Surry Hills,Private room,247.15,4.2,"Very noisy and bustling, great for nightlife but hard to sleep."
4045,Parramatta,Entire home/apt,180.07,4.4,A bit outdated but very affordable and cozy.
4046,Darlinghurst,Entire home/apt,126.93,3.8,Luxury villa with a pool and ocean views. Incredible experience.
4047,Surry Hills,Entire home/apt,768.06,4.1,"Very noisy and bustling, great for nightlife but hard to sleep."
4048,Manly,Entire home/apt,211.73,4.4,Extremely clean and modern apartment with high-speed wifi.
4049,Bondi,Entire home/apt,397.36,3.7,"Very noisy and bustling, great for nightlife but hard to sleep."
4050,Parramatta,Private room,498.57,4.7,"Quiet and peaceful, the perfect romantic getaway."
4051,Newtown,Private room,277.27,2.7,"Basic room, clean but tiny. The host was very friendly."
4052,Parramatta,Shared room,153.69,4.7,Luxury villa with a pool and ocean views. Incredible experience.
4053,Surry Hills,Shared room,497.78,3.8,A bit outdated but very affordable and cozy.
4054,Bondi,Shared room,518.55,2.8,"Terrible experience, the place was dirty and loud."
4055,Darlinghurst,Entire home/apt,683.66,3.5,"Quiet and peaceful, the perfect romantic getaway."
4056,Surry Hills,Entire home/apt,160.34,3.9,"Basic room, clean but tiny. The host was very friendly."
4057,Surry Hills,Private room,249.74,4.6,"Quiet and peaceful, the perfect romantic getaway."
4058,Surry Hills,Private room,520.39,3.2,"Basic room, clean but tiny. The host was very friendly."
4059,Newtown,Shared room,195.66,2.6,"A lovely, quiet neighborhood perfect for families. Close to the beach."
4060,Bondi,Shared room,591.55,3.1,"Basic room, clean but tiny. The host was very friendly."
4061,Bondi,Shared room,260.14,2.5,"Basic room, clean but tiny. The host was very friendly."
4062,Newtown,Shared room,775.0,4.0,Extremely clean and modern apartment with high-speed wifi.
4063,Manly,Private room,731.86,4.5,Extremely clean and modern apartment with high-speed wifi.
4064,Surry Hills,Shared room,242.96,3.8,Luxury villa with a pool and ocean views. Incredible experience.
4065,Darlinghurst,Entire home/apt,566.66,4.5,Luxury villa with a pool and ocean views. Incredible experience.
4066,Surry Hills,Private room,475.29,2.5,Luxury villa with a pool and ocean views. Incredible experience.
4067,Surry Hills,Private room,128.38,4.4,"A lovely, quiet neighborhood perfect for families. Close to the beach."
4068,Surry Hills,Entire home/apt,227.27,3.3,A bit outdated but very affordable and cozy.
4069,Parramatta,Entire home/apt,787.86,3.1,A bit outdated but very affordable and cozy.
4070,Darlinghurst,Private room,543.12,3.0,A bit outdated but very affordable and cozy.
4071,Newtown,Shared room,676.87,3.9,A bit outdated but very affordable and cozy.
4072,Bondi,Shared room,221.69,4.3,"A lovely, quiet neighborhood perfect for families. Close to the beach."
4073,Newtown,Shared room,784.27,2.5,"Quiet and peaceful, the perfect romantic getaway."
4074,Darlinghurst,Shared room,434.53,4.2,"A lovely, quiet neighborhood perfect for families. Close to the beach."
4075,Darlinghurst,Private room,729.52,3.3,"Basic room, clean but tiny. The host was very friendly."
4076,Newtown,Entire home/apt,330.62,4.8,"Very noisy and bustling, great for nightlife but hard to sleep."
4077,Parramatta,Private room,201.87,3.1,"Very noisy and bustling, great for nightlife but hard to sleep."
4078,Bondi,Entire home/apt,660.14,3.4,"Quiet and peaceful, the perfect romantic getaway."
4079,Parramatta,Entire home/apt,736.03,3.0,A bit outdated but very affordable and cozy.
4080,Surry Hills,Private room,432.79,4.8,"A lovely, quiet neighborhood perfect for families. Close to the beach."
4081,Manly,Entire home/apt,321.32,2.8,"Quiet and peaceful, the perfect romantic getaway."
4082,Darlinghurst,Private room,154.89,4.7,"A lovely, quiet neighborhood perfect for families. Close to the beach."
4083,Bondi,Entire home/apt,390.25,4.5,"Terrible experience, the place was dirty and loud."
4084,Manly,Private room,56.49,4.3,"Quiet and peaceful, the perfect romantic getaway."
4085,Bondi,Private room,419.76,4.5,"Basic room, clean but tiny. The host was very friendly."
4086,Manly,Private room,186.15,4.0,"Terrible experience, the place was dirty and loud."
4087,Newtown,Shared room,132.12,3.1,Luxury villa with a pool and ocean views. Incredible experience.
4088,Manly,Shared room,222.93,4.1,Luxury villa with a pool and ocean views. Incredible experience.
4089,Surry Hills,Private room,60.39,3.7,"Basic room, clean but tiny. The host was very friendly."
4090,Surry Hills,Shared room,302.62,4.4,A bit outdated but very affordable and cozy.
4091,Surry Hills,Private room,79.88,4.7,"Terrible experience, the place was dirty and loud."
4092,Bondi,Private room,516.49,4.7,"Basic room, clean but tiny. The host was very friendly."
4093,Surry Hills,Shared room,376.99,3.0,"A lovely, quiet neighborhood perfect for families. Close to the beach."
4094,Parramatta,Shared room,678.9,3.5,"Quiet and peaceful, the perfect romantic getaway."
4095,Surry Hills,Shared room,531.59,4.1,A bit outdated but very affordable and cozy.
4096,Darlinghurst,Entire home/apt,499.97,2.6,"Very noisy and bustling, great for nightlife but hard to sleep."
4097,Bondi,Entire home/apt,591.08,4.2,"Very noisy and bustling, great for nightlife but hard to sleep."
4098,Manly,Private room,658.26,3.8,"Quiet and peaceful, the perfect romantic getaway."
4099,Bondi,Private room,528.83,3.9,"Very noisy and bustling, great for nightlife but hard to sleep."
4100,Darlinghurst,Shared room,638.88,3.0,"Quiet and peaceful, the perfect romantic getaway."
4101,Surry Hills,Private room,560.38,4.8,"Quiet and peaceful, the perfect romantic getaway."
4102,Darlinghurst,Private room,508.77,4.3,"A lovely, quiet neighborhood perfect for families. Close to the beach."
4103,Newtown,Shared room,315.99,3.5,Extremely clean and modern apartment with high-speed wifi.
4104,Bondi,Shared room,95.55,4.1,"A lovely, quiet neighborhood perfect for families. Close to the beach."
4105,Parramatta,Entire home/apt,140.99,2.8,Extremely clean and modern apartment with high-speed wifi.
4106,Darlinghurst,Entire home/apt,693.55,4.9,"Terrible experience, the place was dirty and loud."
4107,Bondi,Private room,204.65,3.5,Extremely clean and modern apartment with high-speed wifi.
4108,Bondi,Shared room,157.59,3.4,Luxury villa with a pool and ocean views. Incredible experience.
4109,Newtown,Entire home/apt,593.47,3.5,"Very noisy and bustling, great for nightlife but hard to sleep."
4110,Bondi,Shared room,334.22,4.9,Extremely clean and modern apartment with high-speed wifi.
4111,Newtown,Shared room,555.78,3.7,Extremely clean and modern apartment with high-speed wifi.
4112,Bondi,Entire home/apt,464.76,3.9,"Quiet and peaceful, the perfect romantic getaway."
4113,Surry Hills,Shared room,298.13,4.0,"Basic room, clean but tiny. The host was very friendly."
4114,Newtown,Entire home/apt,630.1,2.8,"Basic room, clean but tiny. The host was very friendly."
4115,Newtown,Entire home/apt,206.76,2.8,"Quiet and peaceful, the perfect romantic getaway."
4116,Newtown,Shared room,155.15,3.5,"Basic room, clean but tiny. The host was very friendly."
4117,Bondi,Private room,725.97,3.6,A bit outdated but very affordable and cozy.
4118,Surry Hills,Private room,313.93,4.8,"A lovely, quiet neighborhood perfect for families. Close to the beach."
4119,Bondi,Shared room,514.16,2.9,"Quiet and peaceful, the perfect romantic getaway."
4120,Darlinghurst,Shared room,163.22,2.6,Luxury villa with a pool and ocean views. Incredible experience.
4121,Parramatta,Entire home/apt,434.06,3.0,"Basic room, clean but tiny. The host was very friendly."
4122,Surry Hills,Private room,242.43,2.7,A bit outdated but very affordable and cozy.
4123,Newtown,Private room,360.09,4.2,"Terrible experience, the place was dirty and loud."
4124,Bondi,Private room,283.28,3.4,"Quiet and peaceful, the perfect romantic getaway."
4125,Parramatta,Private room,234.66,2.6,A bit outdated but very affordable and cozy.
4126,Surry Hills,Private room,643.32,2.9,"Terrible experience, the place was dirty and loud."
4127,Darlinghurst,Entire home/apt,449.08,3.7,"A lovely, quiet neighborhood perfect for families. Close to the beach."
4128,Darlinghurst,Shared room,267.19,3.3,Luxury villa with a pool and ocean views. Incredible experience.
4129,Newtown,Shared room,676.43,3.2,"A lovely, quiet neighborhood perfect for families. Close to the beach."
4130,Darlinghurst,Shared room,196.48,4.3,A bit outdated but very affordable and cozy.
4131,Newtown,Shared room,727.94,4.6,"A lovely, quiet neighborhood perfect for families. Close to the beach."
4132,Surry Hills,Private room,180.36,3.1,Extremely clean and modern apartment with high-speed wifi.
4133,Surry Hills,Entire home/apt,230.03,3.5,"A lovely, quiet neighborhood perfect for families. Close to the beach."
4134,Manly,Private room,541.7,3.8,Luxury villa with a pool and ocean views. Incredible experience.
4135,Bondi,Shared room,694.88,4.6,"Basic room, clean but tiny. The host was very friendly."
4136,Newtown,Entire home/apt,701.38,2.6,"Very noisy and bustling, great for nightlife but hard to sleep."
4137,Manly,Entire home/apt,210.5,3.9,"Basic room, clean but tiny. The host was very friendly."
4138,Darlinghurst,Private room,86.68,2.8,"Terrible experience, the place was dirty and loud."
4139,Newtown,Shared room,514.97,4.6,"Very noisy and bustling, great for nightlife but hard to sleep."
4140,Newtown,Private room,128.07,4.2,Extremely clean and modern apartment with high-speed wifi.
4141,Bondi,Entire home/apt,87.42,4.5,Luxury villa with a pool and ocean views. Incredible experience.
4142,Manly,Entire home/apt,597.16,4.2,"Basic room, clean but tiny. The host was very friendly."
4143,Parramatta,Shared room,408.41,4.7,"Basic room, clean but tiny. The host was very friendly."
4144,Newtown,Private room,659.52,3.6,"Terrible experience, the place was dirty and loud."
4145,Parramatta,Shared room,557.01,4.7,"A lovely, quiet neighborhood perfect for families. Close to the beach."
4146,Darlinghurst,Private room,269.46,3.7,Luxury villa with a pool and ocean views. Incredible experience.
4147,Newtown,Entire home/apt,746.76,2.5,Luxury villa with a pool and ocean views. Incredible experience.
4148,Newtown,Shared room,194.58,3.0,"Very noisy and bustling, great for nightlife but hard to sleep."
4149,Manly,Private room,459.15,3.8,Extremely clean and modern apartment with high-speed wifi.
4150,Surry Hills,Private room,99.15,3.8,"Basic room, clean but tiny. The host was very friendly."
4151,Parramatta,Private room,570.82,3.1,Luxury villa with a pool and ocean views. Incredible experience.
4152,Darlinghurst,Private room,542.27,3.7,"Quiet and peaceful, the perfect romantic getaway."
4153,Darlinghurst,Private room,788.35,4.8,"Basic room, clean but tiny. The host was very friendly."
4154,Manly,Private room,445.69,4.7,"A lovely, quiet neighborhood perfect for families. Close to the beach."
4155,Manly,Shared room,177.6,3.5,"A lovely, quiet neighborhood perfect for families. Close to the beach."
4156,Parramatta,Entire home/apt,687.96,3.8,A bit outdated but very affordable and cozy.
4157,Bondi,Private room,544.91,4.1,"A lovely, quiet neighborhood perfect for families. Close to the beach."
4158,Manly,Shared room,748.85,4.7,Luxury villa with a pool and ocean views. Incredible experience.
4159,Bondi,Shared room,398.66,4.2,"A lovely, quiet neighborhood perfect for families. Close to the beach."
4160,Darlinghurst,Entire home/apt,244.71,2.8,"Terrible experience, the place was dirty and loud."
4161,Bondi,Private room,432.73,4.6,"Quiet and peaceful, the perfect romantic getaway."
4162,Parramatta,Shared room,553.09,4.0,Luxury villa with a pool and ocean views. Incredible experience.
4163,Parramatta,Shared room,519.69,2.6,Extremely clean and modern apartment with high-speed wifi.
4164,Bondi,Entire home/apt,419.13,4.3,"Basic room, clean but tiny. The host was very friendly."
4165,Parramatta,Private room,473.7,4.9,"A lovely, quiet neighborhood perfect for families. Close to the beach."
4166,Manly,Entire home/apt,234.86,3.2,Extremely clean and modern apartment with high-speed wifi.
4167,Newtown,Private room,429.62,3.8,"Terrible experience, the place was dirty and loud."
4168,Manly,Private room,256.19,3.4,Luxury villa with a pool and ocean views. Incredible experience.
4169,Surry Hills,Shared room,431.41,4.2,Extremely clean and modern apartment with high-speed wifi.
4170,Manly,Private room,78.58,4.9,"Terrible experience, the place was dirty and loud."
4171,Manly,Private room,489.04,4.7,Extremely clean and modern apartment with high-speed wifi.
4172,Manly,Shared room,523.83,4.0,"Basic room, clean but tiny. The host was very friendly."
4173,Bondi,Shared room,746.83,3.9,"Basic room, clean but tiny. The host was very friendly."
4174,Newtown,Private room,591.81,4.9,Extremely clean and modern apartment with high-speed wifi.
4175,Bondi,Private room,255.29,4.2,A bit outdated but very affordable and cozy.
4176,Manly,Shared room,608.65,4.4,A bit outdated but very affordable and cozy.
4177,Manly,Private room,646.9,4.1,"Very noisy and bustling, great for nightlife but hard to sleep."
4178,Darlinghurst,Private room,396.62,4.4,"Basic room, clean but tiny. The host was very friendly."
4179,Manly,Shared room,782.04,4.0,Extremely clean and modern apartment with high-speed wifi.
4180,Darlinghurst,Entire home/apt,344.1,3.9,"Basic room, clean but tiny. The host was very friendly."
4181,Bondi,Shared room,172.33,2.7,Extremely clean and modern apartment with high-speed wifi.
4182,Parramatta,Entire home/apt,150.97,4.3,"Quiet and peaceful, the perfect romantic getaway."
4183,Darlinghurst,Shared room,635.11,3.1,"Very noisy and bustling, great for nightlife but hard to sleep."
4184,Darlinghurst,Shared room,453.38,2.6,"Basic room, clean but tiny. The host was very friendly."
4185,Parramatta,Entire home/apt,540.2,3.7,Extremely clean and modern apartment with high-speed wifi.
4186,Surry Hills,Shared room,106.51,3.2,"Very noisy and bustling, great for nightlife but hard to sleep."
4187,Darlinghurst,Private room,273.4,3.4,A bit outdated but very affordable and cozy.
4188,Surry Hills,Entire home/apt,69.82,4.7,A bit outdated but very affordable and cozy.
4189,Newtown,Shared room,480.73,4.3,"Quiet and peaceful, the perfect romantic getaway."
4190,Parramatta,Entire home/apt,768.38,2.8,Extremely clean and modern apartment with high-speed wifi.
4191,Surry Hills,Private room,549.56,4.1,"Quiet and peaceful, the perfect romantic getaway."
4192,Parramatta,Shared room,533.12,3.8,"Very noisy and bustling, great for nightlife but hard to sleep."
4193,Bondi,Shared room,637.3,2.6,"Quiet and peaceful, the perfect romantic getaway."
4194,Darlinghurst,Private room,276.53,4.2,"Very noisy and bustling, great for nightlife but hard to sleep."
4195,Parramatta,Private room,256.96,3.6,"Very noisy and bustling, great for nightlife but hard to sleep."
4196,Newtown,Shared room,314.37,3.1,"Basic room, clean but tiny. The host was very friendly."
4197,Parramatta,Private room,451.48,4.5,"Very noisy and bustling, great for nightlife but hard to sleep."
4198,Surry Hills,Shared room,501.96,4.8,A bit outdated but very affordable and cozy.
4199,Newtown,Entire home/apt,682.52,4.3,"Basic room, clean but tiny. The host was very friendly."
4200,Darlinghurst,Private room,762.95,2.5,"Terrible experience, the place was dirty and loud."
4201,Parramatta,Shared room,338.28,3.3,"Quiet and peaceful, the perfect romantic getaway."
4202,Parramatta,Private room,274.97,4.1,"Terrible experience, the place was dirty and loud."
4203,Newtown,Private room,246.26,4.7,"Terrible experience, the place was dirty and loud."
4204,Parramatta,Private room,124.73,4.7,Extremely clean and modern apartment with high-speed wifi.
4205,Parramatta,Shared room,415.61,4.3,"Basic room, clean but tiny. The host was very friendly."
4206,Darlinghurst,Shared room,679.26,2.8,Extremely clean and modern apartment with high-speed wifi.
4207,Surry Hills,Entire home/apt,520.76,3.5,"Basic room, clean but tiny. The host was very friendly."
4208,Manly,Shared room,247.72,3.2,"Quiet and peaceful, the perfect romantic getaway."
4209,Bondi,Shared room,727.06,3.3,"Basic room, clean but tiny. The host was very friendly."
4210,Bondi,Shared room,791.02,4.5,"Terrible experience, the place was dirty and loud."
4211,Newtown,Entire home/apt,624.0,3.0,"Basic room, clean but tiny. The host was very friendly."
4212,Surry Hills,Private room,386.41,3.1,"Quiet and peaceful, the perfect romantic getaway."
4213,Newtown,Entire home/apt,205.81,3.8,"A lovely, quiet neighborhood perfect for families. Close to the beach."
4214,Surry Hills,Private room,601.3,3.5,"Quiet and peaceful, the perfect romantic getaway."
4215,Newtown,Shared room,366.68,3.7,"Quiet and peaceful, the perfect romantic getaway."
4216,Darlinghurst,Private room,714.98,3.3,Luxury villa with a pool and ocean views. Incredible experience.
4217,Surry Hills,Entire home/apt,705.68,3.6,"Quiet and peaceful, the perfect romantic getaway."
4218,Newtown,Private room,344.84,4.2,"Quiet and peaceful, the perfect romantic getaway."
4219,Surry Hills,Private room,706.33,4.7,"Terrible experience, the place was dirty and loud."
4220,Newtown,Entire home/apt,698.25,3.1,Extremely clean and modern apartment with high-speed wifi.
4221,Newtown,Shared room,589.27,3.5,Luxury villa with a pool and ocean views. Incredible experience.
4222,Bondi,Entire home/apt,356.55,3.5,"A lovely, quiet neighborhood perfect for families. Close to the beach."
4223,Surry Hills,Private room,199.03,4.8,Luxury villa with a pool and ocean views. Incredible experience.
4224,Darlinghurst,Private room,572.67,4.3,"A lovely, quiet neighborhood perfect for families. Close to the beach."
4225,Parramatta,Entire home/apt,202.47,4.3,"Terrible experience, the place was dirty and loud."
4226,Darlinghurst,Entire home/apt,216.49,3.3,"Terrible experience, the place was dirty and loud."
4227,Darlinghurst,Private room,398.86,3.9,"Terrible experience, the place was dirty and loud."
4228,Surry Hills,Entire home/apt,162.59,5.0,Extremely clean and modern apartment with high-speed wifi.
4229,Bondi,Entire home/apt,681.55,5.0,A bit outdated but very affordable and cozy.
4230,Surry Hills,Private room,742.31,3.3,A bit outdated but very affordable and cozy.
4231,Parramatta,Entire home/apt,388.98,3.3,"Quiet and peaceful, the perfect romantic getaway."
4232,Manly,Entire home/apt,412.38,4.5,"A lovely, quiet neighborhood perfect for families. Close to the beach."
4233,Parramatta,Entire home/apt,372.34,4.5,"Quiet and peaceful, the perfect romantic getaway."
4234,Darlinghurst,Entire home/apt,717.2,2.6,A bit outdated but very affordable and cozy.
4235,Bondi,Shared room,746.21,3.2,"Quiet and peaceful, the perfect romantic getaway."
4236,Bondi,Shared room,550.2,3.0,"Very noisy and bustling, great for nightlife but hard to sleep."
4237,Darlinghurst,Shared room,683.28,4.5,"Very noisy and bustling, great for nightlife but hard to sleep."
4238,Surry Hills,Shared room,489.26,4.3,A bit outdated but very affordable and cozy.
4239,Surry Hills,Shared room,374.2,4.4,"Quiet and peaceful, the perfect romantic getaway."
4240,Darlinghurst,Shared room,461.47,2.9,"A lovely, quiet neighborhood perfect for families. Close to the beach."
4241,Bondi,Shared room,542.93,4.8,"A lovely, quiet neighborhood perfect for families. Close to the beach."
4242,Bondi,Entire home/apt,599.25,3.0,"Terrible experience, the place was dirty and loud."
4243,Darlinghurst,Private room,399.1,3.5,"Very noisy and bustling, great for nightlife but hard to sleep."
4244,Newtown,Entire home/apt,216.0,4.4,"Very noisy and bustling, great for nightlife but hard to sleep."
4245,Surry Hills,Entire home/apt,171.0,3.3,Extremely clean and modern apartment with high-speed wifi.
4246,Surry Hills,Entire home/apt,288.9,4.5,Luxury villa with a pool and ocean views. Incredible experience.
4247,Darlinghurst,Shared room,498.58,3.7,Extremely clean and modern apartment with high-speed wifi.
4248,Manly,Entire home/apt,434.79,2.6,"Terrible experience, the place was dirty and loud."
4249,Newtown,Entire home/apt,57.94,4.2,"Very noisy and bustling, great for nightlife but hard to sleep."
4250,Manly,Shared room,241.43,4.6,"Terrible experience, the place was dirty and loud."
4251,Bondi,Entire home/apt,619.14,3.0,"Quiet and peaceful, the perfect romantic getaway."
4252,Bondi,Shared room,269.61,2.7,Extremely clean and modern apartment with high-speed wifi.
4253,Surry Hills,Private room,118.21,3.8,"Basic room, clean but tiny. The host was very friendly."
4254,Bondi,Entire home/apt,319.5,4.7,"A lovely, quiet neighborhood perfect for families. Close to the beach."
4255,Manly,Shared room,68.94,3.1,A bit outdated but very affordable and cozy.
4256,Newtown,Entire home/apt,368.77,3.8,"Terrible experience, the place was dirty and loud."
4257,Manly,Shared room,479.39,3.4,Luxury villa with a pool and ocean views. Incredible experience.
4258,Manly,Entire home/apt,631.63,3.6,Extremely clean and modern apartment with high-speed wifi.
4259,Parramatta,Shared room,525.5,3.1,"Terrible experience, the place was dirty and loud."
4260,Parramatta,Shared room,54.33,3.9,A bit outdated but very affordable and cozy.
4261,Parramatta,Private room,211.54,4.7,Extremely clean and modern apartment with high-speed wifi.
4262,Manly,Private room,289.92,3.9,"Very noisy and bustling, great for nightlife but hard to sleep."
4263,Surry Hills,Private room,339.67,3.1,Luxury villa with a pool and ocean views. Incredible experience.
4264,Newtown,Entire home/apt,488.71,3.2,Luxury villa with a pool and ocean views. Incredible experience.
4265,Newtown,Entire home/apt,344.79,4.2,Luxury villa with a pool and ocean views. Incredible experience.
4266,Bondi,Private room,368.18,4.8,Luxury villa with a pool and ocean views. Incredible experience.
4267,Parramatta,Entire home/apt,666.18,3.6,"Quiet and peaceful, the perfect romantic getaway."
4268,Manly,Entire home/apt,411.92,4.6,"Terrible experience, the place was dirty and loud."
4269,Bondi,Private room,480.96,4.1,"Very noisy and bustling, great for nightlife but hard to sleep."
4270,Newtown,Shared room,794.91,4.0,Luxury villa with a pool and ocean views. Incredible experience.
4271,Parramatta,Entire home/apt,261.75,3.7,A bit outdated but very affordable and cozy.
4272,Newtown,Private room,646.84,4.8,"A lovely, quiet neighborhood perfect for families. Close to the beach."
4273,Parramatta,Shared room,189.44,2.7,A bit outdated but very affordable and cozy.
4274,Darlinghurst,Shared room,724.93,3.2,"Quiet and peaceful, the perfect romantic getaway."
4275,Manly,Shared room,720.18,2.5,Extremely clean and modern apartment with high-speed wifi.
4276,Manly,Private room,297.82,5.0,"A lovely, quiet neighborhood perfect for families. Close to the beach."
4277,Manly,Shared room,649.83,2.5,Luxury villa with a pool and ocean views. Incredible experience.
4278,Newtown,Shared room,138.7,4.5,"A lovely, quiet neighborhood perfect for families. Close to the beach."
4279,Darlinghurst,Entire home/apt,448.65,4.6,Luxury villa with a pool and ocean views. Incredible experience.
4280,Manly,Private room,622.92,3.9,"A lovely, quiet neighborhood perfect for families. Close to the beach."
4281,Bondi,Shared room,520.01,4.3,Extremely clean and modern apartment with high-speed wifi.
4282,Surry Hills,Private room,602.92,4.5,A bit outdated but very affordable and cozy.
4283,Bondi,Private room,311.02,3.2,Extremely clean and modern apartment with high-speed wifi.
4284,Manly,Shared room,579.71,4.0,A bit outdated but very affordable and cozy.
4285,Bondi,Shared room,216.38,3.1,"A lovely, quiet neighborhood perfect for families. Close to the beach."
4286,Surry Hills,Entire home/apt,584.34,4.8,A bit outdated but very affordable and cozy.
4287,Manly,Private room,740.91,3.4,"A lovely, quiet neighborhood perfect for families. Close to the beach."
4288,Bondi,Shared room,358.91,3.0,A bit outdated but very affordable and cozy.
4289,Manly,Shared room,763.95,3.3,"A lovely, quiet neighborhood perfect for families. Close to the beach."
4290,Manly,Entire home/apt,540.92,4.0,Extremely clean and modern apartment with high-speed wifi.
4291,Surry Hills,Entire home/apt,162.38,3.2,"Quiet and peaceful, the perfect romantic getaway."
4292,Parramatta,Entire home/apt,248.01,4.8,A bit outdated but very affordable and cozy.
4293,Manly,Private room,756.15,3.0,"Quiet and peaceful, the perfect romantic getaway."
4294,Manly,Entire home/apt,558.32,4.0,Luxury villa with a pool and ocean views. Incredible experience.
4295,Newtown,Entire home/apt,218.16,3.2,"Very noisy and bustling, great for nightlife but hard to sleep."
4296,Darlinghurst,Entire home/apt,666.76,2.7,"Very noisy and bustling, great for nightlife but hard to sleep."
4297,Manly,Private room,404.99,4.7,"Terrible experience, the place was dirty and loud."
4298,Darlinghurst,Entire home/apt,454.66,4.9,"Terrible experience, the place was dirty and loud."
4299,Surry Hills,Entire home/apt,665.56,3.3,"Terrible experience, the place was dirty and loud."
4300,Manly,Entire home/apt,720.79,4.4,A bit outdated but very affordable and cozy.
4301,Parramatta,Shared room,110.12,3.1,"A lovely, quiet neighborhood perfect for families. Close to the beach."
4302,Surry Hills,Shared room,366.23,3.3,"A lovely, quiet neighborhood perfect for families. Close to the beach."
4303,Parramatta,Entire home/apt,380.05,4.4,"Very noisy and bustling, great for nightlife but hard to sleep."
4304,Newtown,Private room,785.17,3.7,"Terrible experience, the place was dirty and loud."
4305,Bondi,Shared room,407.04,3.2,A bit outdated but very affordable and cozy.
4306,Manly,Private room,605.18,4.3,"Quiet and peaceful, the perfect romantic getaway."
4307,Newtown,Entire home/apt,85.63,3.3,"Terrible experience, the place was dirty and loud."
4308,Manly,Entire home/apt,684.49,3.3,A bit outdated but very affordable and cozy.
4309,Manly,Private room,783.74,3.9,"A lovely, quiet neighborhood perfect for families. Close to the beach."
4310,Newtown,Entire home/apt,639.41,2.8,"Basic room, clean but tiny. The host was very friendly."
4311,Manly,Entire home/apt,708.0,3.1,"Very noisy and bustling, great for nightlife but hard to sleep."
4312,Surry Hills,Private room,785.64,3.8,"Basic room, clean but tiny. The host was very friendly."
4313,Newtown,Shared room,193.51,4.9,"Very noisy and bustling, great for nightlife but hard to sleep."
4314,Surry Hills,Private room,490.82,3.9,Luxury villa with a pool and ocean views. Incredible experience.
4315,Manly,Entire home/apt,104.71,3.6,"Quiet and peaceful, the perfect romantic getaway."
4316,Surry Hills,Entire home/apt,751.05,4.9,"Terrible experience, the place was dirty and loud."
4317,Newtown,Shared room,476.63,3.5,"Basic room, clean but tiny. The host was very friendly."
4318,Manly,Private room,709.76,4.5,Extremely clean and modern apartment with high-speed wifi.
4319,Bondi,Shared room,448.68,3.2,"Basic room, clean but tiny. The host was very friendly."
4320,Newtown,Shared room,685.87,4.8,"Terrible experience, the place was dirty and loud."
4321,Manly,Private room,143.3,3.8,Luxury villa with a pool and ocean views. Incredible experience.
4322,Surry Hills,Entire home/apt,797.81,3.4,A bit outdated but very affordable and cozy.
4323,Newtown,Entire home/apt,578.87,3.6,Luxury villa with a pool and ocean views. Incredible experience.
4324,Bondi,Entire home/apt,694.42,5.0,Extremely clean and modern apartment with high-speed wifi.
4325,Bondi,Shared room,339.23,2.9,"Quiet and peaceful, the perfect romantic getaway."
4326,Darlinghurst,Entire home/apt,755.21,2.6,Luxury villa with a pool and ocean views. Incredible experience.
4327,Darlinghurst,Private room,606.69,3.1,"Quiet and peaceful, the perfect romantic getaway."
4328,Darlinghurst,Shared room,545.15,4.5,"A lovely, quiet neighborhood perfect for families. Close to the beach."
4329,Newtown,Entire home/apt,782.37,4.0,"Quiet and peaceful, the perfect romantic getaway."
4330,Bondi,Private room,768.99,3.0,"Very noisy and bustling, great for nightlife but hard to sleep."
4331,Parramatta,Entire home/apt,58.28,2.7,A bit outdated but very affordable and cozy.
4332,Darlinghurst,Private room,447.76,4.3,A bit outdated but very affordable and cozy.
4333,Surry Hills,Private room,339.33,4.0,"Terrible experience, the place was dirty and loud."
4334,Darlinghurst,Entire home/apt,572.02,4.4,Extremely clean and modern apartment with high-speed wifi.
4335,Manly,Entire home/apt,155.71,3.6,"Basic room, clean but tiny. The host was very friendly."
4336,Manly,Private room,406.1,2.5,A bit outdated but very affordable and cozy.
4337,Manly,Entire home/apt,631.22,3.8,A bit outdated but very affordable and cozy.
4338,Newtown,Private room,612.04,3.8,A bit outdated but very affordable and cozy.
4339,Bondi,Entire home/apt,68.41,3.3,A bit outdated but very affordable and cozy.
4340,Parramatta,Shared room,554.49,2.8,Extremely clean and modern apartment with high-speed wifi.
4341,Darlinghurst,Entire home/apt,708.51,2.5,Extremely clean and modern apartment with high-speed wifi.
4342,Manly,Private room,641.13,3.7,Luxury villa with a pool and ocean views. Incredible experience.
4343,Surry Hills,Entire home/apt,554.86,3.4,"A lovely, quiet neighborhood perfect for families. Close to the beach."
4344,Surry Hills,Shared room,588.7,3.6,"Terrible experience, the place was dirty and loud."
4345,Parramatta,Entire home/apt,66.37,3.6,Luxury villa with a pool and ocean views. Incredible experience.
4346,Newtown,Private room,746.46,3.5,"A lovely, quiet neighborhood perfect for families. Close to the beach."
4347,Bondi,Entire home/apt,693.64,3.1,A bit outdated but very affordable and cozy.
4348,Surry Hills,Private room,271.91,4.0,"Terrible experience, the place was dirty and loud."
4349,Parramatta,Shared room,710.69,4.4,Extremely clean and modern apartment with high-speed wifi.
4350,Parramatta,Entire home/apt,540.59,3.9,Luxury villa with a pool and ocean views. Incredible experience.
4351,Parramatta,Entire home/apt,378.5,4.2,"Terrible experience, the place was dirty and loud."
4352,Surry Hills,Private room,467.4,3.9,Extremely clean and modern apartment with high-speed wifi.
4353,Manly,Private room,450.06,3.1,"Quiet and peaceful, the perfect romantic getaway."
4354,Manly,Entire home/apt,544.32,5.0,A bit outdated but very affordable and cozy.
4355,Parramatta,Entire home/apt,595.58,4.9,Extremely clean and modern apartment with high-speed wifi.
4356,Newtown,Entire home/apt,460.56,4.2,Extremely clean and modern apartment with high-speed wifi.
4357,Manly,Shared room,282.29,2.8,"Terrible experience, the place was dirty and loud."
4358,Manly,Shared room,674.29,2.7,A bit outdated but very affordable and cozy.
4359,Manly,Shared room,672.59,4.4,"A lovely, quiet neighborhood perfect for families. Close to the beach."
4360,Darlinghurst,Shared room,394.77,4.1,Luxury villa with a pool and ocean views. Incredible experience.
4361,Darlinghurst,Entire home/apt,199.94,2.6,"Terrible experience, the place was dirty and loud."
4362,Parramatta,Entire home/apt,335.81,4.7,Luxury villa with a pool and ocean views. Incredible experience.
4363,Darlinghurst,Private room,127.22,2.8,Extremely clean and modern apartment with high-speed wifi.
4364,Darlinghurst,Entire home/apt,484.29,3.5,A bit outdated but very affordable and cozy.
4365,Darlinghurst,Entire home/apt,97.92,2.7,"Terrible experience, the place was dirty and loud."
4366,Newtown,Private room,420.16,3.1,A bit outdated but very affordable and cozy.
4367,Surry Hills,Entire home/apt,775.22,3.0,"Terrible experience, the place was dirty and loud."
4368,Newtown,Private room,322.07,3.5,"Terrible experience, the place was dirty and loud."
4369,Bondi,Entire home/apt,52.12,4.9,"Quiet and peaceful, the perfect romantic getaway."
4370,Bondi,Shared room,415.52,2.7,A bit outdated but very affordable and cozy.
4371,Manly,Shared room,296.88,3.6,"Basic room, clean but tiny. The host was very friendly."
4372,Bondi,Entire home/apt,586.78,3.4,"Basic room, clean but tiny. The host was very friendly."
4373,Newtown,Private room,658.88,4.3,Extremely clean and modern apartment with high-speed wifi.
4374,Darlinghurst,Shared room,171.47,4.9,"Quiet and peaceful, the perfect romantic getaway."
4375,Darlinghurst,Private room,219.99,4.4,"Very noisy and bustling, great for nightlife but hard to sleep."
4376,Surry Hills,Entire home/apt,436.45,2.8,Luxury villa with a pool and ocean views. Incredible experience.
4377,Surry Hills,Shared room,457.93,3.6,"A lovely, quiet neighborhood perfect for families. Close to the beach."
4378,Parramatta,Shared room,50.37,4.6,"Very noisy and bustling, great for nightlife but hard to sleep."
4379,Darlinghurst,Shared room,389.33,4.5,"Terrible experience, the place was dirty and loud."
4380,Bondi,Private room,111.14,4.1,A bit outdated but very affordable and cozy.
4381,Bondi,Private room,758.33,4.4,"Very noisy and bustling, great for nightlife but hard to sleep."
4382,Parramatta,Entire home/apt,497.13,4.5,Luxury villa with a pool and ocean views. Incredible experience.
4383,Newtown,Entire home/apt,247.51,3.6,A bit outdated but very affordable and cozy.
4384,Manly,Shared room,466.59,2.8,"Very noisy and bustling, great for nightlife but hard to sleep."
4385,Manly,Private room,195.94,3.4,"Basic room, clean but tiny. The host was very friendly."
4386,Parramatta,Private room,295.88,3.0,"Basic room, clean but tiny. The host was very friendly."
4387,Parramatta,Entire home/apt,451.1,3.2,A bit outdated but very affordable and cozy.
4388,Darlinghurst,Private room,258.72,3.3,"Very noisy and bustling, great for nightlife but hard to sleep."
4389,Bondi,Private room,768.86,4.6,A bit outdated but very affordable and cozy.
4390,Parramatta,Shared room,291.16,4.6,A bit outdated but very affordable and cozy.
4391,Bondi,Private room,58.88,4.9,"A lovely, quiet neighborhood perfect for families. Close to the beach."
4392,Bondi,Shared room,769.38,4.1,"Basic room, clean but tiny. The host was very friendly."
4393,Bondi,Private room,267.43,2.6,"Basic room, clean but tiny. The host was very friendly."
4394,Newtown,Entire home/apt,187.29,4.4,"Basic room, clean but tiny. The host was very friendly."
4395,Surry Hills,Private room,749.24,3.5,"Basic room, clean but tiny. The host was very friendly."
4396,Darlinghurst,Private room,376.11,2.9,"Terrible experience, the place was dirty and loud."
4397,Surry Hills,Entire home/apt,684.21,4.0,Luxury villa with a pool and ocean views. Incredible experience.
4398,Bondi,Entire home/apt,106.66,3.7,"Quiet and peaceful, the perfect romantic getaway."
4399,Bondi,Private room,715.62,3.6,"Very noisy and bustling, great for nightlife but hard to sleep."
4400,Parramatta,Entire home/apt,496.72,4.2,Extremely clean and modern apartment with high-speed wifi.
4401,Manly,Private room,568.01,5.0,"Very noisy and bustling, great for nightlife but hard to sleep."
4402,Bondi,Entire home/apt,499.54,4.4,Luxury villa with a pool and ocean views. Incredible experience.
4403,Newtown,Shared room,787.79,4.0,"Basic room, clean but tiny. The host was very friendly."
4404,Surry Hills,Entire home/apt,77.63,4.2,A bit outdated but very affordable and cozy.
4405,Parramatta,Entire home/apt,132.09,4.1,A bit outdated but very affordable and cozy.
4406,Bondi,Shared room,687.95,2.9,"Terrible experience, the place was dirty and loud."
4407,Parramatta,Shared room,165.29,4.4,"Terrible experience, the place was dirty and loud."
4408,Bondi,Shared room,489.92,4.8,"Quiet and peaceful, the perfect romantic getaway."
4409,Bondi,Private room,602.06,2.6,Luxury villa with a pool and ocean views. Incredible experience.
4410,Bondi,Private room,653.41,2.7,A bit outdated but very affordable and cozy.
4411,Parramatta,Shared room,278.74,3.8,Extremely clean and modern apartment with high-speed wifi.
4412,Surry Hills,Shared room,568.56,4.1,"Basic room, clean but tiny. The host was very friendly."
4413,Manly,Entire home/apt,64.39,4.0,"Very noisy and bustling, great for nightlife but hard to sleep."
4414,Bondi,Private room,358.18,2.9,Extremely clean and modern apartment with high-speed wifi.
4415,Bondi,Entire home/apt,404.08,3.1,"Very noisy and bustling, great for nightlife but hard to sleep."
4416,Bondi,Private room,126.38,3.2,"Quiet and peaceful, the perfect romantic getaway."
4417,Darlinghurst,Entire home/apt,221.79,4.8,A bit outdated but very affordable and cozy.
4418,Darlinghurst,Private room,321.9,5.0,Extremely clean and modern apartment with high-speed wifi.
4419,Parramatta,Entire home/apt,667.64,4.2,Extremely clean and modern apartment with high-speed wifi.
4420,Manly,Private room,689.44,4.9,Luxury villa with a pool and ocean views. Incredible experience.
4421,Darlinghurst,Entire home/apt,731.28,3.0,"Terrible experience, the place was dirty and loud."
4422,Parramatta,Shared room,363.77,3.4,"Terrible experience, the place was dirty and loud."
4423,Bondi,Entire home/apt,699.76,4.0,"Quiet and peaceful, the perfect romantic getaway."
4424,Newtown,Entire home/apt,149.36,4.1,"A lovely, quiet neighborhood perfect for families. Close to the beach."
4425,Newtown,Entire home/apt,336.29,3.1,"A lovely, quiet neighborhood perfect for families. Close to the beach."
4426,Darlinghurst,Private room,388.3,2.8,"Quiet and peaceful, the perfect romantic getaway."
4427,Bondi,Private room,338.31,3.5,Extremely clean and modern apartment with high-speed wifi.
4428,Surry Hills,Private room,350.18,4.3,"Very noisy and bustling, great for nightlife but hard to sleep."
4429,Surry Hills,Shared room,487.51,4.0,"Terrible experience, the place was dirty and loud."
4430,Surry Hills,Entire home/apt,369.06,4.9,Extremely clean and modern apartment with high-speed wifi.
4431,Surry Hills,Entire home/apt,677.56,5.0,"Quiet and peaceful, the perfect romantic getaway."
4432,Surry Hills,Shared room,491.36,2.8,Extremely clean and modern apartment with high-speed wifi.
4433,Surry Hills,Shared room,450.61,3.5,"Very noisy and bustling, great for nightlife but hard to sleep."
4434,Parramatta,Private room,300.75,3.8,"Terrible experience, the place was dirty and loud."
4435,Bondi,Private room,732.93,4.9,A bit outdated but very affordable and cozy.
4436,Manly,Private room,659.52,3.6,"Quiet and peaceful, the perfect romantic getaway."
4437,Newtown,Shared room,788.76,3.3,"Very noisy and bustling, great for nightlife but hard to sleep."
4438,Bondi,Private room,221.2,2.9,Luxury villa with a pool and ocean views. Incredible experience.
4439,Manly,Entire home/apt,764.31,4.7,Extremely clean and modern apartment with high-speed wifi.
4440,Bondi,Private room,380.23,4.0,Extremely clean and modern apartment with high-speed wifi.
4441,Manly,Private room,558.29,3.7,Extremely clean and modern apartment with high-speed wifi.
4442,Parramatta,Entire home/apt,449.74,2.6,"Basic room, clean but tiny. The host was very friendly."
4443,Newtown,Entire home/apt,473.16,3.7,"Terrible experience, the place was dirty and loud."
4444,Surry Hills,Shared room,542.05,4.4,"Basic room, clean but tiny. The host was very friendly."
4445,Darlinghurst,Private room,189.81,2.9,Luxury villa with a pool and ocean views. Incredible experience.
4446,Surry Hills,Entire home/apt,756.85,3.5,A bit outdated but very affordable and cozy.
4447,Manly,Entire home/apt,330.39,4.0,A bit outdated but very affordable and cozy.
4448,Newtown,Private room,649.9,2.7,A bit outdated but very affordable and cozy.
4449,Surry Hills,Private room,164.46,3.2,"Quiet and peaceful, the perfect romantic getaway."
4450,Bondi,Private room,564.19,3.7,Extremely clean and modern apartment with high-speed wifi.
4451,Parramatta,Private room,455.59,2.5,Luxury villa with a pool and ocean views. Incredible experience.
4452,Bondi,Shared room,342.26,4.8,"Terrible experience, the place was dirty and loud."
4453,Newtown,Private room,636.15,2.8,A bit outdated but very affordable and cozy.
4454,Surry Hills,Entire home/apt,66.0,2.7,"Terrible experience, the place was dirty and loud."
4455,Parramatta,Shared room,389.76,4.3,"Terrible experience, the place was dirty and loud."
4456,Darlinghurst,Entire home/apt,280.97,4.5,A bit outdated but very affordable and cozy.
4457,Surry Hills,Entire home/apt,394.79,4.5,"Very noisy and bustling, great for nightlife but hard to sleep."
4458,Bondi,Private room,684.81,5.0,"Quiet and peaceful, the perfect romantic getaway."
4459,Darlinghurst,Entire home/apt,660.66,3.4,"Quiet and peaceful, the perfect romantic getaway."
4460,Darlinghurst,Shared room,714.26,3.3,Extremely clean and modern apartment with high-speed wifi.
4461,Parramatta,Entire home/apt,762.45,4.7,"A lovely, quiet neighborhood perfect for families. Close to the beach."
4462,Manly,Shared room,285.54,2.7,"A lovely, quiet neighborhood perfect for families. Close to the beach."
4463,Bondi,Private room,323.36,4.6,"Very noisy and bustling, great for nightlife but hard to sleep."
4464,Newtown,Shared room,506.58,3.1,Extremely clean and modern apartment with high-speed wifi.
4465,Darlinghurst,Shared room,429.18,4.5,"Quiet and peaceful, the perfect romantic getaway."
4466,Surry Hills,Shared room,716.44,2.8,"Very noisy and bustling, great for nightlife but hard to sleep."
4467,Darlinghurst,Private room,575.94,3.1,"Very noisy and bustling, great for nightlife but hard to sleep."
4468,Parramatta,Private room,491.67,3.9,"Very noisy and bustling, great for nightlife but hard to sleep."
4469,Darlinghurst,Entire home/apt,76.99,2.7,"A lovely, quiet neighborhood perfect for families. Close to the beach."
4470,Parramatta,Shared room,608.06,3.8,"Quiet and peaceful, the perfect romantic getaway."
4471,Parramatta,Private room,237.08,4.1,"Quiet and peaceful, the perfect romantic getaway."
4472,Bondi,Private room,730.84,2.7,A bit outdated but very affordable and cozy.
4473,Bondi,Shared room,389.27,4.9,"A lovely, quiet neighborhood perfect for families. Close to the beach."
4474,Newtown,Private room,638.78,3.0,"Very noisy and bustling, great for nightlife but hard to sleep."
4475,Surry Hills,Shared room,722.1,4.7,"Quiet and peaceful, the perfect romantic getaway."
4476,Parramatta,Private room,658.42,5.0,Luxury villa with a pool and ocean views. Incredible experience.
4477,Parramatta,Shared room,463.64,3.1,"Quiet and peaceful, the perfect romantic getaway."
4478,Manly,Shared room,429.87,3.9,"Basic room, clean but tiny. The host was very friendly."
4479,Bondi,Entire home/apt,182.23,2.7,"Quiet and peaceful, the perfect romantic getaway."
4480,Newtown,Private room,786.06,4.9,A bit outdated but very affordable and cozy.
4481,Newtown,Entire home/apt,584.16,4.1,"A lovely, quiet neighborhood perfect for families. Close to the beach."
4482,Bondi,Private room,409.33,2.7,"Quiet and peaceful, the perfect romantic getaway."
4483,Parramatta,Entire home/apt,756.65,4.7,"A lovely, quiet neighborhood perfect for families. Close to the beach."
4484,Surry Hills,Shared room,610.1,4.2,"Quiet and peaceful, the perfect romantic getaway."
4485,Newtown,Entire home/apt,63.76,2.9,"Quiet and peaceful, the perfect romantic getaway."
4486,Parramatta,Shared room,730.22,2.6,Extremely clean and modern apartment with high-speed wifi.
4487,Manly,Entire home/apt,560.11,4.5,"Quiet and peaceful, the perfect romantic getaway."
4488,Surry Hills,Shared room,526.54,3.8,A bit outdated but very affordable and cozy.
4489,Darlinghurst,Entire home/apt,387.74,3.2,"A lovely, quiet neighborhood perfect for families. Close to the beach."
4490,Surry Hills,Private room,418.3,3.3,"Quiet and peaceful, the perfect romantic getaway."
4491,Bondi,Shared room,664.06,4.9,"A lovely, quiet neighborhood perfect for families. Close to the beach."
4492,Bondi,Entire home/apt,650.88,3.1,"Basic room, clean but tiny. The host was very friendly."
4493,Newtown,Private room,628.51,2.6,"Basic room, clean but tiny. The host was very friendly."
4494,Parramatta,Shared room,238.92,4.8,A bit outdated but very affordable and cozy.
4495,Darlinghurst,Entire home/apt,119.48,4.9,"Very noisy and bustling, great for nightlife but hard to sleep."
4496,Manly,Entire home/apt,608.58,4.4,Extremely clean and modern apartment with high-speed wifi.
4497,Darlinghurst,Private room,529.98,3.7,Extremely clean and modern apartment with high-speed wifi.
4498,Newtown,Entire home/apt,544.42,2.8,"Very noisy and bustling, great for nightlife but hard to sleep."
4499,Darlinghurst,Entire home/apt,328.68,2.7,"Very noisy and bustling, great for nightlife but hard to sleep."
4500,Surry Hills,Entire home/apt,211.57,2.8,"Very noisy and bustling, great for nightlife but hard to sleep."
4501,Bondi,Shared room,411.09,2.7,Luxury villa with a pool and ocean views. Incredible experience.
4502,Bondi,Entire home/apt,743.68,4.4,"Quiet and peaceful, the perfect romantic getaway."
4503,Bondi,Private room,419.1,3.7,A bit outdated but very affordable and cozy.
4504,Parramatta,Private room,261.78,2.6,Luxury villa with a pool and ocean views. Incredible experience.
4505,Bondi,Private room,625.5,2.8,"Very noisy and bustling, great for nightlife but hard to sleep."
4506,Newtown,Entire home/apt,177.53,3.9,Extremely clean and modern apartment with high-speed wifi.
4507,Surry Hills,Shared room,158.91,3.0,"Quiet and peaceful, the perfect romantic getaway."
4508,Darlinghurst,Private room,778.39,4.4,"Basic room, clean but tiny. The host was very friendly."
4509,Newtown,Entire home/apt,338.04,4.2,Luxury villa with a pool and ocean views. Incredible experience.
4510,Darlinghurst,Entire home/apt,441.05,3.8,"Terrible experience, the place was dirty and loud."
4511,Newtown,Entire home/apt,516.03,2.7,"A lovely, quiet neighborhood perfect for families. Close to the beach."
4512,Surry Hills,Shared room,619.12,3.4,"Terrible experience, the place was dirty and loud."
4513,Newtown,Shared room,517.66,3.0,"Quiet and peaceful, the perfect romantic getaway."
4514,Newtown,Shared room,263.4,2.9,"A lovely, quiet neighborhood perfect for families. Close to the beach."
4515,Newtown,Entire home/apt,103.3,2.6,"A lovely, quiet neighborhood perfect for families. Close to the beach."
4516,Parramatta,Private room,446.02,3.3,"A lovely, quiet neighborhood perfect for families. Close to the beach."
4517,Parramatta,Entire home/apt,294.09,2.6,Luxury villa with a pool and ocean views. Incredible experience.
4518,Bondi,Private room,785.54,4.7,"Basic room, clean but tiny. The host was very friendly."
4519,Bondi,Shared room,492.17,2.5,"Quiet and peaceful, the perfect romantic getaway."
4520,Newtown,Entire home/apt,726.59,4.4,A bit outdated but very affordable and cozy.
4521,Surry Hills,Shared room,744.05,3.8,"Very noisy and bustling, great for nightlife but hard to sleep."
4522,Parramatta,Private room,163.83,3.8,Luxury villa with a pool and ocean views. Incredible experience.
4523,Newtown,Entire home/apt,750.24,3.6,"A lovely, quiet neighborhood perfect for families. Close to the beach."
4524,Manly,Private room,149.91,3.8,"Quiet and peaceful, the perfect romantic getaway."
4525,Darlinghurst,Private room,657.04,3.6,"Basic room, clean but tiny. The host was very friendly."
4526,Manly,Shared room,202.14,3.4,Luxury villa with a pool and ocean views. Incredible experience.
4527,Manly,Shared room,164.85,2.9,Extremely clean and modern apartment with high-speed wifi.
4528,Darlinghurst,Shared room,483.69,3.3,"Basic room, clean but tiny. The host was very friendly."
4529,Bondi,Entire home/apt,457.71,3.0,Luxury villa with a pool and ocean views. Incredible experience.
4530,Manly,Shared room,765.06,2.8,"Quiet and peaceful, the perfect romantic getaway."
4531,Surry Hills,Entire home/apt,504.18,3.4,"Very noisy and bustling, great for nightlife but hard to sleep."
4532,Newtown,Shared room,705.56,4.9,"Terrible experience, the place was dirty and loud."
4533,Manly,Private room,288.08,3.2,"Quiet and peaceful, the perfect romantic getaway."
4534,Parramatta,Private room,197.4,2.6,"Basic room, clean but tiny. The host was very friendly."
4535,Surry Hills,Entire home/apt,145.38,2.9,A bit outdated but very affordable and cozy.
4536,Parramatta,Private room,235.99,4.5,"Very noisy and bustling, great for nightlife but hard to sleep."
4537,Parramatta,Entire home/apt,406.15,3.5,"Terrible experience, the place was dirty and loud."
4538,Bondi,Shared room,319.04,3.5,"Very noisy and bustling, great for nightlife but hard to sleep."
4539,Darlinghurst,Private room,686.42,3.3,"Basic room, clean but tiny. The host was very friendly."
4540,Manly,Shared room,94.71,4.6,"Quiet and peaceful, the perfect romantic getaway."
4541,Newtown,Entire home/apt,460.79,3.0,"Terrible experience, the place was dirty and loud."
4542,Bondi,Entire home/apt,519.39,3.8,"Quiet and peaceful, the perfect romantic getaway."
4543,Newtown,Shared room,733.81,2.6,"Very noisy and bustling, great for nightlife but hard to sleep."
4544,Parramatta,Shared room,669.2,4.3,"Terrible experience, the place was dirty and loud."
4545,Bondi,Shared room,145.41,2.8,"A lovely, quiet neighborhood perfect for families. Close to the beach."
4546,Surry Hills,Private room,359.18,2.9,"A lovely, quiet neighborhood perfect for families. Close to the beach."
4547,Surry Hills,Private room,319.84,3.5,Luxury villa with a pool and ocean views. Incredible experience.
4548,Bondi,Entire home/apt,55.06,3.4,A bit outdated but very affordable and cozy.
4549,Darlinghurst,Shared room,307.21,2.6,"A lovely, quiet neighborhood perfect for families. Close to the beach."
4550,Darlinghurst,Shared room,670.81,2.7,Extremely clean and modern apartment with high-speed wifi.
4551,Surry Hills,Entire home/apt,513.23,2.9,"Terrible experience, the place was dirty and loud."
4552,Parramatta,Shared room,322.07,3.1,"Quiet and peaceful, the perfect romantic getaway."
4553,Bondi,Shared room,448.01,3.2,Extremely clean and modern apartment with high-speed wifi.
4554,Surry Hills,Private room,419.91,2.9,"Quiet and peaceful, the perfect romantic getaway."
4555,Surry Hills,Shared room,768.37,2.8,"Basic room, clean but tiny. The host was very friendly."
4556,Newtown,Shared room,148.86,4.4,"Very noisy and bustling, great for nightlife but hard to sleep."
4557,Bondi,Shared room,536.64,3.7,"Basic room, clean but tiny. The host was very friendly."
4558,Parramatta,Entire home/apt,772.68,2.8,"A lovely, quiet neighborhood perfect for families. Close to the beach."
4559,Manly,Shared room,300.17,3.4,"Quiet and peaceful, the perfect romantic getaway."
4560,Bondi,Shared room,459.95,3.7,Luxury villa with a pool and ocean views. Incredible experience.
4561,Bondi,Entire home/apt,351.85,4.7,"Very noisy and bustling, great for nightlife but hard to sleep."
4562,Bondi,Shared room,490.37,3.9,"Basic room, clean but tiny. The host was very friendly."
4563,Bondi,Private room,302.51,3.3,"Terrible experience, the place was dirty and loud."
4564,Newtown,Shared room,487.68,3.3,"Terrible experience, the place was dirty and loud."
4565,Bondi,Shared room,134.03,4.1,A bit outdated but very affordable and cozy.
4566,Newtown,Entire home/apt,100.45,4.0,"Terrible experience, the place was dirty and loud."
4567,Manly,Private room,214.92,3.5,Extremely clean and modern apartment with high-speed wifi.
4568,Bondi,Shared room,485.64,4.7,Extremely clean and modern apartment with high-speed wifi.
4569,Darlinghurst,Private room,254.5,2.9,"Quiet and peaceful, the perfect romantic getaway."
4570,Parramatta,Entire home/apt,789.47,3.2,"Quiet and peaceful, the perfect romantic getaway."
4571,Surry Hills,Shared room,440.55,4.9,"Terrible experience, the place was dirty and loud."
4572,Parramatta,Shared room,89.87,3.3,Extremely clean and modern apartment with high-speed wifi.
4573,Bondi,Entire home/apt,258.99,3.0,"A lovely, quiet neighborhood perfect for families. Close to the beach."
4574,Darlinghurst,Private room,289.32,3.9,"Basic room, clean but tiny. The host was very friendly."
4575,Surry Hills,Entire home/apt,545.24,4.8,"Quiet and peaceful, the perfect romantic getaway."
4576,Newtown,Entire home/apt,523.08,3.4,"Terrible experience, the place was dirty and loud."
4577,Darlinghurst,Shared room,403.01,4.1,A bit outdated but very affordable and cozy.
4578,Bondi,Entire home/apt,211.6,3.4,"Quiet and peaceful, the perfect romantic getaway."
4579,Bondi,Private room,86.35,3.5,Luxury villa with a pool and ocean views. Incredible experience.
4580,Manly,Entire home/apt,478.5,4.5,Extremely clean and modern apartment with high-speed wifi.
4581,Parramatta,Shared room,99.25,2.6,"Terrible experience, the place was dirty and loud."
4582,Darlinghurst,Entire home/apt,252.12,4.0,"Basic room, clean but tiny. The host was very friendly."
4583,Manly,Private room,723.45,4.2,"Very noisy and bustling, great for nightlife but hard to sleep."
4584,Darlinghurst,Private room,143.12,3.6,"A lovely, quiet neighborhood perfect for families. Close to the beach."
4585,Bondi,Private room,101.41,3.5,A bit outdated but very affordable and cozy.
4586,Newtown,Private room,77.99,3.4,"Very noisy and bustling, great for nightlife but hard to sleep."
4587,Newtown,Private room,395.13,3.8,"Basic room, clean but tiny. The host was very friendly."
4588,Surry Hills,Entire home/apt,616.85,3.2,"A lovely, quiet neighborhood perfect for families. Close to the beach."
4589,Darlinghurst,Private room,133.95,4.8,"Quiet and peaceful, the perfect romantic getaway."
4590,Parramatta,Shared room,599.21,2.8,A bit outdated but very affordable and cozy.
4591,Bondi,Shared room,745.48,3.1,Extremely clean and modern apartment with high-speed wifi.
4592,Parramatta,Shared room,646.26,4.0,"A lovely, quiet neighborhood perfect for families. Close to the beach."
4593,Surry Hills,Shared room,249.67,5.0,"Very noisy and bustling, great for nightlife but hard to sleep."
4594,Surry Hills,Private room,599.6,2.5,"Basic room, clean but tiny. The host was very friendly."
4595,Newtown,Private room,149.4,4.8,"Quiet and peaceful, the perfect romantic getaway."
4596,Manly,Entire home/apt,254.42,2.5,Extremely clean and modern apartment with high-speed wifi.
4597,Newtown,Private room,546.3,3.8,A bit outdated but very affordable and cozy.
4598,Newtown,Private room,653.23,4.9,"Very noisy and bustling, great for nightlife but hard to sleep."
4599,Newtown,Private room,389.11,3.3,"Quiet and peaceful, the perfect romantic getaway."
4600,Darlinghurst,Private room,284.7,4.7,"Quiet and peaceful, the perfect romantic getaway."
4601,Parramatta,Entire home/apt,654.92,4.0,Extremely clean and modern apartment with high-speed wifi.
4602,Parramatta,Entire home/apt,193.25,3.5,Luxury villa with a pool and ocean views. Incredible experience.
4603,Manly,Shared room,348.36,4.1,"Terrible experience, the place was dirty and loud."
4604,Darlinghurst,Private room,799.96,2.8,"Quiet and peaceful, the perfect romantic getaway."
4605,Parramatta,Shared room,798.15,4.5,"Very noisy and bustling, great for nightlife but hard to sleep."
4606,Darlinghurst,Private room,734.68,3.7,"A lovely, quiet neighborhood perfect for families. Close to the beach."
4607,Bondi,Entire home/apt,465.01,5.0,"Very noisy and bustling, great for nightlife but hard to sleep."
4608,Darlinghurst,Shared room,657.25,3.6,A bit outdated but very affordable and cozy.
4609,Newtown,Private room,134.45,2.8,"Quiet and peaceful, the perfect romantic getaway."
4610,Surry Hills,Shared room,704.15,4.7,"Quiet and peaceful, the perfect romantic getaway."
4611,Newtown,Private room,282.29,4.0,Luxury villa with a pool and ocean views. Incredible experience.
4612,Parramatta,Shared room,792.31,3.1,"Terrible experience, the place was dirty and loud."
4613,Parramatta,Shared room,111.45,2.5,"Very noisy and bustling, great for nightlife but hard to sleep."
4614,Parramatta,Shared room,673.91,4.0,"Basic room, clean but tiny. The host was very friendly."
4615,Parramatta,Shared room,128.96,2.8,A bit outdated but very affordable and cozy.
4616,Surry Hills,Shared room,460.84,4.7,"Terrible experience, the place was dirty and loud."
4617,Surry Hills,Private room,532.5,4.6,Luxury villa with a pool and ocean views. Incredible experience.
4618,Newtown,Shared room,789.75,4.1,"Terrible experience, the place was dirty and loud."
4619,Manly,Private room,580.91,4.8,"A lovely, quiet neighborhood perfect for families. Close to the beach."
4620,Darlinghurst,Shared room,206.69,4.4,Extremely clean and modern apartment with high-speed wifi.
4621,Bondi,Private room,633.36,3.9,"A lovely, quiet neighborhood perfect for families. Close to the beach."
4622,Darlinghurst,Private room,624.78,4.0,Extremely clean and modern apartment with high-speed wifi.
4623,Newtown,Shared room,762.16,3.8,"Very noisy and bustling, great for nightlife but hard to sleep."
4624,Bondi,Entire home/apt,735.74,3.5,"A lovely, quiet neighborhood perfect for families. Close to the beach."
4625,Manly,Entire home/apt,758.14,2.8,"A lovely, quiet neighborhood perfect for families. Close to the beach."
4626,Newtown,Private room,476.49,5.0,"Very noisy and bustling, great for nightlife but hard to sleep."
4627,Darlinghurst,Private room,650.59,3.3,"A lovely, quiet neighborhood perfect for families. Close to the beach."
4628,Parramatta,Entire home/apt,488.05,2.8,"A lovely, quiet neighborhood perfect for families. Close to the beach."
4629,Manly,Shared room,765.07,4.3,"Very noisy and bustling, great for nightlife but hard to sleep."
4630,Parramatta,Shared room,80.84,4.4,"Basic room, clean but tiny. The host was very friendly."
4631,Surry Hills,Shared room,414.02,2.9,Luxury villa with a pool and ocean views. Incredible experience.
4632,Manly,Private room,168.94,4.2,Extremely clean and modern apartment with high-speed wifi.
4633,Manly,Shared room,450.54,4.1,Extremely clean and modern apartment with high-speed wifi.
4634,Manly,Shared room,238.61,2.6,Luxury villa with a pool and ocean views. Incredible experience.
4635,Darlinghurst,Shared room,218.74,4.4,"Very noisy and bustling, great for nightlife but hard to sleep."
4636,Newtown,Shared room,660.29,4.6,Extremely clean and modern apartment with high-speed wifi.
4637,Manly,Private room,510.0,3.4,"A lovely, quiet neighborhood perfect for families. Close to the beach."
4638,Darlinghurst,Private room,344.15,4.1,"Quiet and peaceful, the perfect romantic getaway."
4639,Parramatta,Entire home/apt,215.73,4.9,"Quiet and peaceful, the perfect romantic getaway."
4640,Parramatta,Entire home/apt,778.38,2.8,"Very noisy and bustling, great for nightlife but hard to sleep."
4641,Surry Hills,Entire home/apt,193.16,3.5,"Basic room, clean but tiny. The host was very friendly."
4642,Surry Hills,Entire home/apt,110.53,2.8,Extremely clean and modern apartment with high-speed wifi.
4643,Parramatta,Shared room,627.66,3.2,Extremely clean and modern apartment with high-speed wifi.
4644,Darlinghurst,Shared room,262.33,2.8,"Terrible experience, the place was dirty and loud."
4645,Surry Hills,Entire home/apt,605.59,3.4,"A lovely, quiet neighborhood perfect for families. Close to the beach."
4646,Parramatta,Entire home/apt,227.56,4.8,"Terrible experience, the place was dirty and loud."
4647,Darlinghurst,Entire home/apt,760.12,4.5,A bit outdated but very affordable and cozy.
4648,Darlinghurst,Shared room,598.04,4.6,"Terrible experience, the place was dirty and loud."
4649,Bondi,Private room,750.45,3.6,Luxury villa with a pool and ocean views. Incredible experience.
4650,Darlinghurst,Entire home/apt,652.11,3.3,"Very noisy and bustling, great for nightlife but hard to sleep."
4651,Bondi,Entire home/apt,642.84,2.5,"Quiet and peaceful, the perfect romantic getaway."
4652,Manly,Private room,612.18,3.3,Extremely clean and modern apartment with high-speed wifi.
4653,Darlinghurst,Entire home/apt,223.08,3.5,Luxury villa with a pool and ocean views. Incredible experience.
4654,Surry Hills,Entire home/apt,733.28,4.3,"Basic room, clean but tiny. The host was very friendly."
4655,Bondi,Private room,77.94,4.2,"Basic room, clean but tiny. The host was very friendly."
4656,Bondi,Shared room,281.61,4.2,Luxury villa with a pool and ocean views. Incredible experience.
4657,Newtown,Shared room,335.35,4.5,"Terrible experience, the place was dirty and loud."
4658,Bondi,Private room,626.7,3.8,A bit outdated but very affordable and cozy.
4659,Darlinghurst,Entire home/apt,648.7,3.5,A bit outdated but very affordable and cozy.
4660,Newtown,Entire home/apt,260.06,4.4,"Basic room, clean but tiny. The host was very friendly."
4661,Manly,Entire home/apt,73.93,4.8,"Terrible experience, the place was dirty and loud."
4662,Newtown,Entire home/apt,735.76,4.9,Luxury villa with a pool and ocean views. Incredible experience.
4663,Newtown,Shared room,530.42,3.1,Extremely clean and modern apartment with high-speed wifi.
4664,Manly,Shared room,61.19,3.9,"Terrible experience, the place was dirty and loud."
4665,Surry Hills,Shared room,134.48,4.5,"Basic room, clean but tiny. The host was very friendly."
4666,Surry Hills,Private room,250.14,4.5,"A lovely, quiet neighborhood perfect for families. Close to the beach."
4667,Darlinghurst,Shared room,261.24,3.5,"A lovely, quiet neighborhood perfect for families. Close to the beach."
4668,Parramatta,Shared room,154.1,3.0,"Quiet and peaceful, the perfect romantic getaway."
4669,Manly,Entire home/apt,328.37,3.4,"Basic room, clean but tiny. The host was very friendly."
4670,Newtown,Private room,402.71,4.7,"Quiet and peaceful, the perfect romantic getaway."
4671,Bondi,Private room,106.43,3.8,"Quiet and peaceful, the perfect romantic getaway."
4672,Darlinghurst,Shared room,169.39,3.1,"Basic room, clean but tiny. The host was very friendly."
4673,Darlinghurst,Private room,361.53,3.5,Luxury villa with a pool and ocean views. Incredible experience.
4674,Bondi,Shared room,255.4,4.5,"Quiet and peaceful, the perfect romantic getaway."
4675,Bondi,Private room,182.1,4.0,"Terrible experience, the place was dirty and loud."
4676,Surry Hills,Shared room,333.1,4.9,"A lovely, quiet neighborhood perfect for families. Close to the beach."
4677,Surry Hills,Entire home/apt,695.67,2.9,Luxury villa with a pool and ocean views. Incredible experience.
4678,Surry Hills,Entire home/apt,438.4,4.5,A bit outdated but very affordable and cozy.
4679,Darlinghurst,Private room,141.32,4.1,Extremely clean and modern apartment with high-speed wifi.
4680,Surry Hills,Private room,650.35,4.6,Luxury villa with a pool and ocean views. Incredible experience.
4681,Manly,Private room,219.19,4.1,"Basic room, clean but tiny. The host was very friendly."
4682,Surry Hills,Private room,253.43,2.7,A bit outdated but very affordable and cozy.
4683,Darlinghurst,Shared room,679.39,4.3,Luxury villa with a pool and ocean views. Incredible experience.
4684,Parramatta,Private room,238.57,3.1,"Very noisy and bustling, great for nightlife but hard to sleep."
4685,Parramatta,Private room,244.93,4.8,A bit outdated but very affordable and cozy.
4686,Surry Hills,Private room,189.14,4.7,A bit outdated but very affordable and cozy.
4687,Darlinghurst,Entire home/apt,618.86,3.7,"Terrible experience, the place was dirty and loud."
4688,Newtown,Shared room,313.6,2.8,"Very noisy and bustling, great for nightlife but hard to sleep."
4689,Parramatta,Private room,637.32,4.7,"Very noisy and bustling, great for nightlife but hard to sleep."
4690,Parramatta,Entire home/apt,661.85,2.5,A bit outdated but very affordable and cozy.
4691,Bondi,Private room,481.58,4.6,"Very noisy and bustling, great for nightlife but hard to sleep."
4692,Bondi,Private room,744.84,4.3,"Basic room, clean but tiny. The host was very friendly."
4693,Manly,Shared room,683.62,3.5,Luxury villa with a pool and ocean views. Incredible experience.
4694,Parramatta,Shared room,623.47,4.9,Luxury villa with a pool and ocean views. Incredible experience.
4695,Newtown,Private room,199.83,4.0,Luxury villa with a pool and ocean views. Incredible experience.
4696,Newtown,Shared room,423.94,4.3,Extremely clean and modern apartment with high-speed wifi.
4697,Darlinghurst,Entire home/apt,176.28,3.6,"A lovely, quiet neighborhood perfect for families. Close to the beach."
4698,Darlinghurst,Private room,773.01,4.5,Extremely clean and modern apartment with high-speed wifi.
4699,Darlinghurst,Shared room,607.84,4.5,Extremely clean and modern apartment with high-speed wifi.
4700,Bondi,Private room,740.42,3.9,"Terrible experience, the place was dirty and loud."
4701,Parramatta,Entire home/apt,533.4,4.9,Extremely clean and modern apartment with high-speed wifi.
4702,Newtown,Shared room,713.18,2.7,"Terrible experience, the place was dirty and loud."
4703,Manly,Entire home/apt,84.88,3.9,"A lovely, quiet neighborhood perfect for families. Close to the beach."
4704,Parramatta,Private room,766.71,3.1,"Very noisy and bustling, great for nightlife but hard to sleep."
4705,Bondi,Entire home/apt,477.2,4.5,A bit outdated but very affordable and cozy.
4706,Newtown,Private room,293.43,4.7,"Basic room, clean but tiny. The host was very friendly."
4707,Manly,Entire home/apt,395.48,3.6,"A lovely, quiet neighborhood perfect for families. Close to the beach."
4708,Manly,Shared room,231.59,3.3,"A lovely, quiet neighborhood perfect for families. Close to the beach."
4709,Newtown,Entire home/apt,339.12,3.9,"Quiet and peaceful, the perfect romantic getaway."
4710,Newtown,Entire home/apt,548.49,4.6,"Basic room, clean but tiny. The host was very friendly."
4711,Surry Hills,Entire home/apt,372.15,4.1,"Basic room, clean but tiny. The host was very friendly."
4712,Manly,Private room,777.12,4.8,Extremely clean and modern apartment with high-speed wifi.
4713,Parramatta,Private room,350.24,4.7,A bit outdated but very affordable and cozy.
4714,Surry Hills,Entire home/apt,686.45,4.9,"Basic room, clean but tiny. The host was very friendly."
4715,Bondi,Private room,747.12,4.6,"Terrible experience, the place was dirty and loud."
4716,Parramatta,Shared room,611.5,3.4,"Basic room, clean but tiny. The host was very friendly."
4717,Manly,Entire home/apt,350.94,4.2,"Very noisy and bustling, great for nightlife but hard to sleep."
4718,Manly,Entire home/apt,528.22,3.6,"Terrible experience, the place was dirty and loud."
4719,Parramatta,Entire home/apt,151.71,4.5,"A lovely, quiet neighborhood perfect for families. Close to the beach."
4720,Darlinghurst,Shared room,508.93,3.3,"Quiet and peaceful, the perfect romantic getaway."
4721,Manly,Entire home/apt,260.29,2.9,"Quiet and peaceful, the perfect romantic getaway."
4722,Bondi,Shared room,205.14,3.7,"Quiet and peaceful, the perfect romantic getaway."
4723,Surry Hills,Private room,334.09,4.7,"A lovely, quiet neighborhood perfect for families. Close to the beach."
4724,Bondi,Entire home/apt,512.23,4.3,"Very noisy and bustling, great for nightlife but hard to sleep."
4725,Darlinghurst,Private room,629.41,4.2,Luxury villa with a pool and ocean views. Incredible experience.
4726,Bondi,Shared room,697.97,4.1,"Quiet and peaceful, the perfect romantic getaway."
4727,Darlinghurst,Private room,542.39,3.5,"A lovely, quiet neighborhood perfect for families. Close to the beach."
4728,Darlinghurst,Private room,123.09,3.9,Luxury villa with a pool and ocean views. Incredible experience.
4729,Manly,Shared room,295.73,3.3,A bit outdated but very affordable and cozy.
4730,Darlinghurst,Private room,129.76,4.4,A bit outdated but very affordable and cozy.
4731,Darlinghurst,Private room,754.92,2.7,A bit outdated but very affordable and cozy.
4732,Newtown,Entire home/apt,121.96,2.6,"Basic room, clean but tiny. The host was very friendly."
4733,Parramatta,Entire home/apt,354.08,5.0,"Quiet and peaceful, the perfect romantic getaway."
4734,Surry Hills,Entire home/apt,605.32,3.2,A bit outdated but very affordable and cozy.
4735,Darlinghurst,Shared room,772.33,4.7,"A lovely, quiet neighborhood perfect for families. Close to the beach."
4736,Newtown,Shared room,792.02,3.6,"Terrible experience, the place was dirty and loud."
4737,Manly,Shared room,412.89,4.9,"Quiet and peaceful, the perfect romantic getaway."
4738,Darlinghurst,Shared room,638.83,3.0,Extremely clean and modern apartment with high-speed wifi.
4739,Manly,Shared room,67.8,4.8,Extremely clean and modern apartment with high-speed wifi.
4740,Newtown,Entire home/apt,486.4,3.2,"Terrible experience, the place was dirty and loud."
4741,Parramatta,Private room,65.53,3.1,"Basic room, clean but tiny. The host was very friendly."
4742,Darlinghurst,Private room,500.5,4.3,"Very noisy and bustling, great for nightlife but hard to sleep."
4743,Surry Hills,Shared room,649.85,4.3,"Terrible experience, the place was dirty and loud."
4744,Parramatta,Private room,100.08,3.6,Extremely clean and modern apartment with high-speed wifi.
4745,Surry Hills,Entire home/apt,84.82,4.7,"A lovely, quiet neighborhood perfect for families. Close to the beach."
4746,Manly,Shared room,291.26,3.9,"Quiet and peaceful, the perfect romantic getaway."
4747,Newtown,Shared room,102.92,4.9,"Very noisy and bustling, great for nightlife but hard to sleep."
4748,Manly,Shared room,679.15,3.7,"Terrible experience, the place was dirty and loud."
4749,Parramatta,Private room,572.84,3.1,"A lovely, quiet neighborhood perfect for families. Close to the beach."
4750,Bondi,Private room,101.11,3.1,"Terrible experience, the place was dirty and loud."
4751,Bondi,Shared room,94.53,4.4,"Terrible experience, the place was dirty and loud."
4752,Bondi,Private room,733.94,4.2,"Basic room, clean but tiny. The host was very friendly."
4753,Parramatta,Entire home/apt,747.43,3.9,Luxury villa with a pool and ocean views. Incredible experience.
4754,Parramatta,Private room,230.46,3.5,Extremely clean and modern apartment with high-speed wifi.
4755,Darlinghurst,Shared room,155.66,4.5,"A lovely, quiet neighborhood perfect for families. Close to the beach."
4756,Darlinghurst,Private room,579.28,4.0,Extremely clean and modern apartment with high-speed wifi.
4757,Manly,Shared room,755.39,2.8,Extremely clean and modern apartment with high-speed wifi.
4758,Bondi,Entire home/apt,230.42,3.8,A bit outdated but very affordable and cozy.
4759,Parramatta,Shared room,209.82,3.8,Extremely clean and modern apartment with high-speed wifi.
4760,Bondi,Shared room,215.99,4.8,"A lovely, quiet neighborhood perfect for families. Close to the beach."
4761,Newtown,Shared room,335.57,3.5,"Terrible experience, the place was dirty and loud."
4762,Surry Hills,Private room,484.61,4.7,"Quiet and peaceful, the perfect romantic getaway."
4763,Surry Hills,Private room,79.76,3.7,"Terrible experience, the place was dirty and loud."
4764,Newtown,Entire home/apt,220.86,4.2,"Basic room, clean but tiny. The host was very friendly."
4765,Surry Hills,Private room,171.67,2.5,Luxury villa with a pool and ocean views. Incredible experience.
4766,Parramatta,Private room,78.67,3.6,"Basic room, clean but tiny. The host was very friendly."
4767,Bondi,Shared room,775.8,2.7,"Very noisy and bustling, great for nightlife but hard to sleep."
4768,Surry Hills,Shared room,567.21,4.1,A bit outdated but very affordable and cozy.
4769,Parramatta,Private room,333.33,4.0,A bit outdated but very affordable and cozy.
4770,Newtown,Private room,249.88,3.8,"Very noisy and bustling, great for nightlife but hard to sleep."
4771,Newtown,Private room,461.0,3.4,"Terrible experience, the place was dirty and loud."
4772,Bondi,Shared room,637.04,4.4,"Very noisy and bustling, great for nightlife but hard to sleep."
4773,Surry Hills,Private room,339.54,3.7,"Very noisy and bustling, great for nightlife but hard to sleep."
4774,Parramatta,Shared room,207.92,3.7,"Quiet and peaceful, the perfect romantic getaway."
4775,Newtown,Entire home/apt,694.31,4.4,"Very noisy and bustling, great for nightlife but hard to sleep."
4776,Parramatta,Entire home/apt,212.53,4.4,"A lovely, quiet neighborhood perfect for families. Close to the beach."
4777,Darlinghurst,Private room,298.44,3.5,Luxury villa with a pool and ocean views. Incredible experience.
4778,Bondi,Entire home/apt,732.59,4.9,"Very noisy and bustling, great for nightlife but hard to sleep."
4779,Surry Hills,Shared room,279.15,3.1,"Quiet and peaceful, the perfect romantic getaway."
4780,Bondi,Private room,615.37,2.7,Extremely clean and modern apartment with high-speed wifi.
4781,Bondi,Entire home/apt,597.57,4.6,"Very noisy and bustling, great for nightlife but hard to sleep."
4782,Newtown,Private room,391.38,4.5,"Basic room, clean but tiny. The host was very friendly."
4783,Manly,Private room,762.09,3.6,"Quiet and peaceful, the perfect romantic getaway."
4784,Bondi,Private room,610.0,4.0,"Basic room, clean but tiny. The host was very friendly."
4785,Bondi,Private room,193.44,3.5,"Terrible experience, the place was dirty and loud."
4786,Parramatta,Shared room,220.93,3.9,"Quiet and peaceful, the perfect romantic getaway."
4787,Newtown,Private room,99.59,3.3,Luxury villa with a pool and ocean views. Incredible experience.
4788,Bondi,Private room,404.22,3.9,Luxury villa with a pool and ocean views. Incredible experience.
4789,Darlinghurst,Entire home/apt,202.65,4.7,"A lovely, quiet neighborhood perfect for families. Close to the beach."
4790,Newtown,Private room,638.29,3.0,A bit outdated but very affordable and cozy.
4791,Newtown,Shared room,651.11,3.9,"Very noisy and bustling, great for nightlife but hard to sleep."
4792,Manly,Private room,307.36,4.6,"Quiet and peaceful, the perfect romantic getaway."
4793,Manly,Entire home/apt,702.69,2.6,"A lovely, quiet neighborhood perfect for families. Close to the beach."
4794,Darlinghurst,Shared room,783.2,4.6,"Basic room, clean but tiny. The host was very friendly."
4795,Surry Hills,Private room,718.07,3.4,"Basic room, clean but tiny. The host was very friendly."
4796,Bondi,Private room,414.2,3.9,A bit outdated but very affordable and cozy.
4797,Parramatta,Private room,716.32,3.4,Luxury villa with a pool and ocean views. Incredible experience.
4798,Surry Hills,Private room,660.57,4.0,Luxury villa with a pool and ocean views. Incredible experience.
4799,Newtown,Private room,325.58,4.0,"Very noisy and bustling, great for nightlife but hard to sleep."
4800,Parramatta,Entire home/apt,528.6,4.1,"Quiet and peaceful, the perfect romantic getaway."
4801,Darlinghurst,Entire home/apt,376.48,3.6,"Basic room, clean but tiny. The host was very friendly."
4802,Darlinghurst,Entire home/apt,520.06,4.8,"Basic room, clean but tiny. The host was very friendly."
4803,Surry Hills,Private room,463.58,4.2,Luxury villa with a pool and ocean views. Incredible experience.
4804,Parramatta,Entire home/apt,625.92,4.3,"A lovely, quiet neighborhood perfect for families. Close to the beach."
4805,Manly,Entire home/apt,769.93,3.2,"Terrible experience, the place was dirty and loud."
4806,Darlinghurst,Entire home/apt,195.4,4.0,A bit outdated but very affordable and cozy.
4807,Parramatta,Shared room,544.22,3.3,Extremely clean and modern apartment with high-speed wifi.
4808,Manly,Entire home/apt,550.8,3.6,Extremely clean and modern apartment with high-speed wifi.
4809,Manly,Entire home/apt,262.79,2.8,A bit outdated but very affordable and cozy.
4810,Newtown,Shared room,771.32,3.6,Luxury villa with a pool and ocean views. Incredible experience.
4811,Parramatta,Shared room,530.82,2.9,A bit outdated but very affordable and cozy.
4812,Parramatta,Entire home/apt,609.84,3.7,"Terrible experience, the place was dirty and loud."
4813,Newtown,Entire home/apt,549.67,4.1,Extremely clean and modern apartment with high-speed wifi.
4814,Parramatta,Entire home/apt,778.67,3.5,"Terrible experience, the place was dirty and loud."
4815,Parramatta,Entire home/apt,208.46,3.4,Extremely clean and modern apartment with high-speed wifi.
4816,Manly,Entire home/apt,630.03,2.7,"Terrible experience, the place was dirty and loud."
4817,Manly,Shared room,726.43,4.3,"Quiet and peaceful, the perfect romantic getaway."
4818,Surry Hills,Private room,697.89,3.8,"A lovely, quiet neighborhood perfect for families. Close to the beach."
4819,Bondi,Entire home/apt,764.06,4.5,"Quiet and peaceful, the perfect romantic getaway."
4820,Newtown,Entire home/apt,277.05,3.5,A bit outdated but very affordable and cozy.
4821,Surry Hills,Private room,55.33,3.8,Extremely clean and modern apartment with high-speed wifi.
4822,Bondi,Shared room,326.65,3.2,"Terrible experience, the place was dirty and loud."
4823,Surry Hills,Entire home/apt,440.95,4.6,A bit outdated but very affordable and cozy.
4824,Manly,Shared room,406.62,3.1,Extremely clean and modern apartment with high-speed wifi.
4825,Bondi,Private room,161.62,4.4,Luxury villa with a pool and ocean views. Incredible experience.
4826,Parramatta,Entire home/apt,57.07,4.8,"Terrible experience, the place was dirty and loud."
4827,Parramatta,Shared room,293.87,4.0,Extremely clean and modern apartment with high-speed wifi.
4828,Parramatta,Private room,144.96,3.5,"Quiet and peaceful, the perfect romantic getaway."
4829,Parramatta,Private room,163.6,4.2,Extremely clean and modern apartment with high-speed wifi.
4830,Parramatta,Shared room,785.95,3.5,"Quiet and peaceful, the perfect romantic getaway."
4831,Manly,Shared room,775.5,2.9,"A lovely, quiet neighborhood perfect for families. Close to the beach."
4832,Darlinghurst,Private room,745.39,2.6,Luxury villa with a pool and ocean views. Incredible experience.
4833,Newtown,Shared room,326.9,3.5,"Very noisy and bustling, great for nightlife but hard to sleep."
4834,Darlinghurst,Shared room,794.27,3.3,"Terrible experience, the place was dirty and loud."
4835,Manly,Private room,614.51,4.7,"Quiet and peaceful, the perfect romantic getaway."
4836,Manly,Shared room,682.21,4.7,"Basic room, clean but tiny. The host was very friendly."
4837,Parramatta,Shared room,642.01,3.5,"Quiet and peaceful, the perfect romantic getaway."
4838,Newtown,Entire home/apt,631.06,2.7,Luxury villa with a pool and ocean views. Incredible experience.
4839,Surry Hills,Private room,403.3,3.1,"Very noisy and bustling, great for nightlife but hard to sleep."
4840,Bondi,Shared room,326.69,3.4,"A lovely, quiet neighborhood perfect for families. Close to the beach."
4841,Newtown,Shared room,68.45,3.5,"A lovely, quiet neighborhood perfect for families. Close to the beach."
4842,Darlinghurst,Shared room,638.14,3.5,"Basic room, clean but tiny. The host was very friendly."
4843,Manly,Private room,697.58,5.0,Luxury villa with a pool and ocean views. Incredible experience.
4844,Surry Hills,Shared room,216.99,3.9,"Terrible experience, the place was dirty and loud."
4845,Bondi,Private room,429.24,2.9,"Basic room, clean but tiny. The host was very friendly."
4846,Parramatta,Shared room,106.81,2.9,Luxury villa with a pool and ocean views. Incredible experience.
4847,Bondi,Shared room,151.32,2.5,Luxury villa with a pool and ocean views. Incredible experience.
4848,Newtown,Shared room,443.54,4.4,"Basic room, clean but tiny. The host was very friendly."
4849,Surry Hills,Private room,599.89,3.7,"Quiet and peaceful, the perfect romantic getaway."
4850,Manly,Entire home/apt,487.55,3.3,"Quiet and peaceful, the perfect romantic getaway."
4851,Newtown,Shared room,654.88,3.8,Luxury villa with a pool and ocean views. Incredible experience.
4852,Manly,Private room,196.2,3.5,Luxury villa with a pool and ocean views. Incredible experience.
4853,Parramatta,Entire home/apt,739.21,3.1,"A lovely, quiet neighborhood perfect for families. Close to the beach."
4854,Newtown,Shared room,446.34,4.3,"Very noisy and bustling, great for nightlife but hard to sleep."
4855,Manly,Entire home/apt,664.45,4.8,"A lovely, quiet neighborhood perfect for families. Close to the beach."
4856,Newtown,Shared room,63.0,3.3,Luxury villa with a pool and ocean views. Incredible experience.
4857,Darlinghurst,Private room,59.07,3.7,Luxury villa with a pool and ocean views. Incredible experience.
4858,Manly,Entire home/apt,133.41,4.1,"Basic room, clean but tiny. The host was very friendly."
4859,Parramatta,Entire home/apt,411.32,2.9,"Basic room, clean but tiny. The host was very friendly."
4860,Newtown,Shared room,386.03,4.7,Luxury villa with a pool and ocean views. Incredible experience.
4861,Darlinghurst,Private room,70.39,2.8,"Very noisy and bustling, great for nightlife but hard to sleep."
4862,Bondi,Shared room,711.25,4.2,"Terrible experience, the place was dirty and loud."
4863,Parramatta,Entire home/apt,737.31,2.9,"Basic room, clean but tiny. The host was very friendly."
4864,Manly,Entire home/apt,536.58,2.9,"Quiet and peaceful, the perfect romantic getaway."
4865,Bondi,Private room,422.31,3.0,Luxury villa with a pool and ocean views. Incredible experience.
4866,Manly,Private room,299.96,3.4,A bit outdated but very affordable and cozy.
4867,Bondi,Private room,762.58,3.0,A bit outdated but very affordable and cozy.
4868,Surry Hills,Shared room,278.19,3.4,"Quiet and peaceful, the perfect romantic getaway."
4869,Bondi,Entire home/apt,263.01,3.8,A bit outdated but very affordable and cozy.
4870,Newtown,Private room,595.48,3.3,"Very noisy and bustling, great for nightlife but hard to sleep."
4871,Parramatta,Shared room,351.1,3.9,A bit outdated but very affordable and cozy.
4872,Bondi,Private room,221.92,3.4,Luxury villa with a pool and ocean views. Incredible experience.
4873,Manly,Private room,368.35,3.7,A bit outdated but very affordable and cozy.
4874,Newtown,Private room,620.12,4.5,"Basic room, clean but tiny. The host was very friendly."
4875,Surry Hills,Shared room,663.56,3.4,A bit outdated but very affordable and cozy.
4876,Surry Hills,Shared room,243.82,4.4,Extremely clean and modern apartment with high-speed wifi.
4877,Parramatta,Shared room,166.17,3.7,"Very noisy and bustling, great for nightlife but hard to sleep."
4878,Newtown,Shared room,715.38,3.3,"A lovely, quiet neighborhood perfect for families. Close to the beach."
4879,Bondi,Shared room,174.61,3.2,"Terrible experience, the place was dirty and loud."
4880,Parramatta,Entire home/apt,240.48,2.9,Luxury villa with a pool and ocean views. Incredible experience.
4881,Parramatta,Shared room,749.74,3.9,"Terrible experience, the place was dirty and loud."
4882,Manly,Shared room,612.28,3.9,Luxury villa with a pool and ocean views. Incredible experience.
4883,Bondi,Entire home/apt,667.19,4.8,"Terrible experience, the place was dirty and loud."
4884,Darlinghurst,Private room,567.06,3.9,"Quiet and peaceful, the perfect romantic getaway."
4885,Bondi,Entire home/apt,784.23,3.9,"Quiet and peaceful, the perfect romantic getaway."
4886,Bondi,Private room,517.83,4.3,"Terrible experience, the place was dirty and loud."
4887,Newtown,Entire home/apt,628.24,3.5,A bit outdated but very affordable and cozy.
4888,Surry Hills,Private room,769.06,2.9,"Very noisy and bustling, great for nightlife but hard to sleep."
4889,Newtown,Shared room,380.86,4.9,Luxury villa with a pool and ocean views. Incredible experience.
4890,Bondi,Shared room,522.57,3.8,A bit outdated but very affordable and cozy.
4891,Surry Hills,Private room,287.26,2.8,"Basic room, clean but tiny. The host was very friendly."
4892,Bondi,Entire home/apt,458.03,4.5,"A lovely, quiet neighborhood perfect for families. Close to the beach."
4893,Parramatta,Entire home/apt,793.4,3.0,"Very noisy and bustling, great for nightlife but hard to sleep."
4894,Parramatta,Shared room,130.98,3.6,"Basic room, clean but tiny. The host was very friendly."
4895,Surry Hills,Private room,581.34,2.8,A bit outdated but very affordable and cozy.
4896,Parramatta,Private room,319.99,4.7,"Basic room, clean but tiny. The host was very friendly."
4897,Newtown,Private room,88.7,4.0,"Terrible experience, the place was dirty and loud."
4898,Bondi,Entire home/apt,373.35,3.5,"Basic room, clean but tiny. The host was very friendly."
4899,Bondi,Private room,111.72,3.7,"Terrible experience, the place was dirty and loud."
4900,Manly,Shared room,598.21,4.6,A bit outdated but very affordable and cozy.
4901,Manly,Shared room,298.37,2.6,"Terrible experience, the place was dirty and loud."
4902,Bondi,Entire home/apt,633.33,4.2,"Quiet and peaceful, the perfect romantic getaway."
4903,Bondi,Entire home/apt,354.57,4.1,"Very noisy and bustling, great for nightlife but hard to sleep."
4904,Bondi,Shared room,364.71,3.8,A bit outdated but very affordable and cozy.
4905,Manly,Entire home/apt,368.8,2.8,"Basic room, clean but tiny. The host was very friendly."
4906,Bondi,Private room,78.93,3.7,"A lovely, quiet neighborhood perfect for families. Close to the beach."
4907,Parramatta,Shared room,688.06,2.6,Extremely clean and modern apartment with high-speed wifi.
4908,Surry Hills,Private room,462.5,3.6,Luxury villa with a pool and ocean views. Incredible experience.
4909,Manly,Private room,716.59,3.2,"A lovely, quiet neighborhood perfect for families. Close to the beach."
4910,Darlinghurst,Shared room,683.5,3.1,"Quiet and peaceful, the perfect romantic getaway."
4911,Manly,Shared room,342.05,4.2,"Terrible experience, the place was dirty and loud."
4912,Parramatta,Shared room,743.55,3.6,"A lovely, quiet neighborhood perfect for families. Close to the beach."
4913,Manly,Entire home/apt,168.05,2.7,"Basic room, clean but tiny. The host was very friendly."
4914,Darlinghurst,Private room,735.97,4.3,"Terrible experience, the place was dirty and loud."
4915,Newtown,Private room,618.19,4.6,"Quiet and peaceful, the perfect romantic getaway."
4916,Manly,Entire home/apt,379.13,4.1,Extremely clean and modern apartment with high-speed wifi.
4917,Parramatta,Entire home/apt,157.41,3.0,"A lovely, quiet neighborhood perfect for families. Close to the beach."
4918,Surry Hills,Private room,731.84,2.5,"Terrible experience, the place was dirty and loud."
4919,Surry Hills,Private room,710.73,3.8,"A lovely, quiet neighborhood perfect for families. Close to the beach."
4920,Manly,Private room,298.09,4.9,A bit outdated but very affordable and cozy.
4921,Manly,Shared room,661.68,3.6,A bit outdated but very affordable and cozy.
4922,Newtown,Shared room,457.29,3.0,Extremely clean and modern apartment with high-speed wifi.
4923,Surry Hills,Private room,695.5,3.9,"Quiet and peaceful, the perfect romantic getaway."
4924,Darlinghurst,Shared room,447.07,4.4,A bit outdated but very affordable and cozy.
4925,Parramatta,Shared room,337.82,2.9,"Basic room, clean but tiny. The host was very friendly."
4926,Manly,Entire home/apt,614.7,2.8,"Quiet and peaceful, the perfect romantic getaway."
4927,Surry Hills,Shared room,292.55,3.0,"Quiet and peaceful, the perfect romantic getaway."
4928,Surry Hills,Shared room,705.84,4.6,"Terrible experience, the place was dirty and loud."
4929,Surry Hills,Shared room,535.52,3.7,"Very noisy and bustling, great for nightlife but hard to sleep."
4930,Manly,Entire home/apt,181.62,3.9,"A lovely, quiet neighborhood perfect for families. Close to the beach."
4931,Surry Hills,Entire home/apt,516.26,3.3,"Terrible experience, the place was dirty and loud."
4932,Newtown,Private room,708.21,2.5,"Quiet and peaceful, the perfect romantic getaway."
4933,Newtown,Shared room,181.28,3.2,"Terrible experience, the place was dirty and loud."
4934,Darlinghurst,Shared room,93.96,5.0,"Very noisy and bustling, great for nightlife but hard to sleep."
4935,Newtown,Shared room,612.85,4.8,Extremely clean and modern apartment with high-speed wifi.
4936,Parramatta,Entire home/apt,381.78,5.0,"Very noisy and bustling, great for nightlife but hard to sleep."
4937,Darlinghurst,Private room,420.46,2.9,"Very noisy and bustling, great for nightlife but hard to sleep."
4938,Darlinghurst,Private room,490.24,3.2,"Basic room, clean but tiny. The host was very friendly."
4939,Bondi,Private room,658.21,3.6,"Basic room, clean but tiny. The host was very friendly."
4940,Newtown,Shared room,364.59,2.6,Luxury villa with a pool and ocean views. Incredible experience.
4941,Manly,Entire home/apt,291.87,2.5,"Quiet and peaceful, the perfect romantic getaway."
4942,Manly,Shared room,699.91,2.7,"Basic room, clean but tiny. The host was very friendly."
4943,Surry Hills,Shared room,605.64,4.4,"Basic room, clean but tiny. The host was very friendly."
4944,Surry Hills,Entire home/apt,738.34,2.6,Extremely clean and modern apartment with high-speed wifi.
4945,Bondi,Private room,558.15,2.6,"Quiet and peaceful, the perfect romantic getaway."
4946,Manly,Private room,362.68,4.3,Luxury villa with a pool and ocean views. Incredible experience.
4947,Surry Hills,Private room,379.27,4.8,Luxury villa with a pool and ocean views. Incredible experience.
4948,Parramatta,Shared room,186.59,3.4,"Basic room, clean but tiny. The host was very friendly."
4949,Parramatta,Entire home/apt,631.47,4.2,Extremely clean and modern apartment with high-speed wifi.
4950,Manly,Shared room,613.2,3.1,"Quiet and peaceful, the perfect romantic getaway."
4951,Bondi,Shared room,768.64,3.7,"Basic room, clean but tiny. The host was very friendly."
4952,Manly,Private room,486.56,3.9,Extremely clean and modern apartment with high-speed wifi.
4953,Newtown,Private room,668.6,4.9,"A lovely, quiet neighborhood perfect for families. Close to the beach."
4954,Bondi,Shared room,458.15,3.2,"A lovely, quiet neighborhood perfect for families. Close to the beach."
4955,Surry Hills,Private room,522.73,3.6,"A lovely, quiet neighborhood perfect for families. Close to the beach."
4956,Manly,Private room,420.56,3.2,A bit outdated but very affordable and cozy.
4957,Newtown,Private room,81.72,2.7,"Terrible experience, the place was dirty and loud."
4958,Surry Hills,Private room,358.35,4.8,A bit outdated but very affordable and cozy.
4959,Bondi,Shared room,620.27,3.3,A bit outdated but very affordable and cozy.
4960,Manly,Private room,363.15,3.2,Luxury villa with a pool and ocean views. Incredible experience.
4961,Parramatta,Private room,583.45,3.6,A bit outdated but very affordable and cozy.
4962,Manly,Shared room,383.02,3.0,"Very noisy and bustling, great for nightlife but hard to sleep."
4963,Newtown,Private room,748.71,2.7,Extremely clean and modern apartment with high-speed wifi.
4964,Newtown,Shared room,169.11,4.4,"Quiet and peaceful, the perfect romantic getaway."
4965,Bondi,Shared room,336.13,4.5,"Quiet and peaceful, the perfect romantic getaway."
4966,Newtown,Private room,113.26,3.2,"Basic room, clean but tiny. The host was very friendly."
4967,Surry Hills,Private room,581.54,4.9,"Terrible experience, the place was dirty and loud."
4968,Darlinghurst,Entire home/apt,59.57,4.7,"Very noisy and bustling, great for nightlife but hard to sleep."
4969,Surry Hills,Private room,56.37,4.8,"Very noisy and bustling, great for nightlife but hard to sleep."
4970,Newtown,Entire home/apt,308.34,3.2,"A lovely, quiet neighborhood perfect for families. Close to the beach."
4971,Parramatta,Private room,499.19,3.2,Extremely clean and modern apartment with high-speed wifi.
4972,Parramatta,Private room,323.18,4.2,A bit outdated but very affordable and cozy.
4973,Darlinghurst,Shared room,278.4,4.2,"Terrible experience, the place was dirty and loud."
4974,Darlinghurst,Entire home/apt,165.53,4.8,Extremely clean and modern apartment with high-speed wifi.
4975,Bondi,Private room,507.04,2.7,Luxury villa with a pool and ocean views. Incredible experience.
4976,Bondi,Entire home/apt,451.15,3.7,Extremely clean and modern apartment with high-speed wifi.
4977,Bondi,Entire home/apt,685.53,3.9,Extremely clean and modern apartment with high-speed wifi.
4978,Surry Hills,Entire home/apt,121.44,4.6,"Quiet and peaceful, the perfect romantic getaway."
4979,Parramatta,Shared room,87.09,3.7,"Quiet and peaceful, the perfect romantic getaway."
4980,Surry Hills,Entire home/apt,667.47,3.0,"Very noisy and bustling, great for nightlife but hard to sleep."
4981,Manly,Private room,487.53,3.6,"Terrible experience, the place was dirty and loud."
4982,Manly,Shared room,693.18,4.8,"Very noisy and bustling, great for nightlife but hard to sleep."
4983,Parramatta,Shared room,418.61,3.9,Extremely clean and modern apartment with high-speed wifi.
4984,Bondi,Entire home/apt,619.35,3.6,Extremely clean and modern apartment with high-speed wifi.
4985,Parramatta,Entire home/apt,747.2,2.6,"Quiet and peaceful, the perfect romantic getaway."
4986,Newtown,Shared room,457.89,3.1,"Terrible experience, the place was dirty and loud."
4987,Bondi,Private room,317.08,3.3,"Terrible experience, the place was dirty and loud."
4988,Parramatta,Shared room,609.99,4.3,Extremely clean and modern apartment with high-speed wifi.
4989,Darlinghurst,Private room,270.61,3.8,"A lovely, quiet neighborhood perfect for families. Close to the beach."
4990,Manly,Private room,655.7,4.6,Luxury villa with a pool and ocean views. Incredible experience.
4991,Darlinghurst,Shared room,462.67,4.3,"A lovely, quiet neighborhood perfect for families. Close to the beach."
4992,Newtown,Entire home/apt,301.46,3.0,"A lovely, quiet neighborhood perfect for families. Close to the beach."
4993,Parramatta,Entire home/apt,562.68,5.0,"A lovely, quiet neighborhood perfect for families. Close to the beach."
4994,Newtown,Shared room,277.39,3.5,"Very noisy and bustling, great for nightlife but hard to sleep."
4995,Bondi,Entire home/apt,560.85,5.0,"Quiet and peaceful, the perfect romantic getaway."
4996,Parramatta,Shared room,432.89,4.0,Extremely clean and modern apartment with high-speed wifi.
4997,Manly,Entire home/apt,746.61,4.0,A bit outdated but very affordable and cozy.
4998,Parramatta,Private room,75.65,4.6,Luxury villa with a pool and ocean views. Incredible experience.
4999,Surry Hills,Private room,492.31,3.0,"Basic room, clean but tiny. The host was very friendly."
5000,Parramatta,Entire home/apt,323.61,3.1,"Terrible experience, the place was dirty and loud."
